step,time,theta,theta_dot,tau_m,direction,closure_total,nfev,cond_A,pair0_norm,pair1_norm,pair2_norm,pair3_norm,pair0_ex,pair0_ey,pair0_ez,pair1_ex,pair1_ey,pair1_ez,pair2_ex,pair2_ey,pair2_ez,pair3_ex,pair3_ey,pair3_ez
0,0.0,0.09,0.0,0.0,fwd,7.482688558594525e-07,7,7.626094211554767e+17,1.5140428779639346e-08,5.303595173516316e-07,5.25993299061772e-07,4.155574283105093e-08,-7.18175008044715e-12,1.4861586149217398e-08,-2.8923674011416267e-09,-3.853083288832341e-08,-4.140432744298428e-07,3.291880305567041e-07,-3.9326091773842925e-08,4.045957878312523e-07,-3.338033217822889e-07,-4.031322462672491e-08,8.111591121018336e-09,5.993811134918925e-09
1,0.001,0.08831663326653307,0.0,0.0,fwd,7.336354637246712e-07,3,5.681326869878612e+17,3.3157475638095193e-10,5.179656869397915e-07,5.180450269220696e-07,3.951937407141313e-08,-7.298931905811057e-12,3.2550256934271715e-10,-6.274250563542694e-11,-3.7777148085083866e-08,-3.9759662991828426e-07,3.298154935826858e-07,-3.8558769129172634e-08,3.975229908650957e-07,-3.2993839269718217e-07,-3.9519374071026206e-08,-1.372651992070928e-13,-1.0835256303298735e-13
2,0.002,0.08663326653306613,0.0,0.0,fwd,7.19314645716222e-07,3,1.381353360834416e+18,3.1774228275371585e-10,5.078545184959945e-07,5.079345530704533e-07,3.872643053544006e-08,-7.299041276187515e-12,3.1191187133128295e-10,-6.014870546078299e-11,-3.702449555875772e-08,-3.896371997894055e-07,3.2361744579934015e-07,-3.7792398392067927e-08,3.8956897330938434e-07,-3.2373640490579447e-07,-3.872643053465879e-08,-2.09651740412653e-13,-1.286783180010076e-13
3,0.003,0.08494989979959919,0.0,0.0,fwd,7.050064180073524e-07,3,4.698571628079608e+17,3.0113152861509303e-10,4.977518165977618e-07,4.978333284174257e-07,3.7935009447945766e-08,-7.299172665635422e-12,2.9559516119548324e-10,-5.70124572552011e-11,-3.6273186524014587e-08,-3.816895396344111e-07,3.174180558812578e-07,-3.702731522482365e-08,3.816285378543949e-07,-3.1753213995677765e-07,-3.793500942116787e-08,1.0171030684347215e-12,9.985692828173853e-13
4,0.004,0.08326653306613226,0.0,0.0,fwd,6.907108234154971e-07,3,8.142868372027429e+17,2.877838305385455e-10,4.876584680103425e-07,4.877405232775178e-07,3.71451113144094e-08,-7.299278247392325e-12,2.824833578857211e-10,-5.44922579281959e-11,-3.5523216237666125e-08,-3.737568930531343e-07,3.1121482520213295e-07,-3.626351515744471e-08,3.7370122620006274e-07,-3.113248609604158e-07,-3.714511131428799e-08,-9.389711230767261e-14,1.423514084386568e-14
5,0.005,0.08158316633266532,0.0,0.0,fwd,6.764279029908233e-07,3,2.0338408387217137e+18,2.7621937502353304e-10,4.775743402889043e-07,4.77656329184052e-07,3.6356737139821335e-08,-7.299369717977373e-12,2.7112225312042604e-10,-5.2312390530495634e-11,-3.477458013654161e-08,-3.6583865888756284e-07,3.0500828634982824e-07,-3.5500993910653005e-08,3.657871463780271e-07,-3.051147518320918e-07,-3.635673711184089e-08,9.995199112822206e-13,1.0176026687958029e-12
6,0.006,0.07989979959919839,0.0,0.0,fwd,6.621576971174535e-07,3,3.4852935111259584e+17,2.661640476071839e-10,4.6749933352996066e-07,4.675809034276753e-07,3.556988764939526e-08,-7.299449258923922e-12,2.6124390324622215e-10,-5.041469325339776e-11,-3.4027273651679676e-08,-3.5793519015392405e-07,2.9879787674658154e-07,-3.4739747194677726e-08,3.5788701405886636e-07,-2.989012150914072e-07,-3.556988764927943e-08,-8.522349492778858e-14,3.1264921207529994e-14
7,0.007,0.07821643286573146,0.0,0.0,fwd,6.479002454336049e-07,3,7.716498719545172e+17,2.569263922566992e-10,4.574334586681334e-07,4.575142916086405e-07,3.478456391141575e-08,-7.299522333303315e-12,2.521685308481958e-10,-4.867155289911551e-11,-3.3281292252060825e-08,-3.500457971261639e-07,2.9258445722463167e-07,-3.397977076357506e-08,3.50000409980733e-07,-2.9268483940636525e-07,-3.4784563886461014e-08,9.040129755888415e-13,9.585613552909322e-13
8,0.008,0.07653306613226453,0.0,0.0,fwd,6.336555868097117e-07,3,4.2120138327068883e+17,2.4849704664812055e-10,4.4737667023996525e-07,4.474565942440903e-07,3.4000766709867244e-08,-7.299589010122266e-12,2.4388658974305866e-10,-4.7083219267829435e-11,-3.2536631408435906e-08,-3.421708967277226e-07,2.863674739284061e-07,-3.32210603672781e-08,3.42127867959674e-07,-2.8646515817104534e-07,-3.400076670973988e-08,-7.6216810640517e-14,5.340693165489796e-14
9,0.009000000000000001,0.0748496993987976,0.0,0.0,fwd,6.19423759388374e-07,3,2.7792713645932534e+17,2.404818615077806e-10,4.373289965771453e-07,4.374078372236553e-07,3.321849712813734e-08,-7.299652417711678e-12,2.360117639516046e-10,-4.5570693052443545e-11,-3.1793286626668304e-08,-3.343100773087193e-07,2.801474797003989e-07,-3.246361179525005e-08,3.342691125146624e-07,-2.802425563552813e-07,-3.3218497106256316e-08,8.197748035954078e-13,8.841261056602434e-13
10,0.01,0.07316633266533065,0.0,0.0,fwd,6.052048005236155e-07,3,2.442063464390143e+18,2.3300283402197265e-10,4.272904315812563e-07,4.2736807947028075e-07,3.2437756018199175e-08,-7.299711581613085e-12,2.286631682613116e-10,-4.416095961135014e-11,-3.105125341957292e-08,-3.2646369314826007e-07,2.739240581584035e-07,-3.170742083970341e-08,3.264245428263868e-07,-2.740166649209397e-07,-3.24377560180849e-08,-6.590561429931086e-14,5.541227199312715e-14
11,0.011,0.07148296593186372,0.0,0.0,fwd,5.909987468676109e-07,3,1.731282651936968e+17,2.2576280513780706e-10,4.172610003700243e-07,4.173373479109581e-07,3.165854448797017e-08,-7.299768860416198e-12,2.215494957630293e-10,-4.2794608134943957e-11,-3.031052733325539e-08,-3.1863150604799495e-07,2.676975489543376e-07,-3.0952483329296185e-08,3.185939919381209e-07,-2.6778774064178945e-07,-3.1658544467886514e-08,7.576994587310537e-13,8.351826175090338e-13
12,0.012,0.06979959919839679,0.0,0.0,fwd,5.768056342614995e-07,3,3.2584659709024966e+17,2.1889632097722653e-10,4.0724071140235036e-07,4.0731568475663853e-07,3.0880863458615914e-08,-7.299823183206674e-12,2.1480240329496691e-10,-4.149987298252e-11,-2.957110392420225e-08,-3.108137293927893e-07,2.614677273721222e-07,-3.019879510044465e-08,3.1077770179521735e-07,-2.615555770579814e-07,-3.088086345843041e-08,-8.464062783986037e-14,6.552397513459596e-14
13,0.013000000000000001,0.06811623246492986,0.0,0.0,fwd,5.626254978367898e-07,3,1.4077861212972347e+17,2.1214634563900324e-10,3.972295853588018e-07,3.9730311918854157e-07,3.010471406197875e-08,-7.299876586304658e-12,2.0816959267477841e-10,-4.022691207916651e-11,-2.8832978778745764e-08,-3.0301032357543667e-07,2.55234689307271e-07,-2.9446352020793803e-08,3.0297566049053426e-07,-2.553202499214202e-07,-3.010471404459574e-08,6.593892099004961e-13,7.821937542118462e-13
14,0.014,0.06643286573146293,0.0,0.0,fwd,5.484583719633479e-07,3,2.0098290429817466e+17,2.0568453963636977e-10,3.872276368906118e-07,3.872996851175514e-07,2.9330097281023946e-08,-7.299927708025277e-12,2.0181940146857258e-10,-3.9009871721784606e-11,-2.8096147495092312e-08,-2.952214477325299e-07,2.4899828526825374e-07,-2.869514996853812e-08,2.9518803713185493e-07,-2.4908162757353303e-07,-2.933009728080788e-08,-5.906386491005833e-14,9.584347204771859e-14
15,0.015,0.064749498997996,0.0,0.0,fwd,5.3430429029957e-07,3,3.3217344526651923e+17,1.9930774346117923e-10,3.772348934603103e-07,3.773054028238022e-07,2.8557014285588755e-08,-7.299978168636682e-12,1.9555334088150467e-10,-3.7804467889479554e-11,-2.7360605700470147e-08,-2.8744701698751873e-07,2.4275867548800845e-07,-2.7945184852152926e-08,2.8741478117627617e-07,-2.4283981799738674e-07,-2.855701427082553e-08,5.783429291028597e-13,7.132367613182922e-13
16,0.016,0.06306613226452906,0.0,0.0,fwd,5.201632857357897e-07,3,2.0102315446381414e+17,1.931570901037134e-10,3.672513723246767e-07,3.6732030153006603e-07,2.7785466116197065e-08,-7.300026831791232e-12,1.895083638625561e-10,-3.66462971079784e-11,-2.6626349034809095e-08,-2.796871855781369e-07,2.365157209041624e-07,-2.71964525913272e-08,2.796560520448854e-07,-2.3659469444020642e-07,-2.7785466115942455e-08,-5.6690763194922056e-14,1.0457086585535791e-13
17,0.017,0.06138276553106212,0.0,0.0,fwd,5.060353904634516e-07,3,4.237971149818786e+17,1.8708626891489297e-10,3.572770953244591e-07,3.5734440502625716e-07,2.701545396941343e-08,-7.300074873964753e-12,1.8354231329231752e-10,-3.5499297945662533e-11,-2.5893373164358388e-08,-2.7194196168534024e-07,2.3026946290027883e-07,-2.6448949132795762e-08,2.7191187592506827e-07,-2.3034627981421973e-07,-2.7015453956717344e-08,5.004885395010206e-13,6.59918300560669e-13
18,0.018000000000000002,0.059699398797595185,0.0,0.0,fwd,4.919206359265942e-07,3,3.3619737005152896e+17,1.8115138542098748e-10,3.4731207663176626e-07,3.473777436114094e-07,2.6246978945708854e-08,-7.300121838632956e-12,1.777092188681717e-10,-3.437973516984272e-11,-2.5161673771224427e-08,-2.6421144273119923e-07,2.2401982563424738e-07,-2.5702670438510938e-08,2.641823468735316e-07,-2.2409452712923716e-07,-2.6246978945342592e-08,-5.172251515972448e-14,1.2865229714886794e-13
19,0.019,0.05801603206412825,0.0,0.0,fwd,4.778190528882126e-07,3,3.4191511036890144e+17,1.7527485641358477e-10,3.373563424821216e-07,3.374203346192235e-07,2.548004227331657e-08,-7.300168345321032e-12,1.719332783783889e-10,-3.3270566857090955e-11,-2.4431246560253063e-08,-2.5649565885826897e-07,2.177668317060455e-07,-2.495761249338237e-08,2.5646750979185784e-07,-2.1783942759368013e-07,-2.548004226306221e-08,3.9998560019682827e-13,6.021416004697855e-13
20,0.02,0.05633266533066132,0.0,0.0,fwd,4.637306713682506e-07,3,5.622805225284262e+17,1.6955087344111958e-10,3.2740990625033526e-07,3.274722071057234e-07,2.4714645103715736e-08,-7.300213646310647e-12,1.6630686064389444e-10,-3.2190583532099026e-11,-2.3702087252379562e-08,-2.4879471809124976e-07,2.1151039222844226e-07,-2.4213771297802435e-08,2.487674786583183e-07,-2.1158090950795794e-07,-2.471464510311324e-08,-3.5887959271008185e-14,1.687990025533992e-13
21,0.021,0.05464929859719438,0.0,0.0,fwd,4.496555206864241e-07,3,3.910266563733121e+17,1.638495885365177e-10,3.17472796020516e-07,3.175333745364866e-07,2.395078870264336e-08,-7.300258771885033e-12,1.6070251726563178e-10,-3.111422230972494e-11,-2.2974191592889032e-08,-2.4110859872528145e-07,2.0525059404169488e-07,-2.3471142877170907e-08,2.410822360493503e-07,-2.0531903189430212e-07,-2.395078869471792e-08,3.084338340286763e-13,5.333945091168246e-13
22,0.022,0.05296593186372745,0.0,0.0,fwd,4.3559362947243944e-07,3,6.948700022727498e+17,1.582764238299807e-10,3.075450242364019e-07,3.076038649206157e-07,2.31884742679872e-08,-7.300302887134401e-12,1.5522381990873413e-10,-3.0061564348926595e-11,-2.2247555340896723e-08,-2.3343747731358055e-07,1.98987266927797e-07,-2.2729723269391887e-08,2.33411960245955e-07,-1.9905364655875557e-07,-2.318847426707291e-08,-2.045585922871851e-14,2.0489859808847655e-13
23,0.023,0.05128256513026052,0.0,0.0,fwd,4.2154502562321896e-07,3,1.68140849124563e+18,1.5272455875157591e-10,2.9762661288028253e-07,2.9768369579457245e-07,2.2427703100950196e-08,-7.300346841738677e-12,1.4976604158223328e-10,-2.901083540063354e-11,-2.1522174280123346e-08,-2.2578126903510798e-07,1.927205626334194e-07,-2.1989508538328152e-08,2.2575658059631465e-07,-1.9278488160023866e-07,-2.2427703094833467e-08,2.1932455851469967e-13,4.756733201771723e-13
24,0.024,0.04959919839679358,0.0,0.0,fwd,4.07509736406688e-07,3,6.542233271841772e+17,1.4730401976063054e-10,2.8771757864545127e-07,2.8777288898502794e-07,2.166847644352196e-08,-7.30038975184545e-12,1.444362077857031e-10,-2.7988576734028214e-11,-2.0798044207288126e-08,-2.1814022574395686e-07,1.864502301718307e-07,-2.125049475882119e-08,2.1811633033747002e-07,-1.8651251579293593e-07,-2.1668476442121723e-08,-1.0283440765590512e-14,2.461225667715894e-13
25,0.025,0.04791583166332665,0.0,0.0,fwd,3.9348778833724996e-07,3,5.566511459884578e+17,1.4189273857724288e-10,2.7781794787380305e-07,2.7787145571673797e-07,2.0910795633857418e-08,-7.300432597101263e-12,1.391153719998428e-10,-2.6966019694985022e-11,-2.0075160944617255e-08,-2.1051419612366784e-07,1.8017650597196289e-07,-2.0512678033314828e-08,2.1049107477855156e-07,-1.8023674259320943e-07,-2.091079562911574e-08,1.4276080317898732e-13,4.218101562480925e-13
26,0.026000000000000002,0.04623246492985972,0.0,0.0,fwd,3.79479207299765e-07,3,8.015726469811699e+17,1.3657243276505483e-10,2.6792772128773326e-07,2.6797943183696394e-07,2.0154661960184944e-08,-7.300474727911254e-12,1.3388363161170869e-10,-2.5959692728783068e-11,-1.9353520326656835e-08,-2.029034354908421e-07,1.7389911141640901e-07,-1.9776054474093514e-08,2.0288107518279253e-07,-1.739573306583364e-07,-2.015466195832148e-08,-4.260480856999038e-15,2.7403773694700817e-13
27,0.027,0.044549098196392786,0.0,0.0,fwd,3.6548401844561427e-07,3,5.580745187344584e+17,1.3128634305895552e-10,2.580469366370205e-07,2.580968151990475e-07,1.9400076788726335e-08,-7.30051659285878e-12,1.286849897474962e-10,-2.4959562194837304e-11,-1.863311821146324e-08,-1.953078330521607e-07,1.6761825306910172e-07,-1.9040620218957742e-08,1.952862095574992e-07,-1.6767443798693105e-07,-1.9400076785138833e-08,5.6690763194922056e-14,3.687571081822938e-13
28,0.028,0.04286573146292585,0.0,0.0,fwd,3.515022463327294e-07,3,3.416379258921035e+17,1.2606110791374563e-10,2.481755915263584e-07,2.4822364291287823e-07,1.8647041458469385e-08,-7.300557978597415e-12,1.2354532674674346e-10,-2.397200493664542e-11,-1.791395047174628e-08,-1.877275817643853e-07,1.613337213754451e-07,-1.8306371418371385e-08,1.877066923214321e-07,-1.6138789088460115e-07,-1.864704145564148e-08,-2.123301534595612e-15,3.247454388732862e-13
29,0.029,0.041182364729458916,0.0,0.0,fwd,3.3753391478051893e-07,3,4.843808775049318e+17,1.2088430685798463e-10,2.383137187735305e-07,2.3835991585261453e-07,1.789555735684412e-08,-7.300598989391622e-12,1.184528673064955e-10,-2.2992066583960025e-11,-1.7196013000637483e-08,-1.801626711636639e-07,1.55045598491943e-07,-1.7573304244351865e-08,1.8014249068831756e-07,-1.5509774824867817e-07,-1.7895557353960667e-08,-1.6431300764452317e-14,3.2083016798800656e-13
30,0.03,0.039498997995991984,0.0,0.0,fwd,3.2357904697474934e-07,3,3.373038751917113e+17,1.1576768811681186e-10,2.2846132394734624e-07,2.285056612264549e-07,1.7145625874133293e-08,-7.300639526217956e-12,1.1341852283741627e-10,-2.202491661273953e-11,-1.6479301708001282e-08,-1.7261319952555088e-07,1.4875379828610535e-07,-1.684141488474638e-08,1.7259372275812979e-07,-1.488039341607239e-07,-1.7145625871279877e-08,-6.140921104957897e-14,3.0671819251093524e-13
31,0.031,0.037815631262525046,0.0,0.0,fwd,3.0963766544693366e-07,3,7.367398985663212e+17,1.1068874088204459e-10,2.1861842747095044e-07,2.186608904802214e-07,1.6397248426344704e-08,-7.300679779685299e-12,1.0842104471164848e-10,-2.1061208332895376e-11,-1.576381252265497e-08,-1.6507920637398588e-07,1.4245832607312492e-07,-1.6110699546639487e-08,1.650604146002932e-07,-1.4250645570534903e-07,-1.6397248423657277e-08,-8.179568133925841e-14,2.853810937564205e-13
32,0.032,0.036132264529058114,0.0,0.0,fwd,2.957097920552375e-07,3,2.146533559145386e+17,1.056571815145963e-10,2.087850399019383e-07,2.0882562395254996e-07,1.565042644422212e-08,-7.300719660061098e-12,1.0346872837685428e-10,-2.0108748000069454e-11,-1.5049541390424797e-08,-1.5756075156386773e-07,1.3615914863651657e-07,-1.5381154453749753e-08,1.5754264191120138e-07,-1.362052762798882e-07,-1.5650426441445218e-08,-1.326577736548984e-13,2.6328939028985587e-13
33,0.033,0.03444889779559118,0.0,0.0,fwd,2.817954480716258e-07,3,3.082407223650756e+17,1.0066405103556251e-10,1.9896118245073043e-07,1.98999870509472e-07,1.4905161376439532e-08,-7.300759246754693e-12,9.855329226315934e-11,-1.916242858834849e-11,-1.4336484275119993e-08,-1.500578976146305e-07,1.298562463045161e-07,-1.4652775847677033e-08,1.500404592374993e-07,-1.2990036649118686e-07,-1.4905161373563806e-08,-1.5487611193520934e-13,2.4847485180501394e-13
34,0.034,0.032765531062124244,0.0,0.0,fwd,2.6789465404838294e-07,3,5.863876190738862e+17,9.571718276582741e-11,1.8914686537933649e-07,1.891836489345138e-07,1.416145468931429e-08,-7.300798478223846e-12,9.368219915095732e-11,-1.8224241560282906e-11,-1.3624637157702207e-08,-1.4257070231338265e-07,1.2354958837251795e-07,-1.3925559987015257e-08,1.42553922694022e-07,-1.235917105948947e-07,-1.4161454685926191e-08,-2.0584922655331184e-13,2.3148843952824905e-13
35,0.035,0.031082164328657312,0.0,0.0,fwd,2.5400742994129297e-07,3,2.6645255975722698e+17,9.081044421077697e-11,1.7934209889187435e-07,1.793769772304351e-07,1.3419307864909445e-08,-7.30083739840839e-12,8.8848785967377e-11,-1.7295311016685133e-11,-1.2913996036740522e-08,-1.3509921890225707e-07,1.1723914957600945e-07,-1.3199503147782457e-08,1.3508309969906263e-07,-1.1727927887172918e-07,-1.3419307861395818e-08,-2.2218338280310945e-13,2.1197973931741387e-13
36,0.036000000000000004,0.02939879759519038,0.0,0.0,fwd,2.401337950516323e-07,3,3.059931249509141e+17,8.594704369393962e-11,1.6954690576314238e-07,1.6957985989900978e-07,1.2678722403356419e-08,-7.300875997726266e-12,8.405716400705643e-11,-1.6370238498097933e-11,-1.2204556927819191e-08,-1.2764352147476288e-07,1.1092490013325795e-07,-1.2474601622812228e-08,1.2762804704746777e-07,-1.1096303350471848e-07,-1.2678722398920359e-08,-2.707140067670366e-13,1.9799266393061288e-13
37,0.037,0.027715430861723442,0.0,0.0,fwd,2.2627376809136578e-07,3,4.113053120729489e+17,8.112006709283959e-11,1.597612943110643e-07,1.597923150656218e-07,1.1939699821286907e-08,-7.300914319429094e-12,7.929910374182558e-11,-1.5453610613391788e-11,-1.149631586392558e-08,-1.2020364566212027e-07,1.046068327167915e-07,-1.1750851722322962e-08,1.2018880955061428e-07,-1.046429715587105e-07,-1.1939699816133668e-08,-3.002598170098736e-13,1.8138442137161093e-13
38,0.038,0.02603206412825651,0.0,0.0,fwd,2.12427367117413e-07,3,4.561360518584613e+17,7.632542974037867e-11,1.4998527508189485e-07,1.5001435769777347e-07,1.1202241650569059e-08,-7.300952402639207e-12,7.457061877713667e-11,-1.4542700377262463e-11,-1.0789268894785777e-08,-1.1277965814709967e-07,9.82849079275705e-08,-1.1028249772945346e-08,1.1276545459903975e-07,-9.831905955354214e-08,-1.120224164455795e-08,-3.308048279748732e-13,1.5888332316471576e-13
39,0.039,0.02434869739478958,0.0,0.0,fwd,1.9859460956284616e-07,3,3.02955216095149e+17,7.158938091760382e-11,1.402188650657487e-07,1.4024599542039643e-07,1.0466349439768936e-08,-7.30099004168642e-12,6.989714883276488e-11,-1.3642711960137888e-11,-1.0083412086599971e-08,-1.0537161302531795e-07,9.195911096493425e-08,-1.0306792117670877e-08,1.053580366769391e-07,-9.199126792952539e-08,-1.0466349432220456e-08,-3.6955161153429117e-13,1.4642974333067826e-13
40,0.04,0.022665330661322647,0.0,0.0,fwd,1.8477551227110225e-07,3,3.523379301235222e+17,6.686631999683978e-11,1.30462069098468e-07,1.3048724721096223e-07,9.73202475311813e-09,-7.301027609424045e-12,6.523372467204247e-11,-1.2742092103668057e-11,-9.378741523396621e-09,-9.797956354584691e-08,8.562940971568178e-08,-9.586475117176625e-09,9.796661139954699e-08,-8.56595834125562e-08,-9.732024743982712e-09,-4.022060462460786e-13,1.266590998749706e-13
41,0.041,0.020981963927855715,0.0,0.0,fwd,1.7097009148215248e-07,3,8.475475364269193e+17,6.219564596468771e-11,1.207149063165961e-07,1.20738116850045e-07,8.999269170189435e-09,-7.301064792714591e-12,6.061818408342745e-11,-1.1850256886880572e-11,-8.675253304509623e-09,-9.060356575413264e-08,7.929579093346462e-08,-8.867295147222433e-09,9.059123446536477e-08,-7.932396973997502e-08,-8.999269158657248e-09,-4.41591208044656e-13,1.1207007544200565e-13
42,0.042,0.01929859719438877,0.0,0.0,fwd,1.571783628014491e-07,3,4.8166065177275354e+17,5.7558094316774255e-11,1.1097738173457794e-07,1.1099862136794252e-07,8.268084286195928e-09,-7.301101748444443e-12,5.603029151757255e-11,-1.0965152397179878e-11,-7.972943546633156e-09,-8.324367671563859e-08,7.295821896624588e-08,-8.149248600794463e-09,8.323195575116182e-08,-7.298441775244191e-08,-8.26808427135687e-09,-4.874017855982515e-13,8.843446808182165e-14
43,0.043000000000000003,0.017615230460921838,0.0,0.0,fwd,1.434003412697346e-07,3,4.2031885885021805e+17,5.296277866585675e-11,1.0124950885424866e-07,1.0126876849388773e-07,7.53847171018204e-09,-7.30113841634191e-12,5.1478193235920955e-11,-1.0086868840186725e-11,-7.271808382519105e-09,-7.589994251849808e-08,6.66166838844684e-08,-7.43233188675185e-09,7.588883180198458e-08,-6.664089677310692e-08,-7.538471691965208e-09,-5.188210971951435e-13,7.401891599645438e-14
44,0.044,0.015931863727454906,0.0,0.0,fwd,1.2963604128651564e-07,3,1.183816018096461e+18,4.840404709710856e-11,9.153129949624976e-08,9.15485667362319e-08,6.810433066768309e-09,-7.301174857313958e-12,4.695505616270079e-11,-9.212346163689489e-12,-6.5718439612686814e-09,-6.857243641661404e-08,6.027114250045651e-08,-6.716541430029941e-09,6.85619262821846e-08,-6.02933695123542e-08,-6.810433043864741e-09,-5.557637683395455e-13,5.5615234639816435e-14
45,0.045,0.014248496993987975,0.0,0.0,fwd,1.1588547674145372e-07,3,2.045740238468445e+17,4.3889812683043374e-11,8.1822758914565e-08,8.18380304381424e-08,6.0839699944199815e-09,-7.301211016832839e-12,4.246571844168656e-11,-8.346899560418564e-12,-5.8730464481849025e-09,-6.126118708843498e-08,5.392159269090868e-08,-6.001873671774544e-09,6.125128038103611e-08,-5.394183339585412e-08,-6.083969967543855e-09,-5.704187122645976e-13,4.0615080743044985e-14
46,0.046,0.012565130260521043,0.0,0.0,fwd,1.0214866085781416e-07,3,9.706803265246845e+17,3.941892095053049e-11,7.212389505225579e-08,7.21371703129246e-08,5.359084150179839e-09,-7.301246942014761e-12,3.800701767198156e-11,-7.483964836740853e-12,-5.1754120245436836e-09,-5.396626850950881e-08,4.7567985148044833e-08,-5.288325068714226e-09,5.395696135723771e-08,-4.75862509535796e-08,-5.359084114929562e-09,-6.142031327982522e-13,2.3935714521527984e-14
47,0.047,0.010881763527054111,0.0,0.0,fwd,8.842560636786514e-08,3,3.3189077316261434e+17,3.499822553946567e-11,6.24347258465501e-08,6.244598637911704e-08,4.635777200653623e-09,-7.301282603848846e-12,3.3580051933546073e-11,-6.62926658012708e-12,-4.478936887767982e-09,-4.668772114746478e-08,4.1210324069895776e-08,-4.575892093722746e-09,4.667900489752075e-08,-4.122660461625127e-08,-4.635777154682564e-09,-6.528388940552077e-13,4.954370247389761e-15
48,0.048,0.009198396793587166,0.0,0.0,fwd,7.471632535027808e-08,3,4.1681294753667117e+17,3.063250862222404e-11,5.27552505613383e-08,5.276449639505814e-08,3.914050828021305e-09,-7.30131803150479e-12,2.9183076094563276e-11,-5.7783569595848405e-12,-3.783617251066246e-09,-3.9425591819020056e-08,3.484857833552235e-08,-3.864571235186421e-09,3.941747083596736e-08,-3.48628765578507e-08,-3.914050768044968e-09,-6.850631173449528e-13,-1.376156133492401e-14
49,0.049,0.007515030060120234,0.0,0.0,fwd,6.102082945541698e-08,3,8.96577036535493e+17,2.63322526204876e-11,4.3085484335291554e-08,4.3092701626182257e-08,3.1939067284019974e-09,-7.301353227417815e-12,2.4813744808893645e-11,-4.935163389063746e-12,-3.089449343428499e-09,-3.217994171134109e-08,2.8482724845346752e-08,-3.154358997074224e-09,3.217240672481747e-08,-2.849503813462384e-08,-3.1939066498086826e-09,-7.081141228937327e-13,-2.477532068390076e-14
50,0.05,0.0058316633266533024,0.0,0.0,fwd,4.7339129758342095e-08,3,5.8054999160729e+17,2.2117426501319312e-11,3.3425427986254006e-08,3.343061680774733e-08,2.47534661934538e-09,-7.301388214484278e-12,2.047235644897505e-11,-4.093031469309949e-12,-2.396429409505872e-09,-2.49508195077075e-08,2.2112733165380316e-08,-2.4452518988310273e-09,2.4943870240157207e-08,-2.2123069876034407e-08,-2.475346508241856e-09,-7.40102423790745e-13,-4.78315304031085e-14
51,0.051000000000000004,0.004148296593186371,0.0,0.0,fwd,3.3671237094003674e-08,3,4.276426516177854e+17,1.8032327967586657e-11,2.377509555597623e-08,2.3778243010349344e-08,1.7583722361118072e-09,-7.30142293502653e-12,1.6162390870100296e-11,-3.260551550976487e-12,-1.7045537095756142e-09,-1.7738267049649536e-08,1.5738600554759952e-08,-1.737246475407621e-09,1.7731899427941844e-08,-1.5746953928308383e-08,-1.7583720658646544e-09,-7.717992911437932e-13,-5.515032874825465e-14
52,0.052000000000000005,0.002464929859719439,0.0,0.0,fwd,2.001716285546785e-08,3,3.160671222597426e+17,1.415194902874908e-11,1.4134489028195741e-08,1.4135593723740727e-08,1.0429853756484125e-09,-7.301457469539172e-12,1.1877018465944467e-11,-2.429570433726269e-12,-1.013818519387011e-09,-1.0542352407716393e-08,9.360275519953998e-09,-1.0303392768583987e-09,1.0536566105723288e-08,-9.366652849174262e-09,-1.0429850558569954e-09,-8.127942763280771e-13,-8.0255246892591e-14
53,0.053,0.0007815631262525075,0.0,0.0,fwd,6.376931174402284e-09,3,4.3977444965037126e+17,1.0676570481544172e-11,4.503629910999883e-09,4.502675858466502e-09,3.2918832336001007e-10,-7.301491753674168e-12,7.622352402036903e-12,-1.605340860244553e-12,-3.242201302291194e-10,-3.363095107955516e-09,2.977776851487146e-09,-3.2452686888321997e-10,3.3578866770467286e-09,-2.982175256738273e-09,-3.291872283119796e-10,-8.441580767737378e-13,-9.137829382055429e-14
54,0.054,-0.0009018036072144242,0.0,0.0,fwd,7.249546214465887e-09,3,3.2903654856700864e+17,8.09019700923375e-12,5.117545400716705e-09,5.1205350396901224e-09,3.8302068259822307e-10,-7.301525820227576e-12,3.3938060695071215e-12,-7.880918140301674e-13,3.6424515154303963e-10,3.799418619998551e-09,-3.4089609191045867e-09,3.8019416834914465e-10,-3.804055272171869e-09,3.406537094075013e-09,3.830196595085351e-10,-8.789913241713521e-13,-1.0536710393083126e-13
55,0.055,-0.0025851703406813697,0.0,0.0,fwd,2.0862104803796867e-08,3,3.321628182454609e+18,7.346236439212991e-12,1.4728919982533137e-08,1.4733982598934124e-08,1.0936342166634258e-09,-7.3015596831225e-12,-8.08538999641506e-13,2.609024107869118e-14,1.0515810039931157e-09,1.0945164989617506e-08,-9.799929825970999e-09,1.083827238943011e-09,-1.094923065408926e-08,9.799485181649636e-09,1.0936338331102024e-09,-9.079681451140686e-13,-1.2053032183434453e-13
56,0.056,-0.004268537074148301,0.0,0.0,fwd,3.446082759399415e-08,3,2.040094361585202e+17,8.879642446179622e-12,2.4330556520228173e-08,2.4337687204682172e-08,1.8026537543219301e-09,-7.301593328065258e-12,-4.9836506449407736e-12,8.354705816060459e-13,1.7377910902519908e-09,1.8074093013908943e-08,-1.6195160525145358e-08,1.7863757324316897e-09,-1.8077584658382495e-08,1.61966914255518e-08,1.8026535080749968e-09,-9.327261185632096e-13,-1.3348350202946335e-13
57,0.057,-0.005951903807615233,0.0,0.0,fwd,4.804569544860321e-08,3,3.966588700471453e+17,1.1808090317559555e-11,3.3922434947906455e-08,3.3931646467341e-08,2.5100770763812113e-09,-7.301626776972829e-12,-9.13353420672891e-12,1.6418880144364323e-12,2.4228790582336267e-09,2.5186151990375105e-08,-2.2594667463404772e-08,2.487843023298146e-09,-2.5189075721077092e-08,2.2598179869048884e-08,2.5100768873303793e-09,-9.61800084020581e-13,-1.5493509253339255e-13
58,0.058,-0.007635270541082165,0.0,0.0,fwd,6.161670039009745e-08,3,9.573552545274687e+17,1.5326937170208143e-11,4.350455771144203e-08,4.351584725921877e-08,3.2159023138434846e-09,-7.301659973438111e-12,-1.3253172864713392e-11,2.440117552460208e-12,3.1068485409641104e-09,3.228130916743677e-08,-2.8998467412055806e-08,3.1882324713042027e-09,-3.228365818425116e-08,2.9003957499607047e-08,3.2159021615771817e-09,-9.765521724602877e-13,-1.6029018390373295e-13
59,0.059000000000000004,-0.009318637274549096,0.0,0.0,fwd,7.517383598985639e-08,3,2.8570014193660035e+17,1.910198582164374e-11,5.307691109718061e-08,5.3090294406380854e-08,3.920127647125464e-09,-7.30169300827892e-12,-1.7352390357938674e-11,3.2350719325613397e-12,3.789703156503145e-09,3.9359475970113245e-08,-3.540661368955922e-08,3.887547421688589e-09,-3.93612642132779e-08,3.541408215290698e-08,3.920127512866256e-09,-1.0107470416187425e-12,-1.7611606617506936e-13
60,0.06,-0.011002004008016028,0.0,0.0,fwd,8.871709652822392e-08,3,4.580249091222724e+17,2.2988718015163658e-11,6.263949838577502e-08,6.265497666562155e-08,4.622751229079337e-09,-7.301725816564884e-12,-2.142355390311046e-11,4.024586219841808e-12,4.471446507955088e-09,4.642064685422831e-08,-4.181909216832702e-08,4.58579120456364e-09,-4.6421870798785125e-08,4.182853728662561e-08,4.622751106774351e-09,-1.0460521338018225e-12,-1.911699964995961e-13
61,0.061,-0.012685370741482974,0.0,0.0,fwd,1.0224647694407858e-07,3,3.669665547049602e+17,2.692882620480013e-11,7.219231436925036e-08,7.220989217846942e-08,5.323771210285056e-09,-7.30175843246849e-12,-2.546932283131742e-11,4.812442111479243e-12,5.152082183721233e-09,5.3464763866140075e-08,-4.8235933990115054e-08,5.282967135807566e-09,-5.346542281819966e-08,4.824735588132567e-08,5.3237711009699454e-09,-1.0601103328511385e-12,-2.002582127902386e-13
62,0.062,-0.014368737474949905,0.0,0.0,fwd,1.1576197270260578e-07,3,1.1183010239159114e+18,3.0889695853375117e-11,8.173535622172716e-08,8.175503743887397e-08,6.023185743542884e-09,-7.301790826661223e-12,-2.948856610285322e-11,5.592998286729767e-12,5.831613757542773e-09,6.049177699030128e-08,-5.4657164710869566e-08,5.979078516805237e-09,-6.049187345480433e-08,5.467055892022232e-08,6.023185641468384e-09,-1.0870887523495298e-12,-2.1878159006671893e-13
63,0.063,-0.016052104208416837,0.0,0.0,fwd,1.2926357977011375e-07,3,2.4910388585783408e+17,3.485989047737744e-11,9.126861519086201e-08,9.129041556816628e-08,6.72099295539374e-09,-7.301823050626803e-12,-3.348590155161091e-11,6.371007887917557e-12,6.5100447882152946e-09,6.750166148955516e-08,-6.108277279121e-08,6.674128634066933e-09,-6.750119872778182e-08,6.109815178789724e-08,6.7209928612210885e-09,-1.1023681967259336e-12,-2.25059554326279e-13
64,0.064,-0.01773547094188377,0.0,0.0,fwd,1.427512946822573e-07,3,3.622641173594043e+17,3.882602114808928e-11,1.007920981102989e-07,1.0081601491101842e-07,7.417190976774252e-09,-7.301855065084078e-12,-3.7458565763093254e-11,7.141336133553722e-12,7.187378820580391e-09,7.449432747747009e-08,-6.751284174766337e-08,7.368120760779108e-09,-7.449330598208181e-08,6.753019341637634e-08,7.417190888264096e-09,-1.1195766536076235e-12,-2.440114083013256e-13
65,0.065,-0.0194188376753507,0.0,0.0,fwd,1.5622511442600964e-07,3,3.091708078744507e+17,4.277642487693894e-11,1.1030579766852273e-07,1.1033183859324542e-07,8.11177791499762e-09,-7.301886841339805e-12,-4.139974474348662e-11,7.909874144562679e-12,7.863619384219298e-09,8.146980295248296e-08,-7.394730350968048e-08,8.061058154380364e-09,-8.146821704746454e-08,7.396663815467663e-08,8.111777830330859e-09,-1.144667693964152e-12,-2.516580693834314e-13
66,0.066,-0.021102204408817632,0.0,0.0,fwd,1.6968503651584068e-07,3,5.559664672866914e+18,4.672042980670223e-11,1.1980971061595396e-07,1.1983788641776433e-07,8.80475187770806e-09,-7.301918475241059e-12,-4.532378292121386e-11,8.673825546701153e-12,8.538769994950765e-09,8.842795411190263e-08,-8.038627430373424e-08,8.752944059683617e-09,-8.842581598889065e-08,8.040758706778783e-08,8.804751797057873e-09,-1.1632639296266234e-12,-2.588953357252066e-13
67,0.067,-0.022785571142284564,0.0,0.0,fwd,1.831310589799996e-07,3,5.542055198257797e+17,5.065319364581446e-11,1.2930384092925812e-07,1.293341516965166e-07,9.496110955207334e-09,-7.301949952811793e-12,-4.9228222193109517e-11,9.434494852023079e-12,9.21283415370789e-09,9.536878307903063e-08,-8.682973096779678e-08,9.44378170610677e-09,-9.536609182903e-08,8.685301555733105e-08,9.496110878038082e-09,-1.1803058530546195e-12,-2.6924643070636023e-13
68,0.068,-0.02446893787575151,0.0,0.0,fwd,1.9656318024979785e-07,3,2.1640479061170554e+17,5.4557982710761625e-11,1.3878818647077106e-07,1.388206344297064e-07,1.0185853230306214e-08,-7.301981155546806e-12,-5.309844230971805e-11,1.0188717924908275e-11,9.885815347418932e-09,1.0229226461017094e-07,-9.327767128142206e-08,1.0133574309447731e-08,-1.0228901185099781e-07,9.330293280346291e-08,1.0185853155035913e-08,-1.2059658827112685e-12,-2.8112408234637343e-13
69,0.069,-0.02615230460921844,0.0,0.0,fwd,2.0998139934213373e-07,3,9.08386633504714e+17,5.845119561575657e-11,1.4826273930922334e-07,1.4829734122633995e-07,1.0873976773110108e-08,-7.302012226409378e-12,-5.695201775457459e-11,1.0940318095897794e-11,1.0557717048460356e-08,1.0919833345196528e-07,-9.973012809333381e-08,1.0822325071305063e-08,-1.0919453870966711e-07,9.975736268985624e-08,1.0873976701361903e-08,-1.2159023787816636e-12,-2.8628314996392845e-13
70,0.07,-0.027835671342685372,0.0,0.0,fwd,2.2338571572225484e-07,3,1.8276877593736675e+17,6.232627833921047e-11,1.5772750910310568e-07,1.5776426175320732e-07,1.1560479651566543e-08,-7.302043116642173e-12,-6.078384844065976e-11,1.1686270007249533e-11,1.1228542715353053e-08,1.1608694542447617e-07,-1.061871369723022e-07,1.1510037179728272e-08,-1.160825948767763e-07,1.0621634759927501e-07,1.1560479581706517e-08,-1.2355116929541055e-12,-2.978953889121172e-13
71,0.07100000000000001,-0.029519038076152304,0.0,0.0,fwd,2.3677612929597673e-07,3,5.0994003548796275e+17,6.61758105463234e-11,1.6718249119836742e-07,1.6722140061134715e-07,1.2245359914446753e-08,-7.302073780690701e-12,-6.458675087805954e-11,1.2428565121513913e-11,1.1898295792283785e-08,1.2295807791384838e-07,-1.1264868839122588e-07,1.219671380837e-08,-1.2295317484978252e-07,1.1267987304330873e-07,1.2245359847365057e-08,-1.2448375663609568e-12,-3.053824554344331e-13
72,0.07200000000000001,-0.031202404809619236,0.0,0.0,fwd,2.5015264050220196e-07,3,3.0833589368338624e+17,7.000440178897825e-11,1.7662768446131792e-07,1.7666875963186686e-07,1.2928615609506773e-08,-7.302104255321487e-12,-6.83663455708361e-11,1.3165801782122344e-11,1.2566979709419064e-08,1.2981167088477186e-07,-1.191148187307256e-07,1.2882358117389844e-08,-1.2980621694191896e-07,1.191479816128882e-07,1.2928615543931606e-08,-1.2641832025650501e-12,-3.121426728203147e-13
73,0.073,-0.03288577154308617,0.0,0.0,fwd,2.6351525019110143e-07,3,8.389237491814495e+17,7.381757671394154e-11,1.8606309435353732e-07,1.8610633463458746e-07,1.3610244770383585e-08,-7.30213459339468e-12,-7.21280569992988e-11,1.3901685358419513e-11,1.323459788285722e-08,1.3664767738175154e-07,-1.2558555954195194e-07,1.3566973253034853e-08,-1.3664167192867227e-07,1.2562069304222767e-07,1.3610244706717717e-08,-1.275493599628419e-12,-3.257793340649684e-13
74,0.074,-0.03456913827655311,0.0,0.0,fwd,2.7686395971541665e-07,3,3.137520371304336e+17,7.760522917462151e-11,1.9548871512726398e-07,1.955341333642718e-07,1.4290245417867051e-08,-7.302164710895199e-12,-7.586286807081954e-11,1.4631310052415358e-11,1.3901153714524422e-08,1.434661153348893e-07,-1.3206085498068676e-07,1.425056234721417e-08,-1.4345955759442752e-07,1.3209797166541248e-07,1.4290245356620319e-08,-1.283792516737492e-12,-3.1990382565183495e-13
75,0.075,-0.03625250501002003,0.0,0.0,fwd,2.901987708860395e-07,3,4.61975000866179e+17,8.137928129263537e-11,2.0490455408509443e-07,2.0495215115695122e-07,1.4968615584196536e-08,-7.302194706131806e-12,-7.958273103014779e-11,1.5357548566186097e-11,1.4566650593375513e-08,1.502667922453904e-07,-1.3854089693510208e-07,1.4933128520376286e-08,-1.5025969518633886e-07,1.3857997668842437e-07,1.496861552236788e-08,-1.3185980085594906e-12,-3.3507918661968006e-13
76,0.076,-0.037935871743486976,0.0,0.0,fwd,3.0351968595187877e-07,3,5.055450629610622e+17,8.513362458543469e-11,2.143106095691356e-07,2.1436039293718247e-07,1.5645353256329923e-08,-7.30222453971747e-12,-8.328123954348676e-11,1.6082496445690708e-11,1.5231091892803324e-08,1.5704985476677757e-07,-1.4502549545297727e-07,1.561467487562508e-08,-1.5704221325435475e-07,1.450665476424029e-07,1.564535319705495e-08,-1.3185841307716828e-12,-3.407222420870326e-13
77,0.077,-0.03961923847695392,0.0,0.0,fwd,3.1682670758706247e-07,3,5.865357154077765e+17,8.885235649934722e-11,2.2370688674334176e-07,2.2375885741302917e-07,1.632045644380366e-08,-7.302254077132769e-12,-8.694378897389221e-11,1.679868744108859e-11,1.5894480974083513e-08,1.638151815447353e-07,-1.5151476148028697e-07,1.6295204505843576e-08,-1.6380698582979525e-07,1.5155779087283605e-07,1.6320456387163847e-08,-1.3148371280635729e-12,-3.46379175342193e-13
78,0.078,-0.04130260521042084,0.0,0.0,fwd,3.301198389868131e-07,3,1.994561842168172e+17,9.255714444697417e-11,2.3309338039495276e-07,2.3314755439063554e-07,1.6993923136637193e-08,-7.302283495513469e-12,-9.059154294777105e-11,1.751210981781881e-11,1.6556821183628557e-08,1.705627383774555e-07,-1.5800869575255394e-07,1.6974720488643297e-08,-1.7055400234472495e-07,1.5805370374294414e-07,1.6993923081690966e-08,-1.3214568328479004e-12,-3.482179822267284e-13
79,0.079,-0.042985971943887785,0.0,0.0,fwd,3.4339908375497336e-07,3,6.91496202158201e+17,9.624667100311074e-11,2.4247010671856864e-07,2.425264728610996e-07,1.7665751322086198e-08,-7.302312788559763e-12,-9.422308419604342e-11,1.822383910443648e-11,1.7218115854890484e-08,1.7729244004838218e-07,-1.6450738536677445e-07,1.7653225889403125e-08,-1.7728315596099442e-07,1.64554356571478e-07,1.7665751267779134e-08,-1.3397893905420233e-12,-3.5173079726558143e-13
80,0.08,-0.0446693386773547,0.0,0.0,fwd,3.5666444590908504e-07,3,3.248144142766273e+17,9.990466674887582e-11,2.5183705549208974e-07,2.518956288185286e-07,1.833593896925943e-08,-7.302341818575857e-12,-9.782334144115001e-11,1.8926492317827837e-11,1.7878368307277674e-08,1.8400427916759332e-07,-1.710107941435557e-07,1.833072375909352e-08,-1.839944583567621e-07,1.7105973131731345e-07,1.8335938916336918e-08,-1.3432727152817847e-12,-3.6930528080070246e-13
81,0.081,-0.04635270541082165,0.0,0.0,fwd,3.699159299225715e-07,3,2.844783086655983e+17,1.0354978487760023e-10,2.6119423244680366e-07,2.612550229395261e-07,1.9004484031818615e-08,-7.302370752453712e-12,-1.0140920568557643e-10,1.963176843311487e-11,1.8537581845534485e-08,1.906983652447125e-07,-1.775187838393144e-07,1.9007217133651237e-08,-1.9068799427673921e-07,1.7756970897842006e-07,1.9004483981731734e-08,-1.3330170300918098e-12,-3.5611270876589884e-13
82,0.082,-0.048036072144288566,0.0,0.0,fwd,3.8315354072650653e-07,3,3.2146685860268576e+17,1.0718579416209251e-10,2.7054165108062906e-07,2.7060464878648484e-07,1.9671384500705658e-08,-7.302399603745854e-12,-1.0498592793728445e-10,2.0332839578696138e-11,1.919575976384966e-08,1.9737430829308567e-07,-1.840317641124689e-07,1.9682709041735545e-08,-1.97363403210693e-07,1.8408463809543862e-07,1.967138445028378e-08,-1.3581635815995696e-12,-3.729985070810571e-13
83,0.083,-0.04971943887775551,0.0,0.0,fwd,3.9637728365469246e-07,3,6.531852643546967e+17,1.1076708818949494e-10,2.7987929943022576e-07,2.7994452597195036e-07,2.033663828932224e-08,-7.302428018842498e-12,-1.0850806017592696e-10,2.102434892847782e-11,1.9852905339347166e-08,2.0403246223099636e-07,-1.9054930793654945e-07,2.0357202490653966e-08,-2.040210094200745e-07,1.906041700583394e-07,2.0336638241241034e-08,-1.3498091533392653e-12,-3.655617475395445e-13
84,0.084,-0.05140280561122246,0.0,0.0,fwd,4.095871644709127e-07,3,3.9833584757792346e+17,1.1434953376373207e-10,2.8920719581571615e-07,2.8927464439588796e-07,2.1000243368808916e-08,-7.302456440106601e-12,-1.1203073364829397e-10,2.1716461962029143e-11,2.0509021838230222e-08,2.106724827158346e-07,-1.970717817476042e-07,2.1030700481299495e-08,-2.106604947565982e-07,1.9712860136605892e-07,2.100024332106196e-08,-1.3642420526593924e-12,-3.797882147660303e-13
85,0.085,-0.053086172344689375,0.0,0.0,fwd,4.2278318934882935e-07,3,4.083835035363804e+17,1.1791070741001144e-10,2.9852533340074126e-07,2.985950197241e-07,2.166219764875604e-08,-7.302484687967178e-12,-1.1553212726778117e-10,2.2403932875558752e-11,2.1164112511118976e-08,2.172945954698191e-07,-2.0359890422899651e-07,2.1703205995760625e-08,-2.1728206711646436e-07,2.0365770293101493e-07,2.166219760374878e-08,-1.3459650061165007e-12,-3.718744062686241e-13
86,0.08600000000000001,-0.05476953907815632,0.0,0.0,fwd,4.3596536490809616e-07,3,1.3168538698008003e+18,1.214574296074866e-10,3.078337285268212e-07,3.0790564506600895e-07,2.2322499082819583e-08,-7.302512817587249e-12,-1.190189474753467e-10,2.3088322920195026e-11,2.1818180597785067e-08,2.238985075675437e-07,-2.1013098230188154e-07,2.2374722008774822e-08,-2.2388544360096851e-07,2.101917368074746e-07,2.232249903788878e-08,-1.3649081864741675e-12,-3.7810206354738085e-13
87,0.08700000000000001,-0.05645290581162324,0.0,0.0,fwd,4.4913369812816076e-07,3,2.7674896936817888e+17,1.2496558202475452e-10,3.171323757853294e-07,3.172065358008456e-07,2.2981145573287293e-08,-7.302540642460748e-12,-1.2246711630914398e-10,2.376709939966304e-11,2.247122932258371e-08,2.3048436240125092e-07,-2.1666782482054892e-07,2.304525147720181e-08,-2.3047075560500563e-07,2.1673055518312e-07,2.298114552950545e-08,-1.3674616994308053e-12,-3.7730929491885945e-13
88,0.088,-0.058136272545090184,0.0,0.0,fwd,4.622881964679889e-07,3,1.3898819133492864e+18,1.2847102163949482e-10,3.264212872508539e-07,3.26497690482019e-07,2.363813504119507e-08,-7.30256844404084e-12,-1.2591221641711225e-10,2.4445646895632223e-11,2.3123261897269897e-08,2.3705203432144994e-07,-2.2320955300747514e-07,2.3714797347188034e-08,-2.3703789256424024e-07,2.2327424339940727e-07,2.363813499816684e-08,-1.3743867155469047e-12,-3.811499726946721e-13
89,0.089,-0.0598196392785571,0.0,0.0,fwd,4.7542886773746594e-07,3,1.5087461923591987e+18,1.3195235505635526e-10,3.357004636275928e-07,3.357791195509584e-07,2.4293465386957758e-08,-7.302596054270896e-12,-1.2933310845897328e-10,2.5120572288983567e-11,2.3774281520269472e-08,2.4360154610852947e-07,-2.2975611319725475e-07,2.438336255094488e-08,-2.435868739839031e-07,2.298227655822549e-07,2.4293465345490218e-08,-1.3668788323428771e-12,-3.82652243224868e-13
90,0.09,-0.06150300601202405,0.0,0.0,fwd,4.885557201996482e-07,3,1.0142670948194295e+18,1.3541951054993529e-10,3.4496991330181335e-07,3.4505082639759977e-07,2.4947134509317905e-08,-7.302623540198867e-12,-1.327406483342397e-10,2.5788288171568752e-11,2.442429137657558e-08,2.501328837667405e-07,-2.3630750206615758e-07,2.505095000778162e-08,-2.5011767171984056e-07,2.3637612611010494e-07,2.494713446930713e-08,-1.3609530169489403e-12,-3.796251507592885e-13
91,0.091,-0.06318637274549099,0.0,0.0,fwd,5.016687624502727e-07,3,1.8452897043631786e+17,1.3885240961487854e-10,3.542296452556601e-07,3.543128142980037e-07,2.559914031123021e-08,-7.30265076407602e-12,-1.361132491439765e-10,2.645460933647925e-11,2.5073294639161755e-08,2.5664589307222707e-07,-2.428638652476889e-07,2.57175626260782e-08,-2.5663014960319863e-07,2.429344431384428e-07,2.5599140271583533e-08,-1.3719442248927294e-12,-3.842013512889153e-13
92,0.092,-0.06486973947895791,0.0,0.0,fwd,5.147680035584405e-07,3,7.02366759407157e+17,1.422907818862082e-10,3.6347965860094007e-07,3.635650970445534e-07,2.6249480665425798e-08,-7.302678025963776e-12,-1.394913282104504e-10,2.7120229673105456e-11,2.5721294465605915e-08,2.631406705935757e-07,-2.4942506832159594e-07,2.6383203297532208e-08,-2.631243938427952e-07,2.494976146932837e-07,2.6249480626881123e-08,-1.3692519340580134e-12,-3.856220898157403e-13
93,0.093,-0.06655310621242486,0.0,0.0,fwd,5.278534529155394e-07,3,9.7099638404511e+17,1.4566614142390924e-10,3.7271996794731625e-07,3.7280767343243064e-07,2.689815345860111e-08,-7.30270479093436e-12,-1.428068965164675e-10,2.7775629019011205e-11,2.6368294003054185e-08,2.696171099020317e-07,-2.5599121396269187e-07,2.704787490502266e-08,-2.696002952828902e-07,2.560657232364427e-07,2.6898153421533126e-08,-1.3594264602900807e-12,-3.82204684568066e-13
94,0.094,-0.06823647294589177,0.0,0.0,fwd,5.409251203173471e-07,3,2.3654844737158762e+17,1.4907835315554187e-10,3.819505778951095e-07,3.8204055277090294e-07,2.7545156562920587e-08,-7.30273184466377e-12,-1.461586268680648e-10,2.84373219416878e-11,2.7014296382794433e-08,2.760751726810229e-07,-2.6256231788757134e-07,2.7711580315277987e-08,-2.760578314969786e-07,2.6263877464516305e-07,2.7545156526626677e-08,-1.3619938510345264e-12,-3.800206677118112e-13
95,0.095,-0.06991983967935872,0.0,0.0,fwd,5.539830159973175e-07,3,3.017700900274291e+17,1.5239901397921727e-10,3.911714918976706e-07,3.9126374622432223e-07,2.8190487847577592e-08,-7.302758174232948e-12,-1.4941996945294633e-10,2.908267376922069e-11,2.7659304726245295e-08,2.825148190457871e-07,-2.691383955422122e-07,2.8374322385667696e-08,-2.824969405623712e-07,2.692168187753974e-07,2.8190487811765575e-08,-1.3673229215527272e-12,-3.8670976143517777e-13
96,0.096,-0.07160320641282567,0.0,0.0,fwd,5.670271504815059e-07,3,2.2616289420699728e+17,1.5575248620084882e-10,4.0038271793076215e-07,4.004772607524463e-07,2.8834145156952054e-08,-7.302784758335528e-12,-1.52713760040446e-10,2.973236934433743e-11,2.8303322137532384e-08,2.8893616049741055e-07,-2.757193100430544e-07,2.9036103955326268e-08,-2.889177469142523e-07,2.757997037070026e-07,2.8834145122841776e-08,-1.3496287420977637e-12,-3.815541632645747e-13
97,0.097,-0.07328657314629258,0.0,0.0,fwd,5.800575347491422e-07,3,3.820336325585024e+17,1.590972460461331e-10,4.0958427109568484e-07,4.096810968947124e-07,2.9476126364913552e-08,-7.302811279916489e-12,-1.5599816056977023e-10,3.0383820459611854e-11,2.8946351711982017e-08,2.95338958199165e-07,-2.823053021488997e-07,2.9696927857265295e-08,-2.95320020535228e-07,2.8238763977866954e-07,2.9476126331534148e-08,-1.3507528429101967e-12,-3.784941110529516e-13
98,0.098,-0.07496993987975953,0.0,0.0,fwd,5.930741801200134e-07,3,4.6878415586712877e+17,1.623929792176624e-10,4.187761548876948e-07,4.1887526727689913e-07,3.0116429315743394e-08,-7.302837404344876e-12,-1.5923488916325113e-10,3.1022545643466515e-11,2.958839653052288e-08,3.017232328220154e-07,-2.8889632304462953e-07,3.035679690876512e-08,-3.0170376444371705e-07,2.8898060996929154e-07,3.011642928280119e-08,-1.3558598688234724e-12,-3.818993732362941e-13
99,0.099,-0.07665330661322645,0.0,0.0,fwd,6.060770982794568e-07,3,3.9877481858951644e+18,1.656842019560355e-10,4.27958371855773e-07,4.280597859556821e-07,3.075505184068042e-08,-7.302863502515242e-12,-1.6246615858195312e-10,3.166496925777196e-11,3.0229459659709754e-08,3.080890604648112e-07,-2.954922649275882e-07,3.101571391252192e-08,-3.080690634191252e-07,2.9557851411593505e-07,3.075505180891521e-08,-1.3456180614213054e-12,-3.7840910960262875e-13
100,0.1,-0.07833667334669339,0.0,0.0,fwd,6.190663013084128e-07,3,4.455605473338718e+17,1.689419519647353e-10,4.371309419744323e-07,4.3723465015308414e-07,3.139199178693615e-08,-7.302889331223251e-12,-1.6566466948253478e-10,3.229966294426845e-11,3.0869544155462175e-08,3.1443629903982195e-07,-3.020932728831083e-07,3.167368166240928e-08,-3.1441576954505113e-07,3.021814703879633e-07,3.139199175638323e-08,-1.3324202852160738e-12,-3.780083884796781e-13
101,0.101,-0.08002004008016031,0.0,0.0,fwd,6.320418016033074e-07,3,2.906256395765699e+17,1.721894188012028e-10,4.4629386231380357e-07,4.4639988041774004e-07,3.202724697525278e-08,-7.302915075227966e-12,-1.6885319184534175e-10,3.293118555625085e-11,3.15086530588531e-08,3.2076502796268835e-07,-3.086992276593592e-07,3.2330702936208924e-08,-3.207439698074688e-07,3.087893856931756e-07,3.202724694616441e-08,-1.3128942377704789e-12,-3.735640269342255e-13
102,0.10200000000000001,-0.08170340681362726,0.0,0.0,fwd,6.450036119840761e-07,3,3.519703079962594e+17,1.754280679436845e-10,4.5544714730679226e-07,4.5555548054602454e-07,3.26608152391106e-08,-7.302940752184729e-12,-1.7203261211407028e-10,3.356269429044545e-11,3.214678939954264e-08,3.2707513163837687e-07,-3.153102379957473e-07,3.298678050192912e-08,-3.2705354387901897e-07,3.154023582724319e-07,3.266081521093423e-08,-1.3061079995324576e-12,-3.6689054572214275e-13
103,0.10300000000000001,-0.0833867735470942,0.0,0.0,fwd,6.579517455601117e-07,3,4.550984574703709e+17,1.786282775419683e-10,4.645908136452476e-07,4.6470145249704767e-07,3.3292694410597124e-08,-7.302966123891994e-12,-1.7517415296097738e-10,3.4186903308253136e-11,3.278395619511728e-08,3.333664379823187e-07,-3.2192647354128967e-07,3.364191711614282e-08,-3.3334432916753975e-07,3.220205266399323e-07,3.329269438257133e-08,-1.3145040611561853e-12,-3.7173562839054597e-13
104,0.10400000000000001,-0.08507014028056112,0.0,0.0,fwd,6.70886215839352e-07,3,8.058977978826397e+17,1.8182525196296162e-10,4.7372485746394385e-07,4.7383781932396373e-07,3.392288227583521e-08,-7.302991467223655e-12,-1.7831261467371462e-10,3.4809481685993404e-11,3.342015644704001e-08,3.396392385182634e-07,-3.2854759378364573e-07,3.429611551656741e-08,-3.3961659700459945e-07,3.286436101937462e-07,3.392288224897843e-08,-1.300098917411674e-12,-3.6312793050274905e-13
105,0.105,-0.08675350701402806,0.0,0.0,fwd,6.83807036678619e-07,3,2.5498089957880128e+17,1.8499587932820054e-10,4.828493030530337e-07,4.829645764430754e-07,3.455137667415217e-08,-7.303016608432079e-12,-1.814244848102886e-10,3.5430179623485714e-11,3.405539314834818e-08,3.4589316707384077e-07,-3.3517397964033524e-07,3.494937843708271e-08,-3.4587000127817014e-07,3.352719273388982e-07,3.4551376647347885e-08,-1.3099937801186456e-12,-3.6900690836283445e-13
106,0.106,-0.08843687374749498,0.0,0.0,fwd,6.96714222261879e-07,3,8.22232933140516e+17,1.8814079090417747e-10,4.919641438410904e-07,4.920817505829287e-07,3.51781753785072e-08,-7.303041538914587e-12,-1.8451153972753875e-10,3.604323089989592e-11,3.4689669275416725e-08,3.5212853962546253e-07,-3.418052621773082e-07,3.5601708590725624e-08,-3.5210484582853807e-07,3.419051698150266e-07,3.517817535336809e-08,-1.2805173588148477e-12,-3.5912592344367056e-13
107,0.107,-0.09012024048096193,0.0,0.0,fwd,7.096077871198984e-07,3,1.82020548355146e+17,1.9127548155065598e-10,5.01069404593729e-07,5.011893376233303e-07,3.5803276214090206e-08,-7.30306639321707e-12,-1.8758802497464977e-10,3.665662218210741e-11,3.5322987795081965e-08,3.5834504866910644e-07,-3.4844176105552904e-07,3.6253108685426706e-08,-3.5832082719705616e-07,3.485436114100682e-07,3.580327618934097e-08,-1.2823353490176714e-12,-3.5752477367534397e-13
108,0.108,-0.09180360721442885,0.0,0.0,fwd,7.224877461450811e-07,3,5.436769831595585e+17,1.944197447542928e-10,5.101650888782536e-07,5.102873551498597e-07,3.642667696574168e-08,-7.30309131514984e-12,-1.9067449875953546e-10,3.726845221319053e-11,3.59553516594988e-08,3.6454275469804953e-07,-3.5508338541018203e-07,3.690358141223737e-08,-3.6451801587594757e-07,3.551871712303978e-07,3.6426676941418174e-08,-1.2805589921782712e-12,-3.636171225229745e-13
109,0.109,-0.09348697394789579,0.0,0.0,fwd,7.353541145122606e-07,3,4.799761750358896e+17,1.975159774474402e-10,5.192511965374788e-07,5.193758249013526e-07,3.704837540278668e-08,-7.30311587301726e-12,-1.9371225110087487e-10,3.7878616909736706e-11,3.6586763808493526e-08,3.70721865025625e-07,-3.617298890215559e-07,3.7553129449333386e-08,-3.7069659471200556e-07,3.6183565969849507e-07,3.704837538098564e-08,-1.224922940856743e-12,-3.3904302976228706e-13
110,0.11,-0.09517034068136274,0.0,0.0,fwd,7.482069078266368e-07,3,5.980714239187613e+17,2.0061938451619982e-10,5.283277797450077e-07,5.284547168584093e-07,3.76683693723129e-08,-7.303140473686315e-12,-1.9675815490782789e-10,3.848415336404898e-11,3.721722717271392e-08,3.7688165875626733e-07,-3.683820518768366e-07,3.8201755472059957e-08,-3.768558781841458e-07,3.684897023348288e-07,3.766836934904156e-08,-1.275118899357608e-12,-3.5673373977029854e-13
111,0.111,-0.09685370741482965,0.0,0.0,fwd,7.610461419089616e-07,3,1.0898962764911512e+18,2.0366961476011253e-10,5.373947945212275e-07,5.375240974903827e-07,3.8286656576938427e-08,-7.303164656979885e-12,-1.9975140118366763e-10,3.9081370084570466e-11,3.784674466349947e-08,3.8302297012543507e-07,-3.7503892258428095e-07,3.884946212651561e-08,-3.829966609830704e-07,3.7514854704656653e-07,3.828665655544792e-08,-1.2363582380103821e-12,-3.420787958452465e-13
112,0.112,-0.0985370741482966,0.0,0.0,fwd,7.738718330055017e-07,3,3.4585921236072704e+17,2.0673909858861302e-10,5.464522945897004e-07,5.465839361290638e-07,3.890323484687386e-08,-7.303188990860031e-12,-2.0276363400795194e-10,3.9681570529470633e-11,3.847531918576155e-08,3.891451593115991e-07,-3.817011986623209e-07,3.949625206239177e-08,-3.8911833336041646e-07,3.8181273937648585e-07,3.89032348252846e-08,-1.2487233469471448e-12,-3.470938814142954e-13
113,0.113,-0.10022044088176352,0.0,0.0,fwd,7.866839976254236e-07,3,6.4344911215172e+17,2.0975365966792983e-10,5.555002700252306e-07,5.556342661729888e-07,3.951810192329318e-08,-7.303212897862042e-12,-2.0572109814265271e-10,4.027518596405599e-11,3.910295362878198e-08,3.952485361988223e-07,-3.883685152639149e-07,4.014212790783395e-08,-3.952211855354215e-07,3.88481996772827e-07,3.951810190304646e-08,-1.2189971254628063e-12,-3.380386248696965e-13
114,0.114,-0.10190380761523046,0.0,0.0,fwd,7.994826526185945e-07,3,5.329650256819269e+17,2.1278034059124123e-10,5.645387360154454e-07,5.646750963392179e-07,4.0131255586751855e-08,-7.303236897428872e-12,-2.0869068972917404e-10,4.0869696515954956e-11,3.972965087005991e-08,4.013329173921387e-07,-3.9504104688142805e-07,4.0787092282706586e-08,-4.013050477480462e-07,3.9515647050347713e-07,4.01312555672761e-08,-1.2054940379258028e-12,-3.315975966033946e-13
115,0.115,-0.10358717434869738,0.0,0.0,fwd,8.122678151726998e-07,3,2.3762480342914698e+17,2.1577414237135446e-10,5.735677152958107e-07,5.737064283194107e-07,4.074269360608735e-08,-7.30326063174204e-12,-2.1162835026067306e-10,4.145581100623019e-11,4.035541377568647e-08,4.073982137822729e-07,-4.01718881826163e-07,4.14311477952507e-08,-4.0736982449829373e-07,4.018362253152552e-07,4.074269358665953e-08,-1.21287702103956e-12,-3.3468366966715735e-13
116,0.116,-0.10527054108216433,0.0,0.0,fwd,8.250395027466643e-07,3,5.549017000892372e+17,2.1876674324104482e-10,5.825872016120856e-07,5.827282931445675e-07,4.135241371665162e-08,-7.303284364969947e-12,-2.145639881045991e-10,4.204574882704648e-11,4.098024519664143e-08,4.1344464414561077e-07,-4.0840175466461126e-07,4.2074297036733253e-08,-4.134157375948466e-07,4.0852104605387796e-07,4.135241369835691e-08,-1.1864675908412892e-12,-3.2458584431349635e-13
117,0.117,-0.10695390781563127,0.0,0.0,fwd,8.377977331341038e-07,3,1.4471814742455532e+18,2.2173475199005972e-10,5.915972270433195e-07,5.917406840121332e-07,4.196041369970807e-08,-7.303307900839178e-12,-2.1747564860064017e-10,4.2629851038089583e-11,4.160414797503557e-08,4.1947189172858446e-07,-4.1508999742978503e-07,4.271654259358529e-08,-4.1944246871594704e-07,4.152112107608241e-07,4.1960413681528165e-08,-1.191713394632643e-12,-3.2479574585408955e-13
118,0.11800000000000001,-0.10863727454909819,0.0,0.0,fwd,8.505425244651173e-07,3,6.590340669584474e+17,2.2468411153379016e-10,6.005977943846409e-07,6.007436238642303e-07,4.256669128933418e-08,-7.303331288636461e-12,-2.203689574570289e-10,4.3210345024302654e-11,4.222712493776423e-08,4.254801078962256e-07,-4.217834258524178e-07,4.335788703410922e-08,-4.2545016758904763e-07,4.21906565656327e-07,4.256669127152351e-08,-1.1882439476806894e-12,-3.2304540986682895e-13
119,0.11900000000000001,-0.11032064128256514,0.0,0.0,fwd,8.632738951404238e-07,3,3.199679338529754e+17,2.2761953244295447e-10,6.095889204423555e-07,6.097371220168728e-07,4.317124423470538e-08,-7.303354566187113e-12,-2.2324848046595402e-10,4.378845203101278e-11,4.2849178900477576e-08,4.314692324119962e-07,-4.2848208979540114e-07,4.3998332917117414e-08,-4.314387775580797e-07,4.2860714632997343e-07,4.3171244217453364e-08,-1.1780854070053692e-12,-3.188994207592444e-13
120,0.12,-0.11200400801603205,0.0,0.0,fwd,8.759918638561797e-07,3,4.017302003113717e+17,2.305519072534421e-10,6.185706145688377e-07,6.187211956536356e-07,4.37740702803344e-08,-7.303377820391419e-12,-2.2612488444206935e-10,4.436642025984483e-11,4.347031266628842e-08,4.374392197289967e-07,-4.3518601329506357e-07,4.463788278913438e-08,-4.374082486352515e-07,4.3531299245141986e-07,4.377407026358778e-08,-1.1702167013183384e-12,-3.1101163311397784e-13
121,0.121,-0.113687374749499,0.0,0.0,fwd,8.88696449629296e-07,3,6.55419295662594e+17,2.334667329543172e-10,6.2754289538095e-07,6.276958531582282e-07,4.437516717555741e-08,-7.303400935285275e-12,-2.2898404179738652e-10,4.494089822504321e-11,4.409052902683033e-08,4.433899270447905e-07,-4.4189533080635224e-07,4.527653918615014e-08,-4.433584509661026e-07,4.4202421090738797e-07,4.437516715833388e-08,-1.1932677068671182e-12,-3.2358317414438176e-13
122,0.122,-0.11537074148296594,0.0,0.0,fwd,9.013876717867953e-07,3,4.157479449972841e+17,2.3630179167106227e-10,6.365057593929815e-07,6.366611254715713e-07,4.497453261034343e-08,-7.303423420039557e-12,-2.3176464393481755e-10,4.5501061252117836e-11,4.4709830758900254e-08,4.493218482767847e-07,-4.486095066258411e-07,4.591430462540764e-08,-4.492898404498402e-07,4.487403531955314e-07,4.4974532595452926e-08,-1.1165374180777121e-12,-3.0451682841992067e-13
123,0.123,-0.11705410821643286,0.0,0.0,fwd,9.140655499190152e-07,3,1.0550493191836663e+18,2.391795804560175e-10,6.454592341748957e-07,6.456170127839369e-07,4.5572164357018126e-08,-7.303446247762774e-12,-2.3458678229115737e-10,4.607138975876168e-11,4.532822062953204e-08,4.5523448431034064e-07,-4.553290455164283e-07,4.655118162128644e-08,-4.5520195415121867e-07,4.554618487015438e-07,4.55721643434966e-08,-1.0741130207492233e-12,-2.805203985767335e-13
124,0.124,-0.11873747494989981,0.0,0.0,fwd,9.267301039472269e-07,3,2.821636027197584e+17,2.4206522406415753e-10,6.544033673576397e-07,6.545634957553837e-07,4.6168060192507355e-08,-7.30346913088724e-12,-2.374171501756672e-10,4.66404206922455e-11,4.594570139597666e-08,4.611272589882809e-07,-4.6205455386805205e-07,4.718717267937167e-08,-4.6109424057388937e-07,4.6218918423046595e-07,4.616806017658265e-08,-1.1702028235305306e-12,-3.1788460752579795e-13
125,0.125,-0.12042084168336673,0.0,0.0,fwd,9.393813539976419e-07,3,4.0389338626090066e+18,2.4489281078211796e-10,6.633380894432507e-07,6.63500672460697e-07,4.676221769692957e-08,-7.303491555634532e-12,-2.4019036586053755e-10,4.719889756810147e-11,4.656227579264256e-08,4.6700179795466923e-07,-4.687842745723647e-07,4.782228026773973e-08,-4.6696823803593634e-07,4.6892092780276284e-07,4.676221768452631e-08,-1.0440953657209207e-12,-2.643336938223939e-13
126,0.126,-0.12210420841683367,0.0,0.0,fwd,9.520193206049946e-07,3,5.457187137775503e+17,2.477468520394581e-10,6.722635291637535e-07,6.724284432911338e-07,4.7354634789536925e-08,-7.303514198148701e-12,-2.429887437094269e-10,4.7766429700502044e-11,4.717794655923205e-08,4.728558211097855e-07,-4.755206267290091e-07,4.845650688665183e-08,-4.728217828098291e-07,4.7565905855750934e-07,4.7354634773285374e-08,-1.1956130530066389e-12,-3.3118299769263615e-13
127,0.127,-0.12378757515030059,0.0,0.0,fwd,9.646440244244523e-07,3,3.203951180752719e+17,2.505051608492885e-10,6.811795387563032e-07,6.8134698534484e-07,4.794530890729719e-08,-7.303536075315663e-12,-2.456937465977749e-10,4.831228472834681e-11,4.779271639885303e-08,4.786925052388535e-07,-4.822602053949909e-07,4.908985496286674e-08,-4.7865789592344e-07,4.824007869483338e-07,4.7945308898639147e-08,-8.855555178044483e-13,-2.1451503767755398e-13
128,0.128,-0.12547094188376753,0.0,0.0,fwd,9.772554866270134e-07,3,3.832308510378915e+17,2.533724442300477e-10,6.900863594585624e-07,6.902560873760802e-07,4.853423816748495e-08,-7.303558818467934e-12,-2.485054158979372e-10,4.8880587077970716e-11,4.840658803669903e-08,4.845072372888781e-07,-4.890078964189803e-07,4.972232699886987e-08,-4.84472182947504e-07,4.891501408643695e-07,4.853423815144324e-08,-1.2025103135471227e-12,-3.3333752424979934e-13
129,0.129,-0.12715430861723448,0.0,0.0,fwd,9.898537283591182e-07,3,7.858904795193235e+17,2.5608165091420546e-10,6.98983742299852e-07,6.991560284272818e-07,4.912141979746777e-08,-7.303580316958229e-12,-2.5116122202850644e-10,4.9421758352430345e-11,4.901956414209674e-08,4.90305532493962e-07,-4.957578432426835e-07,5.0353925372229285e-08,-4.902698815603679e-07,4.959022862627283e-07,4.912141979055233e-08,-8.014977570525161e-13,-1.9233746539892849e-13
130,0.13,-0.1288376753507014,0.0,0.0,fwd,1.0024387713455228e-06,3,5.667916814392198e+17,2.589373580012325e-10,7.078719890171647e-07,7.080465375060557e-07,4.97068520300251e-08,-7.30360296532222e-12,-2.5396171103586607e-10,4.998661901067791e-11,4.9631647421389224e-08,4.960813667215236e-07,-5.025163977434577e-07,5.098465257697045e-08,-4.960452760216505e-07,5.026624599197005e-07,4.970685201504982e-08,-1.1770168173441675e-12,-3.2152752682534924e-13
131,0.131,-0.13052104208416834,0.0,0.0,fwd,1.0150106373291593e-06,3,1.9102485307874294e+18,2.6163557914704805e-10,7.167508174809303e-07,7.169279276647154e-07,5.02905320409727e-08,-7.303624376065195e-12,-2.566067237169678e-10,5.052546575567973e-11,5.02428405176719e-08,5.018407898751964e-07,-5.092771474882185e-07,5.161451096128268e-08,-5.018041116661154e-07,5.094253912388269e-07,5.0290532034064416e-08,-8.115730310009894e-13,-1.9024018471647253e-13
132,0.132,-0.13220440881763526,0.0,0.0,fwd,1.027569348523844e-06,3,8.316333412671875e+17,2.6445348756946454e-10,7.2562053341133e-07,7.257999246309544e-07,5.0872458045862044e-08,-7.303646736437983e-12,-2.5936901758283337e-10,5.108832107358907e-11,5.0853146112683135e-08,5.0757790089756e-07,-5.160463066034016e-07,5.224350299461525e-08,-5.075407792792808e-07,5.161961878566435e-07,5.08724580316658e-08,-1.1585732373475821e-12,-3.1953779899840384e-13
133,0.133,-0.1338877755511022,0.0,0.0,fwd,1.0401149272024494e-06,3,2.0543610414186573e+17,2.6713704660982095e-10,7.344808649134882e-07,7.346628319537707e-07,5.1452627228888606e-08,-7.303668029575727e-12,-2.6199967629453313e-10,5.1623906538456055e-11,5.146256682570212e-08,5.132985943165358e-07,-5.228176529273321e-07,5.287163100287812e-08,-5.132608816710293e-07,5.229697263089972e-07,5.145262722317084e-08,-7.47651940358196e-13,-1.7147741560030738e-13
134,0.134,-0.13557114228456912,0.0,0.0,fwd,1.0526473961454433e-06,3,4.606700493048195e+17,2.698824448951946e-10,7.433321200993592e-07,7.435163737987902e-07,5.203103782298645e-08,-7.303689814283749e-12,-2.646908612430332e-10,5.217219711806109e-11,5.207110531633033e-08,5.189967123286898e-07,-5.295976334487862e-07,5.349889743608826e-08,-5.189585541506836e-07,5.297513427579559e-07,5.2031037809803864e-08,-1.1295686608292499e-12,-3.0964814046186007e-13
135,0.135,-0.13725450901803607,0.0,0.0,fwd,1.0651667781667492e-06,3,1.9461070580990584e+18,2.725524110569194e-10,7.521740323808416e-07,7.523608491318792e-07,5.2607686993618454e-08,-7.303710999901249e-12,-2.673080810519646e-10,5.270543029789465e-11,5.267876417788511e-08,5.246782889614665e-07,-5.363799174887274e-07,5.412530459364011e-08,-5.246395464036935e-07,5.365357817130323e-07,5.2607686987958493e-08,-7.496642195903291e-13,-1.8308098093111624e-13
136,0.136,-0.13893787575150301,0.0,0.0,fwd,1.0776730964906052e-06,3,1.1536666491609577e+18,2.752538860668881e-10,7.610068790121681e-07,7.6119601363155e-07,5.318257292143515e-08,-7.303732436002273e-12,-2.699561459790223e-10,5.324506113790761e-11,5.328554604424086e-08,5.303377026769085e-07,-5.431703614944272e-07,5.475085489694289e-08,-5.30298510249827e-07,5.433278983113521e-07,5.318257291028806e-08,-1.055433518359905e-12,-2.6781007966825143e-13
137,0.137,-0.14062124248496993,0.0,0.0,fwd,1.0901663744902126e-06,3,5.026802290608062e+17,2.778926142857297e-10,7.698304705932246e-07,7.700220898586201e-07,5.3755692915331017e-08,-7.3037533780978e-12,-2.725423055641163e-10,5.37740824091415e-11,5.3891453492333286e-08,5.35979305243961e-07,-5.499644070705578e-07,5.537555064133498e-08,-5.359395795906385e-07,5.501239263017155e-07,5.375569290682229e-08,-9.303668946358812e-13,-2.2181562142620237e-13
138,0.138,-0.14230460921843688,0.0,0.0,fwd,1.1026466358842326e-06,3,2.959773746384662e+17,2.805643279696963e-10,7.78644952195452e-07,7.788389663616522e-07,5.4327044901493276e-08,-7.30377458293236e-12,-2.7516068937250004e-10,5.431014665768785e-11,5.449648911853134e-08,5.416003278496673e-07,-5.567649226795313e-07,5.599939419162659e-08,-5.415601099095779e-07,5.569262525040308e-07,5.4327044890519786e-08,-1.0583339760117383e-12,-2.6878152481479844e-13
139,0.139,-0.1439879759519038,0.0,0.0,fwd,1.115113904568776e-06,3,1.36953815814502e+17,2.831830024108118e-10,7.874502383776133e-07,7.87646762491259e-07,5.4896626363436935e-08,-7.303795364329856e-12,-2.777272830115085e-10,5.483451193111222e-11,5.510065548570373e-08,5.472030509059977e-07,-5.635695314379352e-07,5.662238784404802e-08,-5.471622929881237e-07,5.637328736110558e-07,5.4896626356196345e-08,-8.689299280106866e-13,-1.9982106247429243e-13
140,0.14,-0.14567134268537074,0.0,0.0,fwd,1.1275682047489204e-06,3,2.777877919388279e+17,2.858315914169598e-10,7.962464742083375e-07,7.964453674901788e-07,5.54644352286216e-08,-7.303816386575876e-12,-2.8032284306311883e-10,5.536656549898211e-11,5.570395516662017e-08,5.527846446695683e-07,-5.703811477297815e-07,5.724453394108948e-08,-5.527434111460283e-07,5.705462366584202e-07,5.54644352179395e-08,-1.0524081606178015e-12,-2.7819066494849665e-13
141,0.14100000000000001,-0.1473547094188377,0.0,0.0,fwd,1.1400095608000159e-06,3,4.9793987144097626e+17,2.88497854325117e-10,8.050334870701028e-07,8.052349885229293e-07,5.603046884206679e-08,-7.303837549826412e-12,-2.829356610112299e-10,5.590239382513573e-11,5.6306390692194464e-08,5.58348929924346e-07,-5.771957883801693e-07,5.7865834736776366e-08,-5.58307120604451e-07,5.773630495573001e-07,5.603046883786459e-08,-6.623451787035606e-13,-1.7944500052546886e-13
142,0.14200000000000002,-0.1490380761523046,0.0,0.0,fwd,1.1524379973910436e-06,3,3.6261401207544e+17,2.910712636414198e-10,8.138114097467027e-07,8.140155278430316e-07,5.6594725060855486e-08,-7.303857974967144e-12,-2.8545753694847464e-10,5.6419223459780454e-11,5.690796461004099e-08,5.6389389770789e-07,-5.840155531539049e-07,5.8486292543427367e-08,-5.638514856479149e-07,5.841850180265951e-07,5.6594725060210404e-08,-2.34035013590983e-13,-1.3507077400998213e-13
143,0.14300000000000002,-0.15072144288577155,0.0,0.0,fwd,1.1648535395123789e-06,3,1.2036806612242012e+18,2.936493660537603e-10,8.225804906359182e-07,8.227867724802675e-07,5.7157202006779134e-08,-7.3038784368744e-12,-2.8798402204599505e-10,5.6936864945011934e-11,5.7508679468286336e-08,5.694142123022217e-07,-5.908458937733951e-07,5.910590969770807e-08,-5.693714458729349e-07,5.910166842246212e-07,5.7157201997657827e-08,-9.911238496584929e-13,-2.45702763690403e-13
144,0.14400000000000002,-0.15240480961923847,0.0,0.0,fwd,1.1772562121726964e-06,3,3.433492452723798e+17,2.961850038851845e-10,8.3134033569307e-07,8.315491519071833e-07,5.7717896581790675e-08,-7.30389856560654e-12,-2.9046855285624895e-10,5.744762304749074e-11,5.810853773881969e-08,5.74918907814137e-07,-5.976775058758044e-07,5.972468835869222e-08,-5.748755961751395e-07,5.978503178558081e-07,5.771789657668913e-08,-7.497197307415604e-13,-1.6377350864349438e-13
145,0.145,-0.1540881763527054,0.0,0.0,fwd,1.1896460408324334e-06,3,1.1404273750976394e+18,2.98780139572829e-10,8.4009122576791e-07,8.403024213676386e-07,5.827680696611662e-08,-7.303919168174204e-12,-2.9301118475988375e-10,5.797128749263081e-11,5.8707541948796916e-08,5.804020415459132e-07,-6.045164698334493e-07,6.034263084720112e-08,-5.80358268741088e-07,6.046910005635953e-07,5.8276806957202947e-08,-9.886258478530863e-13,-2.480723959585873e-13
146,0.146,-0.15577154308617233,0.0,0.0,fwd,1.202023051037309e-06,3,4.043942441871238e+17,3.0131947238587826e-10,8.488329953394997e-07,8.490467826210645e-07,5.883393047730906e-08,-7.303939325573115e-12,-2.954993220602442e-10,5.848271172892439e-11,5.930569457038459e-08,5.858676673520247e-07,-6.113586221850875e-07,6.09597393584313e-08,-5.858233281669234e-07,6.115352626234749e-07,5.883393047330141e-08,-6.702832733296304e-13,-1.493059148538478e-13
147,0.147,-0.15745490981963928,0.0,0.0,fwd,1.2143872686866582e-06,3,7.58574108256093e+17,3.0384521226609526e-10,8.57565888247802e-07,8.577820285604816e-07,5.938926518111046e-08,-7.303959380586919e-12,-2.979736258082455e-10,5.899392779840085e-11,5.99029981016643e-08,5.913111535416071e-07,-6.182087052136742e-07,6.157601617566923e-08,-5.912663679913388e-07,6.183870024795146e-07,5.93892651731629e-08,-9.44896938470663e-13,-2.262044718204237e-13
148,0.148,-0.15913827655310622,0.0,0.0,fwd,1.2267387197809839e-06,3,2.0687604227779997e+17,3.0632520608726094e-10,8.662897040889634e-07,8.665083964329794e-07,5.99428083706282e-08,-7.303979071111857e-12,-3.004032179260152e-10,5.949529757742766e-11,6.049945498901348e-08,5.967368078216295e-07,-6.250622765352487e-07,6.219146346717093e-08,-5.96691475195088e-07,6.252425980290965e-07,5.994280836578714e-08,-7.446127048282847e-13,-1.6101529831669126e-13
149,0.149,-0.16082164328657314,0.0,0.0,fwd,1.2390774306522067e-06,3,3.4540119599553286e+17,3.0890641140216834e-10,8.75004639987055e-07,8.75225726416456e-07,6.04945580065998e-08,-7.303999563300541e-12,-3.029320839315064e-10,6.001645708186842e-11,6.109506770031176e-08,6.021411535980792e-07,-6.319228939080657e-07,6.280608347850802e-08,-6.020953509239257e-07,6.321049410146218e-07,6.04945579989177e-08,-9.37860900052101e-13,-2.233092183390184e-13
150,0.15,-0.16250501002004006,0.0,0.0,fwd,1.2514034277791687e-06,3,3.61044570003467e+17,3.1136046476797946e-10,8.837105445183323e-07,8.839342075277714e-07,6.104451147709561e-08,-7.304019050564042e-12,-3.0533599260085253e-10,6.051381618021878e-11,6.168983866600529e-08,6.075273661712566e-07,-6.38787280439479e-07,6.341987837070365e-08,-6.074810243936191e-07,6.389713665469476e-07,6.104451147294209e-08,-6.964290255595529e-13,-1.4860682129302916e-13
151,0.151,-0.16418837675350703,0.0,0.0,fwd,1.2637167379418692e-06,3,2.622388430799551e+17,3.138659299109204e-10,8.924076181990845e-07,8.926336771748393e-07,6.159266674027908e-08,-7.304038949300267e-12,-3.0778991508273457e-10,6.102328364843146e-11,6.228377032993761e-08,6.128919688777601e-07,-6.456589838749194e-07,6.403285036621071e-08,-6.128451686127079e-07,6.458447762494601e-07,6.159266673308795e-08,-9.160588954060245e-13,-2.1604766586857949e-13
152,0.152,-0.16587174348697395,0.0,0.0,fwd,1.2760173880365725e-06,3,6.199874291690341e+17,3.16301032541973e-10,9.010956957287524e-07,9.013243388014661e-07,6.213902114251095e-08,-7.304058287141862e-12,-3.1017510174896623e-10,6.151747861116164e-11,6.287686509592346e-08,6.182385814124114e-07,-6.525342972976689e-07,6.46450015968324e-08,-6.181912292207992e-07,6.527221396573912e-07,6.213902113875786e-08,-6.69048150214735e-13,-1.3711080881773086e-13
153,0.153,-0.16755511022044087,0.0,0.0,fwd,1.2883054052648416e-06,3,4.231334516331379e+17,3.1881465571869677e-10,9.097749853629734e-07,9.100060226824023e-07,6.268357265966693e-08,-7.30407824562038e-12,-3.126374454459624e-10,6.202630770113515e-11,6.34691253857279e-08,6.235634651477473e-07,-6.594170145271527e-07,6.525633426553438e-08,-6.235156623582427e-07,6.596065425315545e-07,6.268357265278803e-08,-9.035133752277602e-13,-2.1459743704266288e-13
154,0.154,-0.16923847695390784,0.0,0.0,fwd,1.3005808169713428e-06,3,2.5564057615558253e+17,3.212459399355674e-10,9.184453036970208e-07,9.186789510093543e-07,6.322631860334039e-08,-7.304097556806907e-12,-3.150185277564499e-10,6.252144635343626e-11,6.406055357862938e-08,6.288706246720954e-07,-6.663030532594316e-07,6.586685047749296e-08,-6.288222638775598e-07,6.664946612597311e-07,6.322631860068173e-08,-5.652422974122828e-13,-1.2921261283160845e-13
155,0.155,-0.17092184368737476,0.0,0.0,fwd,1.312843650800365e-06,3,2.121374489462669e+17,3.2361766841112287e-10,9.271068543798802e-07,9.273429593311022e-07,6.376725695302096e-08,-7.304116392172676e-12,-3.173414950957687e-10,6.300333865727481e-11,6.465115207461347e-08,6.341562602193984e-07,-6.731962459774476e-07,6.647655241526588e-08,-6.341074156451798e-07,6.733896476956991e-07,6.376725694944047e-08,-6.625811010962934e-13,-1.3275144872260114e-13
156,0.156,-0.17260521042084168,0.0,0.0,fwd,1.3250939345247935e-06,3,3.19227959786244e+18,3.260441598519254e-10,9.357595937513622e-07,9.359981306219597e-07,6.430638525128057e-08,-7.304135661219314e-12,-3.197182232503315e-10,6.349568093533264e-11,6.524092323849508e-08,6.394216300609212e-07,-6.800953008534449e-07,6.708544218996369e-08,-6.393723186448597e-07,6.802904395364351e-07,6.430638524512219e-08,-8.669037709907457e-13,-2.0130251632277663e-13
157,0.157,-0.1742885771543086,0.0,0.0,fwd,1.3373316961267914e-06,3,5.008816140424803e+17,3.284995344756055e-10,9.444034320289759e-07,9.446445943179729e-07,6.484370093648512e-08,-7.304155166296976e-12,-3.221226037644631e-10,6.399704377546556e-11,6.58298694200375e-08,6.446691904332669e-07,-6.869977479048717e-07,6.769352188921562e-08,-6.446193243983545e-07,6.871949674441824e-07,6.484370093445794e-08,-4.984207491176562e-13,-1.2031868557027536e-13
158,0.158,-0.17597194388777557,0.0,0.0,fwd,1.3495569638913948e-06,3,7.471950852179444e+17,3.305435822898661e-10,9.530381688729681e-07,9.532825909624637e-07,6.537920133996585e-08,-7.304171412309495e-12,-3.241234372911017e-10,6.441821381875101e-11,6.64179929549089e-08,6.499031047005333e-07,-6.938993846669628e-07,6.830079357460461e-08,-6.498523782011434e-07,6.940998389104447e-07,6.537920132704088e-08,1.2909950886097477e-12,1.5290720078997566e-13
159,0.159,-0.17765531062124248,0.0,0.0,fwd,1.3617697661442777e-06,3,3.566749419960344e+17,3.3326014581506724e-10,9.6166490460505e-07,9.619110601554457e-07,6.591288587144585e-08,-7.304192986132783e-12,-3.2678410151476545e-10,6.497018201212512e-11,6.700529626196569e-08,6.551015094349855e-07,-7.008221538720716e-07,6.890725958086688e-08,-6.550506534488965e-07,7.010230514345461e-07,6.591288586909188e-08,-5.444117379127533e-13,-1.1802191168808207e-13
160,0.16,-0.1793386773547094,0.0,0.0,fwd,1.3739701315705005e-06,3,2.536802176869619e+17,3.35638403494632e-10,9.702825304054063e-07,9.705311515561986e-07,6.644475031032643e-08,-7.304211874385171e-12,-3.2911331125651255e-10,6.54539131228482e-11,6.759178157832783e-08,6.602874705191608e-07,-7.07742888447771e-07,6.951292173381582e-08,-6.602361435695259e-07,7.079455519864997e-07,6.644475030738357e-08,-6.137035324371709e-13,-1.201816424156732e-13
161,0.161,-0.18102204408817638,0.0,0.0,fwd,1.386158088949238e-06,3,7.515355281785663e+17,3.3800140189198494e-10,9.788914400045144e-07,9.791425121561263e-07,6.697479293685189e-08,-7.304230651623304e-12,-3.3142663353330493e-10,6.593923324027529e-11,6.817745124766458e-08,6.654531691727139e-07,-7.146694103524198e-07,7.011778219149832e-08,-6.65401374333463e-07,7.148738117787601e-07,6.697479293210019e-08,-7.808198532188726e-13,-1.6373187528007094e-13
162,0.162,-0.1827054108216433,0.0,0.0,fwd,1.3983336672969368e-06,3,1.8427431109110912e+17,3.403155815035443e-10,9.874915880913926e-07,9.87745228385641e-07,6.750301127759152e-08,-7.304249034249963e-12,-3.336927574537629e-10,6.641149435937521e-11,6.876230756658462e-08,6.70599970387098e-07,-7.216003473711763e-07,7.072184299809243e-08,-6.705476548740652e-07,7.21806691340865e-07,6.75030112744101e-08,-6.437489430410892e-13,-1.228739332503892e-13
163,0.163,-0.1843887775551102,0.0,0.0,fwd,1.4104968958359963e-06,3,7.96344964944719e+17,3.4266056307246927e-10,9.96083100653213e-07,9.96339215651955e-07,6.80294031566337e-08,-7.304267669107151e-12,-3.359883508566308e-10,6.689347686883451e-11,6.934635283369855e-08,6.757257558290264e-07,-7.285378024954325e-07,7.132510622575305e-08,-6.75672967111185e-07,7.287459114005412e-07,6.80294031521229e-08,-7.662898093840909e-13,-1.6289400384117414e-13
164,0.164,-0.18607214428857713,0.0,0.0,fwd,1.4226478039293862e-06,3,6.196889585749023e+17,3.449968612491673e-10,1.0046658910998795e-06,1.0049246021493812e-06,6.855396602431886e-08,-7.304286228498998e-12,-3.382759870829144e-10,6.737090052499894e-11,6.992958931887906e-08,6.808327653595736e-07,-7.354795380498658e-07,7.192757388620152e-08,-6.807794500490738e-07,7.356896224025578e-07,6.855396602208067e-08,-5.433709038271672e-13,-1.0780612513805465e-13
165,0.165,-0.1877555110220441,0.0,0.0,fwd,1.434786421200921e-06,3,8.118062688261632e+17,3.4729624571578446e-10,1.0132401077906235e-06,1.0135012815191728e-06,6.907669774464076e-08,-7.304304504293626e-12,-3.4052661558592323e-10,6.784506983992244e-11,7.051201930083037e-08,6.859184066496105e-07,-7.424281181292458e-07,7.252924803608853e-08,-6.858646192375861e-07,7.426399396062711e-07,6.90766977411855e-08,-6.788736239826676e-13,-1.2840249696832728e-13
166,0.166,-0.18943887775551102,0.0,0.0,fwd,1.4469127774109388e-06,3,2.0349783096702528e+17,3.495963518685471e-10,1.0218056846974283e-06,1.0220693619286332e-06,6.9597595822299e-08,-7.304322784641057e-12,-3.4277805160271013e-10,6.831883669899952e-11,7.109364502826329e-08,6.909842522051513e-07,-7.493819547607639e-07,7.313013067155384e-08,-6.909299868351759e-07,7.495955695394074e-07,6.959759581845358e-08,-7.171485627566199e-13,-1.4478522547545225e-13
167,0.167,-0.19112224448897794,0.0,0.0,fwd,1.4590269024949075e-06,3,4.44305221513694e+17,3.5184188864976583e-10,1.0303626193186086e-06,1.0306288883069553e-06,7.011665785842283e-08,-7.304340628528291e-12,-3.4497630013036185e-10,6.87801829379886e-11,7.167446874425457e-08,6.960307643022468e-07,-7.563405800062317e-07,7.373022379175767e-08,-6.959759853014669e-07,7.565561363151452e-07,7.011665785590095e-08,-5.847405892822621e-13,-1.0830572549913597e-13
168,0.168,-0.1928056112224449,0.0,0.0,fwd,1.4711288266307068e-06,3,3.2766915616707994e+17,3.5417386936752623e-10,1.038911036924891e-06,1.039179778105901e-06,7.063388164420937e-08,-7.304359160682735e-12,-3.472590262218467e-10,6.925997969586817e-11,7.225449268764148e-08,7.01056138495415e-07,-7.633057851272329e-07,7.432952940875406e-08,-7.010008899396847e-07,7.635230740363208e-07,7.063388164058935e-08,-7.016193181996755e-13,-1.3828521661096715e-13
169,0.169,-0.19448897795591183,0.0,0.0,fwd,1.4832185801264899e-06,3,3.656614291946213e+17,3.563826180558094e-10,1.047450844278676e-06,1.0477221675534843e-06,7.114926465387512e-08,-7.304376716631707e-12,-3.4942082473982117e-10,6.971587890314268e-11,7.283371907405703e-08,7.060623148924527e-07,-7.7027561822679e-07,7.492804948403657e-08,-7.060065538369575e-07,7.704948239428688e-07,7.11492646514267e-08,-5.803690861228006e-13,-1.0759448887398548e-13
170,0.17,-0.19617234468937875,0.0,0.0,fwd,1.4952961935009003e-06,3,3.262545890407994e+17,3.58665032619244e-10,1.055982159402668e-06,1.0562559818091378e-06,7.166280467138175e-08,-7.304394860262725e-12,-3.51654537086854e-10,7.018787634427426e-11,7.341215011842361e-08,7.110475499921831e-07,-7.772517988668959e-07,7.552578600604125e-08,-7.109913148159452e-07,7.774727680195936e-07,7.166280466817559e-08,-6.659395257457845e-13,-1.2668512072711025e-13
171,0.171,-0.19785571142284566,0.0,0.0,fwd,1.507361697417963e-06,3,8.889877683954962e+17,3.609498311627892e-10,1.0645049311605158e-06,1.0647813154614922e-06,7.217449921558985e-08,-7.304413021999073e-12,-3.5389063554602807e-10,7.066006113554124e-11,7.398978801429163e-08,7.160132265565666e-07,-7.842329495313938e-07,7.612274091895892e-08,-7.159564995237733e-07,7.844557787795026e-07,7.217449921297283e-08,-6.050715484207103e-13,-1.0793969884570487e-13
172,0.17200000000000001,-0.19953907815631264,0.0,0.0,fwd,1.519415122777612e-06,3,4.16365045621542e+17,3.631541397791989e-10,1.0730192358291304e-06,1.0732981360408615e-06,7.268434601933232e-08,-7.304430540731535e-12,-3.560482360331907e-10,7.111419092487026e-11,7.456663495424236e-08,7.209582264869341e-07,-7.912201546167452e-07,7.671891618520963e-08,-7.209010182002151e-07,7.914447666679258e-07,7.268434601616319e-08,-6.661199369872861e-13,-1.30293345557142e-13
173,0.17300000000000001,-0.20122244488977956,0.0,0.0,fwd,1.5314565005733621e-06,3,3.490581990015346e+17,3.654170886530446e-10,1.0815250165310537e-06,1.0818065442689848e-06,7.319234258486735e-08,-7.304448531446637e-12,-3.5826268080657586e-10,7.158313525268412e-11,7.514269310599421e-08,7.258840855131621e-07,-7.982118963370533e-07,7.731431372258048e-08,-7.25826353104031e-07,7.984384768136565e-07,7.319234258336647e-08,-4.610201109755963e-13,-8.464930145724026e-14
174,0.17400000000000002,-0.20290581162324647,0.0,0.0,fwd,1.5434858620355113e-06,3,3.864965526561154e+17,3.6758769088730963e-10,1.0900224222553471e-06,1.0903064354637873e-06,7.369848675265437e-08,-7.304465788631207e-12,-3.6038670138405227e-10,7.203319191129154e-11,7.5717964645309e-08,7.30788400807314e-07,-8.052105215997085e-07,7.790893548705182e-08,-7.307302110209912e-07,8.054388118822198e-07,7.369848675027409e-08,-5.831585214721713e-13,-1.0378677084421639e-13
175,0.17500000000000002,-0.20458917835671345,0.0,0.0,fwd,1.5555032385282638e-06,3,3.3580071710379155e+17,3.69828564349106e-10,1.0985113768244082e-06,1.0987979301580342e-06,7.420277600273792e-08,-7.304483601734087e-12,-3.6257971625097696e-10,7.24966267573457e-11,7.62924517157682e-08,7.356729704241505e-07,-8.122142496971851e-07,7.85027833711096e-08,-7.356143049905284e-07,8.124443357029887e-07,7.420277600014937e-08,-6.103034744242564e-13,-1.0809755868201876e-13
176,0.176,-0.20627254509018036,0.0,0.0,fwd,1.567508661609739e-06,3,6.377965917703802e+17,3.7202032419591564e-10,1.1069919190247278e-06,1.107281034305918e-06,7.470520800319393e-08,-7.304501028166428e-12,-3.647243045773463e-10,7.295167941956393e-11,7.686615646174286e-08,7.405374055982628e-07,-8.19223445518158e-07,7.909585928501698e-08,-7.404782457545722e-07,8.194553688528616e-07,7.47052080008033e-08,-5.88792903322144e-13,-1.0251174908937344e-13
177,0.177,-0.20795591182364728,0.0,0.0,fwd,1.5795021629651768e-06,3,3.003480042213482e+17,3.741689463546962e-10,1.1154640863612963e-06,1.1157557552806793e-06,7.520578039932116e-08,-7.304518115044435e-12,-3.668263566167229e-10,7.339937685424403e-11,7.743908101387126e-08,7.453815561650479e-07,-8.262382540299984e-07,7.968816512367137e-08,-7.453219143527257e-07,8.264719872849713e-07,7.52057803968925e-08,-5.953848525308558e-13,-1.0400014183176154e-13
178,0.178,-0.2096392785571142,0.0,0.0,fwd,1.5914837745016651e-06,3,2.774624446815117e+17,3.7631909073240053e-10,1.1239278915644083e-06,1.1242221255248875e-06,7.570449081723302e-08,-7.304535215819077e-12,-3.689297435258143e-10,7.384812900079751e-11,7.801122749003471e-08,7.502054979596773e-07,-8.332585821058114e-07,8.027970276804088e-08,-7.501453661018509e-07,8.334941430862552e-07,7.570449081509444e-08,-5.608569164650135e-13,-9.613143614473074e-14
179,0.179,-0.21132264529058117,0.0,0.0,fwd,1.6034535282491308e-06,3,5.544102953117082e+17,3.7853450498089285e-10,1.1323833711895743e-06,1.1326801538272438e-06,7.620133690061245e-08,-7.304552830901537e-12,-3.7109739933760544e-10,7.430837889454978e-11,7.85825979975029e-08,7.550090869168358e-07,-8.402845668650794e-07,8.087047409037077e-08,-7.549484826660513e-07,8.405219127510799e-07,7.620133689842681e-08,-5.691280779984709e-13,-9.586081928247836e-14
180,0.18,-0.2130060120240481,0.0,0.0,fwd,1.6154114564179973e-06,3,1.0177108310835075e+18,3.80686409898797e-10,1.140830531211632e-06,1.1411298798687585e-06,7.669631627706061e-08,-7.304569944990478e-12,-3.732025409194928e-10,7.475726981898134e-11,7.915319463344452e-08,7.597923974977938e-07,-8.473161071456681e-07,8.146048095177867e-08,-7.597313120347171e-07,8.475552644438e-07,7.669631627489223e-08,-5.686284776373896e-13,-9.630317376885245e-14
181,0.181,-0.214689378757515,0.0,0.0,fwd,1.6273575913600717e-06,3,3.002263488865953e+17,3.828425767392288e-10,1.149269403768404e-06,1.149571317307523e-06,7.718942657177248e-08,-7.304587093993058e-12,-3.7531175649946347e-10,7.520749301104246e-11,7.972301948164387e-08,7.645554968085944e-07,-8.543531441404517e-07,8.204972520022861e-08,-7.644939240894488e-07,8.545941119625367e-07,7.718942656985746e-08,-5.362377208939506e-13,-8.992979971811366e-14
182,0.182,-0.21637274549098198,0.0,0.0,fwd,1.6392919655726187e-06,3,4.393148761932981e+17,3.849104899882022e-10,1.1577000043840815e-06,1.15800449666737e-06,7.768066543293295e-08,-7.304603546602207e-12,-3.773341170770772e-10,7.564186776942705e-11,8.029207461725715e-08,7.692982022522443e-07,-8.61395820117572e-07,8.26382086774656e-08,-7.692361374822543e-07,8.616386165671841e-07,7.76806654310941e-08,-5.269396030627149e-13,-8.955509944730267e-14
183,0.183,-0.2180561122244489,0.0,0.0,fwd,1.6512146117802898e-06,3,4.2522426767649594e+17,3.8710866115850305e-10,1.166122366406586e-06,1.166429430872791e-06,7.81700304701165e-08,-7.30462103153276e-12,-3.7948423396716446e-10,7.61017360240146e-11,8.086036209925547e-08,7.740207324871684e-07,-8.684439423214951e-07,8.322593320609662e-08,-7.739581880383817e-07,8.686885428141333e-07,7.817003046863921e-08,-4.74051353727134e-13,-7.89611431795123e-14
184,0.184,-0.21973947895791582,0.0,0.0,fwd,1.6631255627732225e-06,3,4.753352710631685e+17,3.891515227486488e-10,1.1745365015124942e-06,1.1748461547689258e-06,7.865751935003175e-08,-7.304637277121763e-12,-3.8148277505672956e-10,7.652739553165588e-11,8.14278839831022e-08,7.787227125286011e-07,-8.754978184366546e-07,8.381290061058433e-08,-7.786596887479624e-07,8.75744240166898e-07,7.865751934851006e-08,-4.831551825290603e-13,-7.71067237836931e-14
185,0.185,-0.22142284569138274,0.0,0.0,fwd,1.6750248515460337e-06,3,5.148708834597115e+17,3.912934766707594e-10,1.1829424620758095e-06,1.1832546626259457e-06,7.914312969682939e-08,-7.304654317307079e-12,-3.8357764794300087e-10,7.697671666750949e-11,8.19946423055708e-08,7.834041886797816e-07,-8.825574340370901e-07,8.439911269347577e-08,-7.833406945739751e-07,8.828056086290781e-07,7.914312969510163e-08,-5.157541060896165e-13,-8.647596527744383e-14
186,0.186,-0.2231062124248497,0.0,0.0,fwd,1.6869125112362642e-06,3,2.9435817166276186e+17,3.9337254312077843e-10,1.1913402171596767e-06,1.1916550323455895e-06,7.962685907938257e-08,-7.304670861131088e-12,-3.856106458449693e-10,7.741465801736069e-11,8.256063909394787e-08,7.880659122425082e-07,-8.896220387646925e-07,8.498457124301737e-08,-7.880019178146958e-07,8.898720786076897e-07,7.962685907841161e-08,-3.878980470162219e-13,-6.453865220024113e-14
187,0.187,-0.22478957915831663,0.0,0.0,fwd,1.6987885751205608e-06,3,4.763425367427312e+17,3.954667830687574e-10,1.1997298382886597e-06,1.2000472395015397e-06,8.010870521216587e-08,-7.304687523936757e-12,-3.8765865691126056e-10,7.785488920220018e-11,8.3125876368421e-08,7.927068868124332e-07,-8.966925700362727e-07,8.556927805407725e-08,-7.926424059612192e-07,8.969444196607612e-07,8.010870521132679e-08,-3.610306498202931e-13,-6.396098928274085e-14
188,0.188,-0.22647294589178354,0.0,0.0,fwd,1.7106530767193468e-06,3,1.1059549382705249e+18,3.968474844829475e-10,1.2081107582955065e-06,1.2084318988681472e-06,8.05886647737866e-08,-7.30469852943584e-12,-3.890070184378591e-10,7.815437880198672e-11,8.369035609758306e-08,7.973390618379317e-07,-9.037576827186644e-07,8.615323477047683e-08,-7.972735829586686e-07,9.040133341145506e-07,8.05886647367135e-08,2.426364664742664e-12,2.9681292146310767e-13
189,0.189,-0.22815631262525052,0.0,0.0,fwd,1.7225060493589034e-06,3,1.0460403742095416e+18,3.992166144990506e-10,1.2164843937289086e-06,1.2168076407424592e-06,8.106673762334091e-08,-7.304717368057392e-12,-3.913248596693064e-10,7.864731782492029e-11,8.425408036473584e-08,8.019342623150072e-07,-9.108440970073683e-07,8.673644346058291e-08,-8.018685302008111e-07,9.111006992745807e-07,8.106673761373804e-08,1.2442546992730286e-12,9.368374132012747e-14
190,0.19,-0.22983967935871744,0.0,0.0,fwd,1.734347526955498e-06,3,3.794670724664503e+17,4.016096209637854e-10,1.2248499861265556e-06,1.2251752717974537e-06,8.154292015973005e-08,-7.304736405228761e-12,-3.9366523756079186e-10,7.914928434882285e-11,8.48170511034172e-08,8.065083901970249e-07,-9.179366932954292e-07,8.731890570376613e-08,-8.064424248943602e-07,9.181941356059542e-07,8.154292015970841e-08,-4.171663015029026e-14,-4.2309905579074325e-14
191,0.191,-0.23152304609218435,0.0,0.0,fwd,1.7461775433907315e-06,3,1.1535957226582945e+18,4.036688810408914e-10,1.2332073371066418e-06,1.2335350384651163e-06,8.201720964976907e-08,-7.304752793728104e-12,-3.956786140055235e-10,7.958417258535633e-11,8.537927027374452e-08,8.110657693863321e-07,-9.250313693226486e-07,8.790062319520787e-08,-8.109994084209982e-07,9.25290295585024e-07,8.201720964825997e-08,-4.900108097061207e-13,-8.622616509690317e-14
192,0.192,-0.23320641282565133,0.0,0.0,fwd,1.7579961339024086e-06,3,1.161564217502121e+18,4.0311214613988757e-10,1.2415546479116758e-06,1.2418887897774505e-06,8.248960171092559e-08,-7.304748438708205e-12,-3.951273553140511e-10,7.950104463638752e-11,8.594073972375288e-08,8.156434846001703e-07,-9.320932566198037e-07,8.848159726361458e-08,-8.15574909149297e-07,9.323606280225993e-07,8.248960064368519e-08,1.2863363152426643e-11,3.256740363499766e-12
193,0.193,-0.23488977955911824,0.0,0.0,fwd,1.769803328738047e-06,3,8.209799881208466e+17,4.0764659594372303e-10,1.2498976443386366e-06,1.2502308413512939e-06,8.296010033316047e-08,-7.304784451849205e-12,-3.995675231655005e-10,8.04250069319501e-11,8.65014617511026e-08,8.201259036680342e-07,-9.392311326669733e-07,8.906183087412741e-08,-8.20058450173855e-07,9.394941645618493e-07,8.296010033273634e-08,2.6439961331448103e-13,-2.1538326677728037e-14
194,0.194,-0.23657314629258516,0.0,0.0,fwd,1.7815991661042333e-06,3,9.067730687624397e+17,4.0977723794352587e-10,1.2582310361690032e-06,1.2585665388892917e-06,8.342869743211891e-08,-7.304801412810471e-12,-4.016502764062069e-10,8.087694403080548e-11,8.706143797391754e-08,8.246209340090349e-07,-9.463434691436845e-07,8.96413245765796e-08,-8.245531372408355e-07,9.466077802375295e-07,8.342869743139863e-08,-3.429895256701343e-13,-5.042320727621785e-14
195,0.195,-0.23825651302605208,0.0,0.0,fwd,1.7933836791168315e-06,3,3.4289900454281984e+17,4.1183001669269896e-10,1.2665563027148807e-06,1.2668944494977271e-06,8.389539202913473e-08,-7.304817749508455e-12,-4.036572864157817e-10,8.131049999970941e-11,8.762067040596482e-08,8.290987994416521e-07,-9.534582669570857e-07,9.022008038595998e-08,-8.290305057584435e-07,9.537244380769527e-07,8.389539202886219e-08,-2.0949908474676704e-13,-4.2891037943526555e-14
196,0.196,-0.23993987975951905,0.0,0.0,fwd,1.8051569023096732e-06,3,7.034065951088166e+17,4.137938974982525e-10,1.2748736554020706e-06,1.27521441066654e-06,8.436018208264448e-08,-7.304833385524903e-12,-4.0557676054403524e-10,8.172833243502708e-11,8.817916097873149e-08,8.335555837998831e-07,-9.605791802466679e-07,9.0798100034843e-08,-8.334868206033574e-07,9.608471356475912e-07,8.436018208237265e-08,-2.099431739566171e-13,-4.226827221565088e-14
197,0.197,-0.24162324649298597,0.0,0.0,fwd,1.816918870366841e-06,3,3.8562293785340045e+17,4.157424006182835e-10,1.2831830713217122e-06,1.2835264943698273e-06,8.482306512648985e-08,-7.304848899806835e-12,-4.074811512516652e-10,8.214313257370875e-11,8.873691159296087e-08,8.379924497786684e-07,-9.67705125108631e-07,9.137538518576148e-08,-8.379231818123056e-07,9.679749697760753e-07,8.482306512645798e-08,-6.424027976237312e-14,-3.5742242499026133e-14
198,0.198,-0.2433066132264529,0.0,0.0,fwd,1.82866961815537e-06,3,2.429045910943922e+17,4.1778437689886824e-10,1.2914847106102934e-06,1.2918305898108453e-06,8.528403900807428e-08,-7.304865154236744e-12,-4.094772246970857e-10,8.25761889422516e-11,8.929392415166487e-08,8.424068053333733e-07,-9.74838513384535e-07,9.195193753326162e-08,-8.423371364169041e-07,9.751098720492402e-07,8.528403900698968e-08,-4.2492398488747085e-13,-6.661858564793732e-14
199,0.199,-0.24498997995991986,0.0,0.0,fwd,1.8404091808396636e-06,3,1.0845279682583894e+18,4.183750559293644e-10,1.2997774243349057e-06,1.3001278959957022e-06,8.574309957274003e-08,-7.304869906832732e-12,-4.100499653367229e-10,8.272455637170495e-11,8.98502004703871e-08,8.468220636242973e-07,-9.81957578943815e-07,9.252775848056479e-08,-8.467510330123496e-07,9.822341105608645e-07,8.574309941967316e-08,5.0383308636270385e-12,9.29558513496076e-13
200,0.2,-0.24667334669338678,0.0,0.0,fwd,1.8521377190013565e-06,3,1.2768410166197998e+18,4.008059696904656e-10,1.3080520740680382e-06,1.3084276803158991e-06,8.62017773110368e-08,-7.304730655860283e-12,-3.928201383965324e-10,7.927423995024441e-11,9.040574193419781e-08,8.514240762147463e-07,-9.888903239191338e-07,9.310284772082616e-08,-8.513425048956025e-07,9.892071540992808e-07,8.62002286532534e-08,5.024959615074209e-10,1.2037240995632636e-10
201,0.201,-0.2483567134268537,0.0,0.0,fwd,1.8638548898897473e-06,3,4.28536152968501e+17,4.228618253462653e-10,1.3163417308274366e-06,1.3166966800594637e-06,8.665547966754814e-08,-7.304905616021252e-12,-4.1443644870076124e-10,8.367312398505078e-11,9.09605521895394e-08,8.555434546364538e-07,-9.96256557063424e-07,9.367721394390448e-08,-8.554718156361663e-07,9.965353478524897e-07,8.665547962104749e-08,2.80947487496519e-12,4.07335623564542e-13
202,0.202,-0.25004008016032064,0.0,0.0,fwd,1.8755611234453587e-06,3,3.470989110408555e+17,4.171454251992051e-10,1.324607291779102e-06,1.3249743061772361e-06,8.710892207515166e-08,-7.304860347880633e-12,-4.088268387020255e-10,8.256852146448779e-11,9.151463096649171e-08,8.599722877422611e-07,-1.0033230855854836e-06,9.42508504131651e-08,-8.598959793798544e-07,1.0036197456569917e-06,8.7108784531198e-08,1.5032780575907623e-10,3.6934306307800924e-11
203,0.203,-0.25172344689378756,0.0,0.0,fwd,1.8872562803563837e-06,3,7.511858932738783e+17,4.2674145571887345e-10,1.3328745571925252e-06,1.3332346809854085e-06,8.756018411874645e-08,-7.304936514644968e-12,-4.182273615968568e-10,8.450314753494226e-11,9.206798150638529e-08,8.641895281186196e-07,-1.0105713886127132e-06,9.48237642544902e-08,-8.641169711304242e-07,1.0108536137934387e-06,8.756018407374873e-08,2.7758351173190476e-12,4.180406021347949e-13
204,0.20400000000000001,-0.2534068136272545,0.0,0.0,fwd,1.8989404750687428e-06,3,4.9962016534002906e+17,4.1773392839022215e-10,1.3411226227055008e-06,1.3414988342534987e-06,8.800989669742011e-08,-7.304865149472183e-12,-4.093913498134927e-10,8.274658042095595e-11,9.2620604500252e-08,8.686175972383303e-07,-1.0176122947971877e-06,9.539595258973113e-08,-8.685385960022218e-07,1.0179191725218084e-06,8.80096409559414e-08,2.0619224383455759e-10,5.0002554180528236e-11
205,0.20500000000000002,-0.2550901803607214,0.0,0.0,fwd,1.9106136363330698e-06,3,4.700756475421104e+17,4.3013298186979083e-10,1.3493761156147467e-06,1.3497420886072034e-06,8.845719404444265e-08,-7.304963543413375e-12,-4.215396495407808e-10,8.523698413753777e-11,9.317250309487749e-08,8.727597484090022e-07,-1.0249025356665054e-06,9.596742227726226e-08,-8.726859919566676e-07,1.025189308889729e-06,8.845719388953867e-08,5.131631231058975e-12,1.034941229938191e-12
206,0.20600000000000002,-0.2567735470941884,0.0,0.0,fwd,1.9222759020902482e-06,3,4.53437548936846e+17,4.249241781466592e-10,1.357611268655832e-06,1.3579883607000089e-06,8.89028605744882e-08,-7.304922304370258e-12,-4.164273448639677e-10,8.423456376860372e-11,9.372367781974728e-08,8.770965535254138e-07,-1.0320009034836541e-06,9.653816980667883e-08,-8.770185736389768e-07,1.0323038269130502e-06,8.890280076653358e-08,1.0003932404689664e-10,2.502651731683958e-11
207,0.20700000000000002,-0.25845691382765534,0.0,0.0,fwd,1.9339272436339276e-06,3,6.746706795057417e+17,4.341966196355862e-10,1.3658473928065686e-06,1.3662183204580383e-06,8.934649154349504e-08,-7.30499590727174e-12,-4.2551030667720147e-10,8.610644836037906e-11,9.42741314952515e-08,8.812383986214756e-07,-1.0392643423895453e-06,9.710820087091005e-08,-8.811638439187863e-07,1.0395541239632822e-06,8.934649144535041e-08,4.1142367290802895e-12,7.815467023553069e-13
208,0.20800000000000002,-0.26014028056112226,0.0,0.0,fwd,1.94556773947354e-06,3,4.187350479751872e+17,4.296568341349353e-10,1.3740677938279009e-06,1.3744487655856e-06,8.978826772096563e-08,-7.304959974148884e-12,-4.2105376737294753e-10,8.523706740426462e-11,9.482386502820656e-08,8.855231654059104e-07,-1.0463839927032925e-06,9.767751346034355e-08,-8.854448673573101e-07,1.0466880621534669e-06,8.978823561479839e-08,7.364900356243709e-11,1.8475321966748837e-11
209,0.209,-0.2618236472945892,0.0,0.0,fwd,1.9571973905960217e-06,3,4.461142169863097e+17,4.378929449736046e-10,1.3822879439158479e-06,1.3826642296181865e-06,9.022805686087091e-08,-7.305025363504225e-12,-4.291203668446708e-10,8.690557301571644e-11,9.537288099420604e-08,8.896387268253481e-07,-1.0536445839079422e-06,9.824611241670109e-08,-8.895631916777669e-07,1.0539380443236324e-06,9.022805672847197e-08,4.79156991861629e-12,9.659478078516415e-13
210,0.21,-0.2635070140280561,0.0,0.0,fwd,1.968816261458823e-06,3,3.2306441932475846e+17,4.3490759237152627e-10,1.3904941245591937e-06,1.390878520362151e-06,9.0665944001252e-08,-7.305001753069626e-12,-4.2618800676075264e-10,8.63425372865656e-11,9.592118045160337e-08,8.938624693546893e-07,-1.060793534790605e-06,9.881399635731631e-08,-8.93784059013969e-07,1.0610979730360515e-06,9.066592947825048e-08,4.9783260847036104e-11,1.2454317091514788e-11
211,0.211,-0.265190380761523,0.0,0.0,fwd,1.9804243670318947e-06,3,2.373053003263135e+17,4.414814532605823e-10,1.3986981642615038e-06,1.399079830800696e-06,9.110187136388392e-08,-7.305053968018612e-12,-4.326244085195441e-10,8.768483855670084e-11,9.646876575139889e-08,8.979564605007817e-07,-1.0680470621596272e-06,9.938116931440115e-08,-8.978799427156181e-07,1.0683442163497703e-06,9.110187118471997e-08,5.590708451741477e-12,1.1782710224172988e-12
212,0.212,-0.26687374749498993,0.0,0.0,fwd,1.9920217601112556e-06,3,6.708459509188782e+17,4.398584626406724e-10,1.406889995352524e-06,1.4072783039461428e-06,9.153587002219692e-08,-7.30504116450681e-12,-4.3102722606380706e-10,8.739355766840262e-11,9.701563812576799e-08,9.021241076656583e-07,-1.0752206840228262e-06,9.994763066544075e-08,-9.02045375547611e-07,1.0755263066680731e-06,9.153586265476437e-08,3.564917805398693e-11,8.826366720837697e-12
213,0.213,-0.26855711422845696,0.0,0.0,fwd,2.0036084647202355e-06,3,6.86656045129779e+17,4.450757880740109e-10,1.4150782405699575e-06,1.4154653500783496e-06,9.196791613998565e-08,-7.305082617663974e-12,-4.3613423809929497e-10,8.846479104818172e-11,9.75617997376028e-08,9.061919920699824e-07,-1.0824713371146433e-06,1.005133837438982e-07,-9.061144718019998e-07,1.0827722664308315e-06,9.196791588083613e-08,6.7459926533786074e-12,1.4691720062742775e-12
214,0.214,-0.2702404809619239,0.0,0.0,fwd,2.0151845271607564e-06,3,1.1102433717425893e+18,4.4449827731522294e-10,1.4232557616901505e-06,1.4236481740945488e-06,9.239802023014107e-08,-7.305078107292939e-12,-4.355616856771549e-10,8.838196841054469e-11,9.810725194905616e-08,9.103046690189798e-07,-1.0896684541003565e-06,1.010784285259151e-07,-9.102255208309762e-07,1.0899755851015436e-06,9.239801653539381e-08,2.5392021818504418e-11,6.1660260231022335e-12
215,0.215,-0.2719238476953908,0.0,0.0,fwd,2.0267499771836392e-06,3,4.929230469622889e+17,4.4852078022953086e-10,1.4314283650377817e-06,1.4318210105809458e-06,9.282617231801617e-08,-7.305110089854129e-12,-4.3949699608802906e-10,8.921836186503995e-11,9.86519967536312e-08,9.143454307442012e-07,-1.096917217044413e-06,1.0164276772376205e-07,-9.142668760259154e-07,1.097222052964808e-06,9.282617191928147e-08,8.39711633560114e-12,1.8746913743594718e-12
216,0.216,-0.2736072144288577,0.0,0.0,fwd,2.0383048568332414e-06,3,5.52032821024897e+17,4.4904928334408185e-10,1.4395916211693487e-06,1.4399883495147501e-06,9.325237404760346e-08,-7.305114350218095e-12,-4.400086250216928e-10,8.935493317485665e-11,9.919603563149171e-08,9.184043325144442e-07,-1.104136614860085e-06,1.0220640186869294e-07,-9.183246925947852e-07,1.1044455881237258e-06,9.32523722172578e-08,1.7977799804391736e-11,4.2622606832853904e-12
217,0.217,-0.27529058116232463,0.0,0.0,fwd,2.049849199729742e-06,3,5.001243496935711e+17,4.5204068479818207e-10,1.4477488029989622e-06,1.4481469647014276e-06,9.367662105881833e-08,-7.305138153908556e-12,-4.4293336359801927e-10,8.998583822528161e-11,9.973937042592057e-08,9.224160403553672e-07,-1.1113853081029523e-06,1.0276933311107596e-07,-9.223364643984322e-07,1.1116939965596928e-06,9.367662047961419e-08,1.015931783143742e-11,2.3030483770059007e-12
218,0.218,-0.27697394789579155,0.0,0.0,fwd,2.0613830452700698e-06,3,9.979647944422598e+17,4.5316003259861436e-10,1.4558976781526942e-06,1.4562991449296492e-06,9.409891178785481e-08,-7.305147107893841e-12,-4.440233996455545e-10,9.024339608920684e-11,1.0028200270912302e-07,9.264253822555135e-07,-1.1186230733789548e-06,1.0333156243917913e-07,-9.263450669871887e-07,1.1189345845916132e-06,9.409891063833704e-08,1.4330023279107706e-11,3.3146905359382473e-12
219,0.219,-0.27865731462925847,0.0,0.0,fwd,2.072906429327631e-06,3,4.937258652778354e+17,4.554090830755824e-10,1.4640397675281484e-06,1.4644434195466738e-06,9.451924350610349e-08,-7.305165021846582e-12,-4.462207010141883e-10,9.072570472667962e-11,1.00823934212007e-07,9.304032273990681e-07,-1.1258760187690675e-06,1.0389309159954602e-07,-9.30322644393522e-07,1.1261884974994585e-06,9.451924274539215e-08,1.1692202761537374e-11,2.663853512774317e-12
220,0.22,-0.2803406813627255,0.0,0.0,fwd,2.0844193900631642e-06,3,2.2046988854836816e+17,4.5712327037556513e-10,1.4721742344554335e-06,1.4725806794776328e-06,9.493761395970731e-08,-7.30517869306423e-12,-4.478937949692341e-10,9.110141113710668e-11,1.0136516655212286e-07,9.343660459723568e-07,-1.1331293711391854e-06,1.0445392185584881e-07,-9.342849477539383e-07,1.133443810773238e-06,9.493761308104178e-08,1.2597742293785075e-11,2.8519651917857658e-12
221,0.221,-0.2820240480961924,0.0,0.0,fwd,2.0959219646455507e-06,3,2.848757823094011e+17,4.588441172479372e-10,1.4803014858561606e-06,1.4807105703142048e-06,9.535402077293656e-08,-7.305192424209459e-12,-4.4957274535073477e-10,9.148171803419203e-11,1.0190570139202465e-07,9.383064920251427e-07,-1.140389689568977e-06,1.0501405471077679e-07,-9.38224933522136e-07,1.1407058409032556e-06,9.53540198995287e-08,1.2591247489091018e-11,2.833087930920186e-12
222,0.222,-0.28370741482965933,0.0,0.0,fwd,2.1074141907099304e-06,3,5.0590152676355584e+17,4.607297099565024e-10,1.4884214851300135e-06,1.4888331818259016e-06,9.576846156879449e-08,-7.30520745345915e-12,-4.514139704397957e-10,9.18908421576603e-11,1.0244554035874978e-07,9.422259580477155e-07,-1.1476557291445477e-06,1.0557349156045917e-07,-9.421439633727768e-07,1.1479735334343766e-06,9.576846072680042e-08,1.2393391868315007e-11,2.7707020705536323e-12
223,0.223,-0.28539078156312625,0.0,0.0,fwd,2.118896105907887e-06,3,3.43973175647855e+17,4.626113093744529e-10,1.4965343020648648e-06,1.4969484975433527e-06,9.618093401663834e-08,-7.305222458806629e-12,-4.5325054300049405e-10,9.230277653315966e-11,1.0298468507956523e-07,9.461235031954507e-07,-1.1549283045267367e-06,1.061322338210895e-07,-9.460411223016774e-07,1.1552475700712939e-06,9.618093328898451e-08,1.1551315459712441e-11,2.557334552455437e-12
224,0.224,-0.28707414829659317,0.0,0.0,fwd,2.130367748115452e-06,3,2.9635524731751066e+17,4.645412457161533e-10,1.5046398941676886e-06,1.5050566134964145e-06,9.659143575744076e-08,-7.305237846721832e-12,-4.5513455504408995e-10,9.272399514870244e-11,1.0352313716111632e-07,9.500005529461397e-07,-1.16220614376078e-06,1.0669028286904254e-07,-9.499177707483764e-07,1.162526912457107e-06,9.659143511296112e-08,1.0899808833286784e-11,2.3867539888922096e-12
225,0.225,-0.2887575150300601,0.0,0.0,fwd,2.141829155190998e-06,3,2.94523939068215e+17,4.663912046891849e-10,1.5127382885164173e-06,1.513157556192076e-06,9.699996443645749e-08,-7.305252601109331e-12,-4.5694008993235613e-10,9.31297122752639e-11,1.0406089820665097e-07,9.53856838598055e-07,-1.1694894571853687e-06,1.0724764009167223e-07,-9.537736477688297e-07,1.169811763651607e-06,9.699996386942453e-08,1.025024509715422e-11,2.2218980127997057e-12
226,0.226,-0.290440881763527,0.0,0.0,fwd,2.153280365137155e-06,3,7.390735523938543e+17,4.682850041471933e-10,1.5208295183255936e-06,1.5212513461269781e-06,9.740651770161462e-08,-7.305267706009652e-12,-4.5878834759038867e-10,9.354533814232013e-11,1.045979698051169e-07,9.576924347373672e-07,-1.1767781817190182e-06,1.0780430685943288e-07,-9.576088358248525e-07,1.177102037661082e-06,9.740651719875113e-08,9.67685653829875e-12,2.0791372096207184e-12
227,0.227,-0.29212424849699403,0.0,0.0,fwd,2.1647214160348706e-06,3,1.772865556220539e+18,4.700685448699874e-10,1.5289136217197873e-06,1.5293379990829122e-06,9.78110932171552e-08,-7.305281933039732e-12,-4.6052882167468834e-10,9.393760769249582e-11,1.0513435353842883e-07,9.615071607169123e-07,-1.184072468338182e-06,1.0836028453847179e-07,-9.614231464977196e-07,1.1843978628620078e-06,9.781109276671267e-08,9.183584448457793e-12,1.943792349301532e-12
228,0.228,-0.29380761523046095,0.0,0.0,fwd,2.1761523460425665e-06,3,3.1847937799883744e+17,4.719050106925095e-10,1.5369906175191425e-06,1.5374175501531796e-06,9.821368861490934e-08,-7.305296583162769e-12,-4.623208482712471e-10,9.43419578569582e-11,1.0567005097347145e-07,9.653011865881633e-07,-1.1913721575732006e-06,1.089155744771221e-07,-9.652167626550412e-07,1.1916990904775604e-06,9.821368820669532e-08,8.764544645600836e-12,1.8349835539943626e-12
229,0.229,-0.29549098196392787,0.0,0.0,fwd,2.187573193461069e-06,3,2.8379245706240054e+17,4.737405120368178e-10,1.5450605121324545e-06,1.5454900471050417e-06,9.861430153704384e-08,-7.305311223253759e-12,-4.641121688353511e-10,9.474492024263981e-11,1.0620506366925474e-07,9.690744879886637e-07,-1.198677232340517e-06,1.0947017801808997e-07,-9.689896443149104e-07,1.1990057693922473e-06,9.86143011722731e-08,8.30650825900392e-12,1.7161428528256195e-12
230,0.23,-0.2971743486973948,0.0,0.0,fwd,2.19898399666474e-06,3,2.6641170884457296e+17,4.756060405708697e-10,1.5531233652582467e-06,1.5535554845053178e-06,9.901292965504206e-08,-7.30532610834903e-12,-4.659322563188573e-10,9.515708360163799e-11,1.0673939317367737e-07,9.728269730405192e-07,-1.2059877985207135e-06,1.1002409649377676e-07,-9.727417105420688e-07,1.2063179125748613e-06,9.901292932223756e-08,7.954123470987895e-12,1.6235190275493139e-12
231,0.231,-0.2988577154308617,0.0,0.0,fwd,2.210384794085444e-06,3,3.640972564956698e+17,4.774294570289959e-10,1.5611791989894263e-06,1.5616138946289995e-06,9.940957061393828e-08,-7.30534065478994e-12,-4.677114980033981e-10,9.555874147526566e-11,1.0727304102486942e-07,9.76558571626207e-07,-1.2133038952422126e-06,1.1057733122708883e-07,-9.764728989142268e-07,1.2136355661412912e-06,9.940957031513659e-08,7.552930503251787e-12,1.5364688688013217e-12
232,0.232,-0.3005410821643286,0.0,0.0,fwd,2.221775624267127e-06,3,4.4603576966350675e+17,4.791854344035056e-10,1.5692280299964617e-06,1.5696653153136087e-06,9.980422207378433e-08,-7.30535466864565e-12,-4.694243969233236e-10,9.594815220115294e-11,1.0780600874962996e-07,9.802692916491274e-07,-1.2206254914812198e-06,1.111298835294243e-07,-9.801831997724442e-07,1.220958740486e-06,9.980422180442194e-08,7.1900541076530544e-12,1.4387952634864476e-12
233,0.233,-0.30222444889779554,0.0,0.0,fwd,2.233156525878564e-06,3,4.8413722085118483e+17,4.809897004059637e-10,1.577269892642102e-06,1.577709766841894e-06,1.0019688168497965e-07,-7.30536906735872e-12,-4.711844733829018e-10,9.634788800116922e-11,1.0833829786255625e-07,9.83959226374953e-07,-1.2279525105976519e-06,1.1168175469947135e-07,-9.838727141331383e-07,1.2282873346411427e-06,1.0019688143522832e-07,6.940045760295277e-12,1.372724850456919e-12
234,0.234,-0.30390781563126257,0.0,0.0,fwd,2.2445275376456705e-06,3,5.317839099607988e+17,4.827439139861423e-10,1.5853048019619758e-06,1.5857472889632388e-06,1.0058754709251667e-07,-7.305383069038331e-12,-4.728954658417273e-10,9.673777057184196e-11,1.0886990987006079e-07,9.8762837162647e-07,-1.2352849296445867e-06,1.122329460291007e-07,-9.875414319210352e-07,1.2356213621167456e-06,1.005875468639795e-07,6.653677608881026e-12,1.3055875824896646e-12
235,0.23500000000000001,-0.3055911823647295,0.0,0.0,fwd,2.2558886983619386e-06,3,5.904206014184031e+17,4.844893356209593e-10,1.5933327942646353e-06,1.593777900209717e-06,1.0097621596772198e-07,-7.305397001062718e-12,-4.745978419290475e-10,9.71258767856753e-11,1.0940084626709253e-07,9.912765693634307e-07,-1.2426228756731716e-06,1.1278345880031297e-07,-9.911892037278713e-07,1.2429609201544678e-06,1.0097621575965465e-07,6.364422877602749e-12,1.2303751767417381e-12
236,0.23600000000000002,-0.3072745490981964,0.0,0.0,fwd,2.2672400469877703e-06,3,7.568848514890528e+17,4.863304893272734e-10,1.6013539134021541e-06,1.6018016117888287e-06,1.0136288595970117e-07,-7.305411694278556e-12,-4.763938635937714e-10,9.753390456390676e-11,1.0993110853665257e-07,9.94903937123759e-07,-1.2499662648407517e-06,1.1333329428115714e-07,-9.948161567852054e-07,1.250305875430402e-06,1.0136288576826617e-07,6.117523154713922e-12,1.1767392615880112e-12
237,0.23700000000000002,-0.3089579158316633,0.0,0.0,fwd,2.27858162244263e-06,3,5.5808818039746336e+17,4.8809941150638e-10,1.6093681557843934e-06,1.6098184823593126e-06,1.0174755473107327e-07,-7.30542581454278e-12,-4.78119077315653e-10,9.792759658733274e-11,1.1046069815430657e-07,9.98510411645559e-07,-1.2573150968836488e-06,1.1388245373446694e-07,-9.98422201192728e-07,1.257656328669532e-06,1.0174755455541357e-07,5.873815323020892e-12,1.115428929776563e-12
238,0.23800000000000002,-0.31064128256513024,0.0,0.0,fwd,2.2899134638648606e-06,3,8.481715662551514e+17,4.898420357689678e-10,1.617375570290756e-06,1.6178285183681285e-06,1.0213021994385927e-07,-7.305439730142668e-12,-4.798181157950054e-10,9.831798569726047e-11,1.1098961658304491e-07,1.002095955833504e-06,-1.2646694175499906e-06,1.144309384103654e-07,-1.0020073206717939e-06,1.2650122546836728e-06,1.0213021978226047e-07,5.645706124823846e-12,1.065009191947297e-12
239,0.23900000000000002,-0.31232464929859716,0.0,0.0,fwd,2.3012356103948604e-06,3,5.5699429651051994e+17,4.915651508944377e-10,1.6253761921850457e-06,1.6258317398871514e-06,1.0251087926004082e-07,-7.305453485295987e-12,-4.81498589263718e-10,9.870175510240387e-11,1.1151786527567118e-07,1.0056605417863018e-06,-1.2720292475176809e-06,1.1497874954920616e-07,-1.0055714886048062e-06,1.2723736537989527e-06,1.0251087911118673e-07,5.431280425405305e-12,1.0097131464270603e-12
240,0.24,-0.3140080160320641,0.0,0.0,fwd,2.3125481012721807e-06,3,1.1772445817392246e+18,4.932032176101565e-10,1.6333700114237457e-06,1.6338282124440113e-06,1.028895303310937e-07,-7.305466572947638e-12,-4.830950223189134e-10,9.90719103977078e-11,1.1204544567461134e-07,1.0092043033205211e-06,-1.2793944217798225e-06,1.1552588838010322e-07,-1.0091148162361119e-06,1.2797404754655295e-06,1.0288953019303244e-07,5.243069867155725e-12,9.593402461316458e-13
241,0.241,-0.3156913827655311,0.0,0.0,fwd,2.3238509758724766e-06,3,6.102317239293371e+17,4.949997007133749e-10,1.6413570976427794e-06,1.6418179220059929e-06,1.0326617082255117e-07,-7.305480914949206e-12,-4.848469317003667e-10,9.947254131503769e-11,1.125723592095561e-07,1.01272717470402e-06,-1.2867650350939508e-06,1.1607235612121891e-07,-1.0126372591429122e-06,1.2871126906996433e-06,1.0326617069312894e-07,5.086625565198233e-12,9.252650728930334e-13
242,0.242,-0.317374749498998,0.0,0.0,fwd,2.335144273559755e-06,3,3.4457016143707354e+17,4.967234676721658e-10,1.6493374689883115e-06,1.6498009061399732e-06,1.0364079841290636e-07,-7.305494678321392e-12,-4.865277052762407e-10,9.985802462697535e-11,1.1309860730468855e-07,1.0162289453413687e-06,-1.2941412296518795e-06,1.1661815398713587e-07,-1.016138609297168e-06,1.2944904645290078e-06,1.0364079829405922e-07,4.884800897109187e-12,8.795134759376211e-13
243,0.243,-0.31905811623246494,0.0,0.0,fwd,2.3464280338293465e-06,3,6.44014289718344e+17,4.984569815030819e-10,1.6573111300685903e-06,1.657777216038673e-06,1.0401341074462169e-07,-7.305508524649866e-12,-4.882175237003183e-10,1.0024790025875419e-10,1.136241913691522e-07,1.0197099146735944e-06,-1.301522729306448e-06,1.17163283173327e-07,-1.0196191500833063e-06,1.3018735928946312e-06,1.0401341063439091e-07,4.714062473709646e-12,8.417676278238417e-13
244,0.244,-0.32074148296593186,0.0,0.0,fwd,2.3577022962930236e-06,3,1.6463473173269683e+17,5.001591941290598e-10,1.6652781221708955e-06,1.6657468664243188e-06,1.0438400549277136e-07,-7.305522121302145e-12,-4.898767658884084e-10,1.0063102434676452e-10,1.1414911280416303e-07,1.0231699626161994e-06,-1.3089096347063123e-06,1.1770774487132361e-07,-1.0230787643866757e-06,1.3092621401616933e-06,1.0438400538982633e-07,4.564765232473178e-12,8.090403347260633e-13
245,0.245,-0.3224248496993988,0.0,0.0,fwd,2.368967100624215e-06,3,4.5631045550043704e+18,5.018919890834936e-10,1.673238496544558e-06,1.6737098621142092e-06,1.0475258033707358e-07,-7.305535964136609e-12,-4.915656423576387e-10,1.01021864484796e-10,1.146733729996639e-07,1.026608913087812e-06,-1.3163021018794407e-06,1.1825154026215619e-07,-1.0265172954021518e-06,1.3166561882299588e-06,1.0475258024057961e-07,4.429845379405606e-12,7.697106840787171e-13
246,0.246,-0.3241082164328657,0.0,0.0,fwd,2.38022248647593e-06,3,4.341658954392939e+17,5.035478749748469e-10,1.681192245882743e-06,1.6816662664873645e-06,1.0511913292728295e-07,-7.305549194275084e-12,-4.931793931572948e-10,1.0139614148307885e-10,1.1519697333556619e-07,1.0300269948568253e-06,-1.323699896055297e-06,1.1879467051397077e-07,-1.0299349436498906e-06,1.3240556143712112e-06,1.0511913283616743e-07,4.312494805702727e-12,7.472321372770097e-13
247,0.247,-0.3257915831663326,0.0,0.0,fwd,2.3914684937571473e-06,3,2.1276411949116303e+18,5.051927303960384e-10,1.6891394178259776e-06,1.6896160882972158e-06,1.0548366094858691e-07,-7.305562336136845e-12,-4.947823990797406e-10,1.0176787884619287e-10,1.1571991518110612e-07,1.0334239706200066e-06,-1.3311032157695135e-06,1.1933713678838142e-07,-1.033331497687917e-06,1.3314605474823438e-06,1.0548366086385963e-07,4.16820744586488e-12,7.076249308735072e-13
248,0.248,-0.32747494989979964,0.0,0.0,fwd,2.4027051622975175e-06,3,5.004058828669231e+18,5.069555533096736e-10,1.6970800352423039e-06,1.6975593609323544e-06,1.0584616204721542e-07,-7.305576417040506e-12,-4.965006704382713e-10,1.0216479745528417e-10,1.1624219989298186e-07,1.0368001430172136e-06,-1.3385118080994074e-06,1.1987894023031292e-07,-1.036707240525958e-06,1.3388707633746333e-06,1.0584616196720888e-07,4.05810107739768e-12,6.845322919613039e-13
249,0.249,-0.32915831663326656,0.0,0.0,fwd,2.413932532104059e-06,3,9.966740719322231e+17,5.085473848293063e-10,1.7050141337138433e-06,1.7054961054415212e-06,1.0620663392513563e-07,-7.305589143181143e-12,-4.98051226996421e-10,1.0252827059575864e-10,1.1676382882345707e-07,1.0401551470209935e-06,-1.3459259543407986e-06,1.2042008198653085e-07,-1.0400618143668883e-06,1.3462865192173656e-06,1.0620663384967528e-07,3.949132687530721e-12,6.58126331209985e-13
250,0.25,-0.3308416833667335,0.0,0.0,fwd,2.4251506431897374e-06,3,3.413403627467916e+17,5.102254653773721e-10,1.7129417341090175e-06,1.7134263574296098e-06,1.0656507423476657e-07,-7.305602553128831e-12,-4.996863357115133e-10,1.0290879259855501e-10,1.1728480330750224e-07,1.0434891822772019e-06,-1.3533454791131438e-06,1.2096056318176096e-07,-1.043395422659077e-06,1.3537076554645533e-06,1.0656507416395176e-07,3.833419692789164e-12,6.306066779870889e-13
251,0.251,-0.3325250501002004,0.0,0.0,fwd,2.4363595357128286e-06,3,6.003166140939437e+17,5.118797616599283e-10,1.7208628492110998e-06,1.7213501608968698e-06,1.0692148064497701e-07,-7.305615772917623e-12,-5.012982841334779e-10,1.0328382593627339e-10,1.1780512467367475e-07,1.0468023195070453e-06,-1.360770297394176e-06,1.2150038493605837e-07,-1.0467081202197859e-06,1.3611341388511389e-06,1.06921480578089e-07,3.731931430550617e-12,6.133669960828314e-13
252,0.252,-0.3342084168336673,0.0,0.0,fwd,2.447559249837619e-06,3,7.846144012820168e+17,5.134927269444953e-10,1.7287775600245515e-06,1.729267491618536e-06,1.0727585086029982e-07,-7.305628670635371e-12,-5.028691508340843e-10,1.0365339142559549e-10,1.183247942406924e-07,1.0500941746149905e-06,-1.3682007599588597e-06,1.2203954836375137e-07,-1.0499995599377865e-06,1.3685661585521869e-06,1.072758507976708e-07,3.6197711494878604e-12,5.782908873985804e-13
253,0.253,-0.33589178356713423,0.0,0.0,fwd,2.4587498258542057e-06,3,3.984639960774282e+17,5.153072934613824e-10,1.7366858381298437e-06,1.7371784348662536e-06,1.0762818251441625e-07,-7.305643167538089e-12,-5.04637571313582e-10,1.0406323025513586e-10,1.1884381331174294e-07,1.0533652489014278e-06,-1.3756363984734898e-06,1.2257805455649187e-07,-1.0532702034993235e-06,1.376003420608396e-06,1.0762818245458214e-07,3.5435682166351512e-12,5.681531634049719e-13
254,0.254,-0.33757515030060115,0.0,0.0,fwd,2.4699313041079945e-06,3,7.304234749022787e+17,5.169107845815347e-10,1.7445877301286257e-06,1.7450830011784536e-06,1.0797847331070064e-07,-7.305655987858202e-12,-5.061993602062387e-10,1.044298536534427e-10,1.19362183188494e-07,1.0566152187432842e-06,-1.38307747319516e-06,1.231159046120421e-07,-1.056519746134299e-06,1.3834461251027719e-06,1.0797847325464591e-07,3.4371117063614065e-12,5.400679903289074e-13
255,0.255,-0.3392585170340682,0.0,0.0,fwd,2.4811037250093086e-06,3,3.785328766775697e+17,5.185736237453822e-10,1.7524832890584116e-06,1.7529811945479994e-06,1.08326720935069e-07,-7.305669280558001e-12,-5.078191270269095e-10,1.048091821664876e-10,1.1987990515506633e-07,1.0598439901116086e-06,-1.3905240750858305e-06,1.2365309960880418e-07,-1.059748096665647e-06,1.3908942990067952e-06,1.0832672088136492e-07,3.371025680820594e-12,5.209235820480274e-13
256,0.256,-0.3409418837675351,0.0,0.0,fwd,2.4922671290495975e-06,3,5.019536790056852e+17,5.201641265397606e-10,1.7603724933368292e-06,1.7608730938008812e-06,1.086729230378588e-07,-7.30568199812243e-12,-5.093681327422717e-10,1.0517343246307931e-10,1.2039698048790304e-07,1.0630518885862417e-06,-1.3979758812510124e-06,1.2418964061443708e-07,-1.0629555605295993e-06,1.3983477614581963e-06,1.086729229867056e-07,3.2945729477873442e-12,5.135405989342701e-13
257,0.257,-0.342625250501002,0.0,0.0,fwd,2.5034215567817194e-06,3,4.6422775510632224e+17,5.218575313345182e-10,1.768255420413957e-06,1.768758678749993e-06,1.0901707731985708e-07,-7.305695539201406e-12,-5.110172892480724e-10,1.0556154561580655e-10,1.2091341045206161e-07,1.0662386344464925e-06,-1.4054331550841792e-06,1.2472552869061625e-07,-1.0661418862190075e-06,1.4058066312959416e-06,1.0901707727205046e-07,3.1908087283483155e-12,4.92154927922428e-13
258,0.258,-0.3443086172344689,0.0,0.0,fwd,2.5145670488535474e-06,3,3.982300392099866e+17,5.234185902834856e-10,1.7761320658687356e-06,1.7766380113116192e-06,1.0935918145528458e-07,-7.3057080249038e-12,-5.125372574271703e-10,1.0592075827542402e-10,1.2142919630502095e-07,1.0694043541675802e-06,-1.4128957473852344e-06,1.252607648886577e-07,-1.0693071697404077e-06,1.413270866026245e-06,1.0935918140980779e-07,3.118366675991524e-12,4.71588046391247e-13
259,0.259,-0.34599198396793585,0.0,0.0,fwd,2.5257036459638432e-06,3,1.7637695706532242e+18,5.250806983614279e-10,1.784002478202317e-06,1.7845111004262933e-06,1.0969923312695992e-07,-7.305721315949238e-12,-5.141558880039643e-10,1.0630187702309613e-10,1.2194433929009053e-07,1.072548999399292e-06,-1.420363708433403e-06,1.2579535024721662e-07,-1.0724513866827712e-06,1.4207404480069685e-06,1.0969923308352635e-07,3.0528218841752164e-12,4.577518919468559e-13
260,0.26,-0.34767535070140276,0.0,0.0,fwd,2.5368313888728543e-06,3,5.39081159578372e+17,5.26651838635479e-10,1.791866687675002e-06,1.7923779734799386e-06,1.1003723003139505e-07,-7.305733885057908e-12,-5.156853902232861e-10,1.0666472566311924e-10,1.2245884064465107e-07,1.0756724199631473e-06,-1.4278371418610658e-06,1.2632928580060246e-07,-1.0755743840296095e-06,1.4282154794653668e-06,1.1003722999031048e-07,2.9742180940317553e-12,4.423683641618936e-13
261,0.261,-0.3493587174348697,0.0,0.0,fwd,2.547950318451118e-06,3,6.445048628305852e+17,5.283521498141188e-10,1.7997247166222367e-06,1.800238665816321e-06,1.1037316982872378e-07,-7.305747480955798e-12,-5.173412809256206e-10,1.070542821057785e-10,1.2297270159079987e-07,1.0787748926655016e-06,-1.4353158193369797e-06,1.2686257256425626e-07,-1.0786764371439883e-06,1.4356957496394762e-06,1.1037316978921105e-07,2.9211910668180963e-12,4.346661919285566e-13
262,0.262,-0.3510420841683367,0.0,0.0,fwd,2.5590604755804527e-06,3,8.566532548697402e+17,5.29954376860492e-10,1.8075765900045048e-06,1.80809321029799e-06,1.1070705021996735e-07,-7.30576029899951e-12,-5.189010037626174e-10,1.0742446515665804e-10,1.2348592334586948e-07,1.081856242167445e-06,-1.4427998567892453e-06,1.2739521155350187e-07,-1.0817573568716599e-06,1.4431813947154981e-06,1.1070705018239744e-07,2.854036451616082e-12,4.159138311532473e-13
263,0.263,-0.3527254509018036,0.0,0.0,fwd,2.570161901258813e-06,3,2.940597981012762e+17,5.315524712025718e-10,1.81542233767723e-06,1.8159416349629772e-06,1.1103886889201908e-07,-7.305773082156051e-12,-5.20456877248221e-10,1.0779283021733477e-10,1.239985071135169e-07,1.0849164548826229e-06,-1.4502892540096957e-06,1.2792720376867798e-07,-1.084817144919592e-06,1.4506724007219696e-06,1.1103886885619598e-07,2.7913782396638e-12,4.0462425077159025e-13
264,0.264,-0.35440881763527055,0.0,0.0,fwd,2.5812546365131664e-06,3,8.913310486864481e+17,5.331288098936381e-10,1.8232619851021456e-06,1.8237839723137034e-06,1.1136862353204014e-07,-7.305785698208875e-12,-5.219908984221977e-10,1.0815939810449038e-10,1.2451045408820943e-07,1.087955544119834e-06,-1.4577839850815622e-06,1.284585502012438e-07,-1.0878558030225083e-06,1.458168759224665e-06,1.1136862349755303e-07,2.7431668048194524e-12,3.9572511933982923e-13
265,0.265,-0.35609218436873746,0.0,0.0,fwd,2.5923387224753225e-06,3,2.9468384332635405e+17,5.347406584670812e-10,1.8310955712932981e-06,1.8316202414289343e-06,1.1169631182495413e-07,-7.305798594470785e-12,-5.235598534575336e-10,1.085323775296132e-10,1.2502176545355437e-07,1.0909735303488155e-06,-1.4652840357592956e-06,1.2898925183195568e-07,-1.0908733686226801e-06,1.4656704183935165e-06,1.1169631179241313e-07,2.669683918377075e-12,3.7710806699564614e-13
266,0.266,-0.3577755511022044,0.0,0.0,fwd,2.6034142003104255e-06,3,7.087126934272974e+17,5.363136426300198e-10,1.838923129668136e-06,1.8394504670654243e-06,1.1202193146875213e-07,-7.30581118224065e-12,-5.25090724373678e-10,1.0889756457688193e-10,1.2553244238445227e-07,1.0939703465884243e-06,-1.4727894498273164e-06,1.295193096342221e-07,-1.0938697624501836e-06,1.4731774204135295e-06,1.1202193143731854e-07,2.6279534104389768e-12,3.692740557781349e-13
267,0.267,-0.3594589178356713,0.0,0.0,fwd,2.6144811112952286e-06,3,3.594418099942429e+17,5.379896772133587e-10,1.8467446720964725e-06,1.8472746956156122e-06,1.1234548014130365e-07,-7.305824590970728e-12,-5.267222179250464e-10,1.0928505322915782e-10,1.260424860430549e-07,1.096946125246634e-06,-1.4803000959046075e-06,1.3004872456717406e-07,-1.0968451135129342e-06,1.4806896795963032e-06,1.1234548011112737e-07,2.5794505420506653e-12,3.560485239972877e-13
268,0.268,-0.3611422845691382,0.0,0.0,fwd,2.6255394966851097e-06,3,4.8001897825584794e+17,5.395151585418952e-10,1.8545602370502406e-06,1.855092946958365e-06,1.1266695555653636e-07,-7.305836805252002e-12,-5.282062166128698e-10,1.0964225360954316e-10,1.2655189758610612e-07,1.0999006299361458e-06,-1.4878161493717124e-06,1.3057749758835498e-07,-1.0997991892469638e-06,1.4882073452009148e-06,1.126669555276321e-07,2.5281304827373674e-12,3.4880431876160856e-13
269,0.269,-0.36282565130260525,0.0,0.0,fwd,2.636589397906798e-06,3,4.510797167342444e+17,5.410829712343595e-10,1.8623698583811903e-06,1.86290524570405e-06,1.129863553943951e-07,-7.305849353370136e-12,-5.297318850933097e-10,1.1000698268981424e-10,1.2706067815507643e-07,1.102833997596031e-06,-1.4953375027798588e-06,1.311056296368416e-07,-1.1027321400042256e-06,1.4957302884380241e-06,1.1298635536675666e-07,2.4762691896995648e-12,3.370810575109573e-13
270,0.27,-0.36450901803607216,0.0,0.0,fwd,2.6476308563824273e-06,3,1.506028382332817e+18,5.426497617431335e-10,1.8701735496420512e-06,1.8707116368163452e-06,1.1330367733989035e-07,-7.305861896300193e-12,-5.312562334491844e-10,1.1037301628213925e-10,1.2756882888355167e-07,1.1057463524394295e-06,-1.502864033685325e-06,1.3163312164457885e-07,-1.1056440664819478e-06,1.5032584434020169e-06,1.133036773134746e-07,2.4245189189642247e-12,3.281958038670041e-13
271,0.271,-0.3661923847695391,0.0,0.0,fwd,2.6586639135976016e-06,3,2.1447687889337696e+17,5.441988112924231e-10,1.8779713628813333e-06,1.8785121268520927e-06,1.1361891911571316e-07,-7.305874298331614e-12,-5.327632033452767e-10,1.1073544858852813e-10,1.2807635089592323e-07,1.1086373760127444e-06,-1.5103959933246425e-06,1.3215997453851025e-07,-1.10853466825378e-06,1.510791991354149e-06,1.1361891909015255e-07,2.388603204117601e-12,3.20798942965439e-13
272,0.272,-0.367875751503006,0.0,0.0,fwd,2.6696886111475814e-06,3,2.7337286407408174e+18,5.458645219613553e-10,1.8857633112133513e-06,1.8863067614035586e-06,1.1393207839718855e-07,-7.30588762864497e-12,-5.343842261057441e-10,1.1112245151823075e-10,1.285832453036535e-07,1.1115073051889968e-06,-1.5179331755571512e-06,1.3268618922805854e-07,-1.1114041759685556e-06,1.5183307712565708e-06,1.1393207837269856e-07,2.342293026202924e-12,3.066852327648917e-13
273,0.273,-0.3695591182364729,0.0,0.0,fwd,2.6807049906614625e-06,3,5.110577469718316e+17,5.473160530246329e-10,1.8935494165364663e-06,1.894095577460286e-06,1.1424315288981394e-07,-7.305899258658799e-12,-5.357954635520912e-10,1.1146616962776079e-10,1.2908951321323745e-07,1.1143560814524944e-06,-1.5254756026150673e-06,1.332117666209216e-07,-1.1142525223467592e-06,1.5258748304602943e-06,1.1424315286630506e-07,2.298022883095996e-12,3.0091207303684087e-13
274,0.274,-0.37124248496993983,0.0,0.0,fwd,2.6917130938125222e-06,3,5.409329959620415e+17,5.489808993261593e-10,1.9013297283521215e-06,1.901878584258605e-06,1.1455214028853182e-07,-7.305912584909044e-12,-5.37415332721447e-10,1.1185442155836611e-10,1.2959515571388217e-07,1.117183719798187e-06,-1.5330232769755758e-06,1.3373670760682547e-07,-1.1170797389464804e-06,1.5334241093498124e-06,1.145521402657576e-07,2.265340692808593e-12,2.930919396071374e-13
275,0.275,-0.37292585170340675,0.0,0.0,fwd,2.702712962395138e-06,3,3.640228967274501e+17,5.505468571748591e-10,1.90910428103359e-06,1.909655806540245e-06,1.148590383174449e-07,-7.305925123696581e-12,-5.38938610752937e-10,1.1222138496247425e-10,1.3010017389229074e-07,1.1199899593097862e-06,-1.5405763829356989e-06,1.3426101307625473e-07,-1.1198855630334403e-06,1.5409787816611509e-06,1.1485903829555464e-07,2.2240681518681527e-12,2.865485626557529e-13
276,0.276,-0.3746092184368738,0.0,0.0,fwd,2.713704638185838e-06,3,5.572508519662896e+17,5.520236349910664e-10,1.916873072031289e-06,1.91742730584174e-06,1.1516384465208833e-07,-7.305936956535096e-12,-5.403743182086362e-10,1.1257136889319952e-10,1.3060456882068627e-07,1.122775110495855e-06,-1.548134642766208e-06,1.347846839003399e-07,-1.1226702871097727e-06,1.5485386622923758e-06,1.151638446310216e-07,2.1850576903403862e-12,2.788810848919354e-13
277,0.277,-0.3762925851703407,0.0,0.0,fwd,2.724688163067817e-06,3,1.8333397365908214e+17,5.536793993390326e-10,1.9246361706417938e-06,1.9251930719468373e-06,1.1546655700326606e-07,-7.305950210747836e-12,-5.419852778382195e-10,1.129577750780264e-10,1.3110834156005387e-07,1.1255390514469665e-06,-1.5556981827410943e-06,1.3530772094301496e-07,-1.1254338105060047e-06,1.5561037636016573e-06,1.1546655698300393e-07,2.1462831512053526e-12,2.69562150378988e-13
278,0.278,-0.3779759519038076,0.0,0.0,fwd,2.7356635789886223e-06,3,5.2359766901219686e+17,5.551545620274175e-10,1.9323935620953883e-06,1.9329531789516595e-06,1.1576717307260383e-07,-7.305962032124936e-12,-5.434192436315488e-10,1.1330814758681029e-10,1.316114931665881e-07,1.1282818395338956e-06,-1.5632668947662687e-06,1.3583012506259684e-07,-1.1281761713999305e-06,1.5636741014131428e-06,1.157671730528646e-07,2.121511299968404e-12,2.6362939609114733e-13
279,0.279,-0.37965931863727453,0.0,0.0,fwd,2.7466309279733397e-06,3,1.9057204140085673e+18,5.56686528128937e-10,1.940145314595433e-06,1.9407076179383743e-06,1.1606569057714205e-07,-7.305974306479375e-12,-5.449086442482765e-10,1.1367094071568218e-10,1.321140246816544e-07,1.1310033040529133e-06,-1.5708409379852628e-06,1.363518971046431e-07,-1.1308972168583287e-06,1.5712497266132108e-06,1.1606569055824214e-07,2.0787399579447197e-12,2.5710683582147453e-13
280,0.28,-0.38134268537074145,0.0,0.0,fwd,2.757590252055088e-06,3,3.201643335717705e+17,5.58318816743199e-10,1.9478914429497853e-06,1.948456433436229e-06,1.163621072055464e-07,-7.30598737998293e-12,-5.464960255163742e-10,1.1405532768238302e-10,1.3261593713744672e-07,1.1337036536634981e-06,-1.5784201317786684e-06,1.3687303790260782e-07,-1.1335971533410483e-06,1.5788304970551503e-06,1.1636210718705212e-07,2.059782899799245e-12,2.4771157347558415e-13
281,0.281,-0.38302605210420837,0.0,0.0,fwd,2.768541593359344e-06,3,7.453970424183356e+17,5.598724268917331e-10,1.9556319671451247e-06,1.956199664987548e-06,1.1665642068165251e-07,-7.30599982350573e-12,-5.480068655805415e-10,1.14421291885769e-10,1.331172315591457e-07,1.1363827020632877e-06,-1.5860045863846928e-06,1.3739354828708042e-07,-1.1362757805916113e-06,1.58641655709571e-06,1.166564206638982e-07,2.0205642714543615e-12,2.4419008481935123e-13
282,0.28200000000000003,-0.3847094188376754,0.0,0.0,fwd,2.7794849940519653e-06,3,6.666567497880596e+17,5.613320165583917e-10,1.963366921724627e-06,1.9639373375918496e-06,1.169486287077357e-07,-7.306011524524742e-12,-5.494252240667574e-10,1.1477011008231841e-10,1.3361790895989573e-07,1.1390405268638104e-06,-1.5935942400402414e-06,1.3791342907444482e-07,-1.1389331741190611e-06,1.594007834660599e-06,1.169486286906011e-07,1.987535136471763e-12,2.3966939544095567e-13
283,0.28300000000000003,-0.3863927855711423,0.0,0.0,fwd,2.7904204964057193e-06,3,4.929767862978634e+17,5.62887021391841e-10,1.9710963572245966e-06,1.9716694603504653e-06,1.1723872899588818e-07,-7.306023985054375e-12,-5.509368187356367e-10,1.1513923148243066e-10,1.3411797034133012e-07,1.1416770742886384e-06,-1.6011891448355908e-06,1.3843268107096065e-07,-1.141569305335155e-06,1.6016043128085078e-06,1.1723872897925437e-07,1.960986928395414e-12,2.3405929971964667e-13
284,0.28400000000000003,-0.38807615230460923,0.0,0.0,fwd,2.8013481426839843e-06,3,9.959660279507118e+17,5.645039278135732e-10,1.97882029808861e-06,1.9793960684984566e-06,1.1752671925856271e-07,-7.306036938093963e-12,-5.525089517843806e-10,1.1552127310299198e-10,1.3461741669705726e-07,1.1442923261786864e-06,-1.6087892949351312e-06,1.389513050751695e-07,-1.1441841449438828e-06,1.609206007092967e-06,1.1752671924257264e-07,1.925223869214676e-12,2.281126676439982e-13
285,0.28500000000000003,-0.38975951903807615,0.0,0.0,fwd,2.8122679752863405e-06,3,7.326404540018845e+17,5.659243919129185e-10,1.9865387304258425e-06,1.987117235849999e-06,1.1781259719001634e-07,-7.306048329390084e-12,-5.538888826761568e-10,1.1586261117191299e-10,1.3511624901218775e-07,1.146886512967682e-06,-1.6163944608627023e-06,1.3946930187531175e-07,-1.1467779044288529e-06,1.6168128094372347e-06,1.1781259717438425e-07,1.9060863998277e-12,2.2394239240774994e-13
286,0.28600000000000003,-0.39144288577154307,0.0,0.0,fwd,2.823180036571361e-06,3,6.204573268569471e+17,5.674526984675076e-10,1.9942517318570957e-06,1.9948329445111022e-06,1.1809636053091424e-07,-7.306060582039304e-12,-5.553739221980658e-10,1.1622819373613424e-10,1.356144682582409e-07,1.1494592779756618e-06,-1.624004942815671e-06,1.3998667225143376e-07,-1.149350251888892e-06,1.6244248848690246e-06,1.1809636051568076e-07,1.8842427618182e-12,2.1832188834558508e-13
287,0.28700000000000003,-0.39312625250501,0.0,0.0,fwd,2.83408436906196e-06,3,1.020812313285915e+18,5.689457996666474e-10,2.0019593246566287e-06,2.0025432322788682e-06,1.1837800697968629e-07,-7.306072551819223e-12,-5.568247841980511e-10,1.1658517901080856e-10,1.3611207539961927e-07,1.1520108138540763e-06,-1.6316205825109287e-06,1.405034169720941e-07,-1.151901367263397e-06,1.6320421033361177e-06,1.1837800696509229e-07,1.8469392681907948e-12,2.098390905480585e-13
288,0.28800000000000003,-0.3948096192384769,0.0,0.0,fwd,2.844981015249998e-06,3,2.2334563331968045e+17,5.705134802343796e-10,2.00966153064535e-06,2.0102481372844416e-06,1.18657534256786e-07,-7.30608511656038e-12,-5.583484161131302e-10,1.169585331362022e-10,1.3660907138905983e-07,1.1545410547597612e-06,-1.6392414045052206e-06,1.4101953679680277e-07,-1.1544311869227109e-06,1.639664507866595e-06,1.1865753424257174e-07,1.824929096727601e-12,2.0710516634991905e-13
289,0.289,-0.39649298597194393,0.0,0.0,fwd,2.8558700177456567e-06,3,9.051328545913805e+17,5.720433696135675e-10,2.0173583906560694e-06,2.0179476788813773e-06,1.189349400797596e-07,-7.306097383384166e-12,-5.598348069846271e-10,1.1732530225128102e-10,1.371054571714056e-07,1.1570499808197243e-06,-1.6468674238837022e-06,1.4153503247713187e-07,-1.156939707494531e-06,1.6472920756523124e-06,1.189349400659108e-07,1.8037515925328762e-12,2.0171711523353508e-13
290,0.29,-0.39817635270541085,0.0,0.0,fwd,2.8667514191939954e-06,3,4.853519145537618e+17,5.734814968183551e-10,2.025049897074213e-06,2.025641924887643e-06,1.1921022215801824e-07,-7.306108916690655e-12,-5.612318162290242e-10,1.1767113672345175e-10,1.3760123368069033e-07,1.159537700641533e-06,-1.6544985061706097e-06,1.420499047532738e-07,-1.159426998714741e-06,1.654924791968937e-06,1.1921022214466405e-07,1.773178825992261e-12,1.9936829964706249e-13
291,0.291,-0.39985971943887777,0.0,0.0,fwd,2.8776252622839997e-06,3,4.945025950118159e+17,5.750376468024624e-10,2.0327361503620288e-06,2.0333308350601218e-06,1.1948337822405594e-07,-7.306121394994745e-12,-5.627436034522093e-10,1.180447059545564e-10,1.3809640183959972e-07,1.1620040195059467e-06,-1.6621348619891285e-06,1.4256415435673963e-07,-1.1618929161710811e-06,1.6625626598869292e-06,1.1948337821109928e-07,1.748934330692009e-12,1.9349105651045306e-13
292,0.292,-0.4015430861723447,0.0,0.0,fwd,2.8884915897758867e-06,3,2.694390955267133e+17,5.765259019876233e-10,2.0404171022980793e-06,2.041014518008455e-06,1.197544059821423e-07,-7.306133330760998e-12,-5.641892612817667e-10,1.1840275981889192e-10,1.3859096256334962e-07,1.16444914546876e-06,-1.6697762377226866e-06,1.430777820088499e-07,-1.1643376138931183e-06,1.6702056555677192e-06,1.197544059694841e-07,1.730837695390619e-12,1.8960527592426502e-13
293,0.293,-0.4032264529058116,0.0,0.0,fwd,2.8993504444923328e-06,3,6.86248108337153e+17,5.780163550363437e-10,2.0480928372769528e-06,2.0486929497769436e-06,1.200233031709527e-07,-7.306145288430993e-12,-5.656366174056071e-10,1.187633949517597e-10,1.3908491675624938e-07,1.1668728428018693e-06,-1.6774228521060364e-06,1.4359078842396183e-07,-1.1667609000065582e-06,1.6778538345640914e-06,1.2002330315865796e-07,1.7077728120540314e-12,1.8660073486387319e-13
294,0.294,-0.4049098196392785,0.0,0.0,fwd,2.9102018692857152e-06,3,3.43333020908404e+17,5.794900652261206e-10,2.055763364508739e-06,2.0563661816395124e-06,1.202900674967673e-07,-7.306157112031555e-12,-5.670676376384742e-10,1.1912031777638887e-10,1.395782653125128e-07,1.1692753031020131e-06,-1.6850745337415596e-06,1.4410317430309602e-07,-1.1691629378390855e-06,1.6855070966714791e-06,1.20290067484855e-07,1.6833062721488545e-12,1.7984919109537145e-13
295,0.295,-0.40659318637274544,0.0,0.0,fwd,2.921045907106393e-06,3,8.727207578777444e+17,5.810439304170725e-10,2.063428707945592e-06,2.064034250235376e-06,1.205546966826094e-07,-7.30616957183327e-12,-5.685771957419927e-10,1.1949326944593608e-10,1.4007100911595989e-07,1.1716565076341778e-06,-1.692731276162207e-06,1.446149403389656e-07,-1.171543725392299e-06,1.6931654392496331e-06,1.2055469667109763e-07,1.6568274530115445e-12,1.7468665403086447e-13
296,0.296,-0.40827655310621247,0.0,0.0,fwd,2.931882600917172e-06,3,4.161967845992245e+17,5.825939749848064e-10,2.071088930592533e-06,2.071697153228028e-06,1.2081718846697102e-07,-7.306182003815246e-12,-5.700827501037287e-10,1.1986666520469313e-10,1.4056314904263553e-07,1.1740162923767894e-06,-1.7003932206369199e-06,1.4512608721836464e-07,-1.1739031031965386e-06,1.700828920793429e-06,1.2081718845551765e-07,1.6546763959013333e-12,1.7198048540834066e-13
297,0.297,-0.4099599198396794,0.0,0.0,fwd,2.9427119937670235e-06,3,9.227084931444187e+17,5.841904515592092e-10,2.0787440288185736e-06,2.079354954980999e-06,1.2107754056347315e-07,-7.306194802443374e-12,-5.716339797345871e-10,1.2024847784175563e-10,1.410546859568161e-07,1.1763547822576936e-06,-1.7080602270347356e-06,1.4563661561404502e-07,-1.176241178485471e-06,1.7084974963492428e-06,1.2107754055239793e-07,1.6286277881860656e-12,1.717306852278e-13
298,0.298,-0.4116432865731463,0.0,0.0,fwd,2.9535341287342182e-06,3,2.1417131472455178e+17,5.856295450584308e-10,2.086394035675327e-06,2.0870076832956193e-06,1.213357507056678e-07,-7.306206356171298e-12,-5.730305813189673e-10,1.2060073079078748e-10,1.4154562071578333e-07,1.1786719015388636e-06,-1.7157323386474133e-06,1.4614652619402006e-07,-1.1785578760831195e-06,1.7161712023393283e-06,1.2133575069494034e-07,1.6048551376712794e-12,1.6638773692179143e-13
299,0.299,-0.4133266533066132,0.0,0.0,fwd,2.9643490489864632e-06,3,2.702755144957023e+17,5.870955626146541e-10,2.0940389983321123e-06,2.0946553518756224e-06,1.2159181661940342e-07,-7.306218122239794e-12,-5.744537172336361e-10,1.2095761892094714e-10,1.4203595416343427e-07,1.180967644412445e-06,-1.723409567430667e-06,1.466558196124145e-07,-1.1808532068419142e-06,1.723849998580551e-06,1.2159181660894304e-07,1.5864393132503096e-12,1.6433035487928294e-13
300,0.3,-0.41501002004008014,0.0,0.0,fwd,2.9751567977000734e-06,3,3.7307481800362035e+17,5.885625857251627e-10,2.101678936751093e-06,2.1022980016934795e-06,1.2184573602485175e-07,-7.306229897016847e-12,-5.758777257142134e-10,1.21315214818285e-10,1.4252568713553784e-07,1.1832421042343166e-06,-1.7310918243862439e-06,1.4716449651486125e-07,-1.1831272543755267e-06,1.7315338283856174e-06,1.2184573601464942e-07,1.5687173782197306e-12,1.5919904283734354e-13
301,0.301,-0.41669338677354717,0.0,0.0,fwd,2.985957418157836e-06,3,1.4179886026468756e+18,5.901082709631397e-10,2.1093138925436205e-06,2.1099356521975527e-06,1.2209750665842562e-07,-7.306242298188e-12,-5.773785824447764e-10,1.2168961671665812e-10,1.430148204575958e-07,1.1854951894943455e-06,-1.7387791734699287e-06,1.4767255753875622e-07,-1.1853799280758803e-06,1.739222728197598e-06,1.2209750664838315e-07,1.5581147483345603e-12,1.5683981891001508e-13
302,0.302,-0.4183767535070141,0.0,0.0,fwd,2.996750953657519e-06,3,1.843881244749163e+18,5.916761217396494e-10,2.11694388169127e-06,2.1175683485153334e-06,1.2234712625378556e-07,-7.30625487325237e-12,-5.789013487328409e-10,1.2206752275645272e-10,1.4350335494641408e-07,1.1877268546109376e-06,-1.7464716156254112e-06,1.4818000331279307e-07,-1.1876111823405644e-06,1.7469167343728276e-06,1.2234712624405225e-07,1.5353829319053602e-12,1.558440876348044e-13
303,0.303,-0.420060120240481,0.0,0.0,fwd,3.0075374475490696e-06,3,4.6522474594441664e+17,5.931296065006752e-10,2.124568946734812e-06,2.1251961093175655e-06,1.2259459253513463e-07,-7.30626654698104e-12,-5.803114152408417e-10,1.224255280485309e-10,1.4399129140958853e-07,1.1899371848284046e-06,-1.7541690949252065e-06,1.4868683445558858e-07,-1.1898211050714869e-06,1.7546157602861545e-06,1.2259459252570837e-07,1.5125539709615055e-12,1.529644466646829e-13
304,0.304,-0.4217434869739479,0.0,0.0,fwd,3.0183169432894237e-06,3,7.070730333241953e+17,5.946184645760775e-10,2.132189106500909e-06,2.132818977050846e-06,1.2283990323803442e-07,-7.306278495783659e-12,-5.817567122479161e-10,1.2278788402708685e-10,1.4447863064262922e-07,1.192126132372462e-06,-1.7618716172534965e-06,1.491930515752696e-07,-1.192009639550129e-06,1.7623198465231693e-06,1.2283990322884922e-07,1.494859791506542e-12,1.4835355166553654e-13
305,0.305,-0.42342685370741484,0.0,0.0,fwd,3.0290894843477023e-06,3,5.842842798747406e+17,5.960929079027874e-10,2.1398043880197533e-06,2.1404369860317324e-06,1.230830560957713e-07,-7.306290336338115e-12,-5.831872519623804e-10,1.2315032327236963e-10,1.4496537343305338e-07,1.1942936932740622e-06,-1.7695791685312656e-06,1.4969865527194492e-07,-1.194176781960099e-06,1.7700289876750042e-06,1.2308305608676368e-07,1.4816897708769261e-12,1.4820089599965058e-13
306,0.306,-0.42511022044088176,0.0,0.0,fwd,3.0398551142316334e-06,3,1.5277642187154296e+18,5.97595772595943e-10,2.147414849454596e-06,2.148050139479677e-06,1.2332404884182914e-07,-7.306302401912167e-12,-5.846456999081262e-10,1.2351814016042795e-10,1.4545152055792655e-07,1.1964398612673843e-06,-1.777291773794043e-06,1.5020364613554676e-07,-1.1963225416689038e-06,1.777743131810977e-06,1.2332404883301592e-07,1.4675066717373397e-12,1.4210160825811613e-13
307,0.307,-0.4267935871743487,0.0,0.0,fwd,3.050613876529299e-06,3,3.083279695523331e+17,5.990022025677491e-10,2.155020493469168e-06,2.1556584962558795e-06,1.2356287920415248e-07,-7.306313699452329e-12,-5.860099159399335e-10,1.2386539016695508e-10,1.4593707278579555e-07,1.1985647268980548e-06,-1.7850093258844901e-06,1.507080247471523e-07,-1.1984469929643415e-06,1.7854622507383622e-06,1.235628791955432e-07,1.4518664048779328e-12,1.4020729022234946e-13
308,0.308,-0.4284769539078157,0.0,0.0,fwd,3.0613658148809853e-06,3,4.860368244359073e+18,6.003852771594818e-10,2.1626213574667733e-06,2.1632620805075114e-06,1.2379954493583977e-07,-7.306324814324542e-12,-5.873510063730825e-10,1.242090735820156e-10,1.4642203087440451e-07,1.2006680810208725e-06,-1.792731960964522e-06,1.5121179168009988e-07,-1.200549930815975e-06,1.7931864617591609e-06,1.237995449274478e-07,1.4350604038426695e-12,1.3581497038117618e-13
309,0.309,-0.4301603206412826,0.0,0.0,fwd,3.0721109729779755e-06,3,6.061539218038962e+17,6.019047053674232e-10,2.1702174903364526e-06,2.1708609049471996e-06,1.240340437621206e-07,-7.306337014934174e-12,-5.88825252445524e-10,1.2458215709054699e-10,1.4690639557047715e-07,1.2027500418260173e-06,-1.8004596088749825e-06,1.5171494749384819e-07,-1.2026314890056788e-06,1.800915640719214e-06,1.240340437538718e-07,1.4240136847476492e-12,1.358427259567918e-13
310,0.31,-0.43184368737474954,0.0,0.0,fwd,3.0828493945640144e-06,3,4.078591651427313e+17,6.035191549154748e-10,2.177808898760899e-06,2.1784550246088527e-06,1.242663734186496e-07,-7.306349969826647e-12,-5.903925733713455e-10,1.2497438500735925e-10,1.473901676129201e-07,1.2048106392686941e-06,-1.8081922081233937e-06,1.5221749274151385e-07,-1.204691674597247e-06,1.8086497997962803e-06,1.242663734106681e-07,1.4021422911625336e-12,1.328971654945832e-13
311,0.311,-0.43352705410821646,0.0,0.0,fwd,3.0935811234455954e-06,3,8.227712584250356e+17,6.049965457678506e-10,2.185395619528325e-06,2.1860444645690205e-06,1.2449653164503295e-07,-7.306361835752386e-12,-5.918257481307698e-10,1.2533842713713383e-10,1.4787334773280196e-07,1.2068498673606376e-06,-1.8159297575995326e-06,1.5271942796896693e-07,-1.2067304948348845e-06,1.8163889149158674e-06,1.2449653163716036e-07,1.393732351750998e-12,1.3315390456902776e-13
312,0.312,-0.4352104208416834,0.0,0.0,fwd,3.104306203452171e-06,3,5.218878018615116e+17,6.064103340884067e-10,2.1929776867821864e-06,2.1936292524932593e-06,1.2472451619249315e-07,-7.306373196925898e-12,-5.931966185618309e-10,1.256896253742923e-10,1.4835593664907856e-07,1.2088675854088349e-06,-1.823672342207705e-06,1.5322075371164502e-07,-1.208747797493137e-06,1.824133070826156e-06,1.247245161848266e-07,1.377203906471891e-12,1.2539275173750752e-13
313,0.313,-0.4368937875751503,0.0,0.0,fwd,3.1150246785230477e-06,3,4.867323142159761e+17,6.079258662390937e-10,2.2005551491435064e-06,2.201209401702422e-06,1.2495032480399105e-07,-7.306385371634852e-12,-5.946665156825182e-10,1.2606431176731547e-10,1.4883793507012477e-07,1.2108637460345184e-06,-1.8314200015412396e-06,1.5372147049368539e-07,-1.210743555149496e-06,1.831882251487893e-06,1.2495032479643525e-07,1.3684331445773523e-12,1.2485151801300276e-13
314,0.314,-0.4385771543086172,0.0,0.0,fwd,3.12573659257992e-06,3,2.254205303260812e+17,6.093511726437175e-10,2.208128014333202e-06,2.208784966478597e-06,1.2517395519569286e-07,-7.306396824817318e-12,-5.96048559467488e-10,1.264182855620355e-10,1.4931934369711152e-07,1.2128386507881395e-06,-1.8391724955629796e-06,1.5422157882930849e-07,-1.2127180548660021e-06,1.8396362825752466e-06,1.251739551882795e-07,1.3569007029090585e-12,1.214237044244726e-13
315,0.315,-0.44026052104208424,0.0,0.0,fwd,3.1364419896496195e-06,3,2.8783745307005283e+17,6.108877918299885e-10,2.215696305236917e-06,2.2163559859793416e-06,1.253954051246869e-07,-7.30640916652411e-12,-5.975391396961793e-10,1.2679703120799246e-10,1.4980016321903948e-07,1.2147921167743325e-06,-1.8469299231868574e-06,1.5472107922544343e-07,-1.2146711044630498e-06,1.8473952885650347e-06,1.2539540511740523e-07,1.3458262282384226e-12,1.2219739109475825e-13
316,0.316,-0.44194388777555116,0.0,0.0,fwd,3.147140913818626e-06,3,1.9691408487390058e+17,6.124057306696973e-10,2.223260085979055e-06,2.2239224583100076e-06,1.2561467234020176e-07,-7.306421359351628e-12,-5.990114532866686e-10,1.271718286233181e-10,1.5028039431811825e-07,1.2167240615937325e-06,-1.8546923655771153e-06,1.552199721815435e-07,-1.2166026495813442e-06,1.855159252960037e-06,1.2561467233310098e-07,1.330463517135172e-12,1.1744077932362984e-13
317,0.317,-0.4436272545090181,0.0,0.0,fwd,3.1578334091784982e-06,3,1.016289201241639e+17,6.139593417276552e-10,2.2308193626058717e-06,2.2314844395918813e-06,1.2583175457674925e-07,-7.306433837788067e-12,-6.005184665508478e-10,1.2755493189464673e-10,1.5076003766486288e-07,1.2186345971776369e-06,-1.8624597064587078e-06,1.5571825818404883e-07,-1.218512778400349e-06,1.8629281352440519e-06,1.2583175456982592e-07,1.3147122279733026e-12,1.1781201014748888e-13
318,0.318,-0.445310621242485,0.0,0.0,fwd,3.1685195199193183e-06,3,1.7317056313591693e+17,6.15333901301069e-10,2.2383741631262782e-06,2.2390419642003418e-06,1.2604664958873881e-07,-7.30644489213713e-12,-6.018503508065098e-10,1.279006692223028e-10,1.5123909392298244e-07,1.2205236135376385e-06,-1.8702320014954421e-06,1.5621593771506006e-07,-1.2204013845190653e-06,1.8707019962885263e-06,1.2604664958198518e-07,1.2996687059896317e-12,1.1579626146840383e-13
319,0.319,-0.4469939879759519,0.0,0.0,fwd,3.179199290245466e-06,3,8.676672310138574e+16,6.167190966824395e-10,2.2459245215890185e-06,2.2465950603807926e-06,1.2625935510920026e-07,-7.306456034670262e-12,-6.031922912541621e-10,1.2825022294160604e-10,1.5171756374266095e-07,1.2223912446152063e-06,-1.878009154028526e-06,1.5671301124104043e-07,-1.222268597486642e-06,1.8784807353372512e-06,1.262593551025588e-07,1.2902873214315491e-12,1.1068576610817615e-13
320,0.32,-0.44867735470941883,0.0,0.0,fwd,3.189872764475417e-06,3,5.323909169921063e+17,6.182749170831727e-10,2.2534704987265375e-06,2.254143729869563e-06,1.264698688900747e-07,-7.306468532707573e-12,-6.047012196530588e-10,1.2863484583069962e-10,1.521954477652172e-07,1.2242374034937553e-06,-1.8857912435360502e-06,1.5720947922196502e-07,-1.2241143533958665e-06,1.8862643463637974e-06,1.2646986888346838e-07,1.2878864641407972e-12,1.1114026365888208e-13
321,0.321,-0.45036072144288575,0.0,0.0,fwd,3.2005399869065032e-06,3,3.770626442344966e+17,6.197043313723415e-10,2.261012104448208e-06,2.2616880253035584e-06,1.2667818869560382e-07,-7.306480027315244e-12,-6.060863338985811e-10,1.289939127735451e-10,1.5267274662642916e-07,1.2260619004222928e-06,-1.8935783546586427e-06,1.5770534211397812e-07,-1.225938449478381e-06,1.8940529736416467e-06,1.266781886891925e-07,1.2699841178687166e-12,1.0718509413365496e-13
322,0.322,-0.4520440881763528,0.0,0.0,fwd,3.211201001959765e-06,3,1.584864705593147e+17,6.211221668896463e-10,2.2685493488943133e-06,2.269227999151297e-06,1.2688431224403642e-07,-7.306491429728673e-12,-6.07460111726188e-10,1.2935058579799374e-10,1.5314946094803503e-07,1.227865075476009e-06,-1.9013702289155665e-06,1.5820060035422588e-07,-1.227741213555289e-06,1.9018464172265714e-06,1.268843122377611e-07,1.2571887975099116e-12,1.0933268179691424e-13
323,0.323,-0.4537274549098197,0.0,0.0,fwd,3.221855854055824e-06,3,1.261017184692719e+17,6.22660298752349e-10,2.27608229721285e-06,2.2767636488801577e-06,1.2708823730039528e-07,-7.306503789646674e-12,-6.089514396206974e-10,1.2973282864647828e-10,1.536255913431354e-07,1.2296467192737803e-06,-1.909167029662262e-06,1.5869525437677466e-07,-1.2295224534608629e-06,1.9096447485163204e-06,1.2708823729424524e-07,1.2457396225684647e-12,1.064565102737447e-13
324,0.324,-0.4554108216432866,0.0,0.0,fwd,3.2325045876614927e-06,3,3.7219447719914464e+17,6.241178391692204e-10,2.2836109590473264e-06,2.2842950276010734e-06,1.272899616053103e-07,-7.306515510412143e-12,-6.103637768817283e-10,1.3009900795557527e-10,1.5410113841750766e-07,1.2314069393615235e-06,-1.9169686489642346e-06,1.5918930460589103e-07,-1.2312822656040945e-06,1.9174479186749582e-06,1.2728996159925748e-07,1.2367606938568088e-12,1.0651549087192791e-13
325,0.325,-0.45709418837675353,0.0,0.0,fwd,3.2431472473821994e-06,3,3.31511054975112e+17,6.255133132445536e-10,2.291135376745859e-06,2.291822155862669e-06,1.2748948292478823e-07,-7.306526738654422e-12,-6.117152791251801e-10,1.304528152168416e-10,1.5457610276606305e-07,1.2331455436428995e-06,-1.924775210569718e-06,1.5968275145813655e-07,-1.2330204570559777e-06,1.9252560259537532e-06,1.274894829188297e-07,1.2282813655062341e-12,1.0308420783644578e-13
326,0.326,-0.45877755511022045,0.0,0.0,fwd,3.2537838777957057e-06,3,3.112699447906095e+17,6.270154717367911e-10,2.298655580678947e-06,2.2993450661072064e-06,1.276867989920634e-07,-7.306538815067848e-12,-6.131711371287762e-10,1.308287922441309e-10,1.5505048497224762e-07,1.2348627132646728e-06,-1.9325865841107737e-06,1.60175595335163e-07,-1.2347372261301004e-06,1.9330689315436023e-06,1.2768679898620647e-07,1.2186640585554187e-12,1.0274767148210628e-13
327,0.327,-0.46046092184368737,0.0,0.0,fwd,3.2644145235439797e-06,3,3.524215241936531e+17,6.285815532088691e-10,2.306171603960423e-06,2.3068637881796466e-06,1.27881907563809e-07,-7.306551401712747e-12,-6.146893220121408e-10,1.3121898012613542e-10,1.5552428561222068e-07,1.2365583869911045e-06,-1.940402798147889e-06,1.60667836634276e-07,-1.2364325011893218e-06,1.940886666832592e-06,1.2788190755807453e-07,1.2068679389187764e-12,1.0071110612130951e-13
328,0.328,-0.4621442885771543,0.0,0.0,fwd,3.2750392293729836e-06,3,1.867836831209891e+18,6.299323266335623e-10,2.313683461389815e-06,2.314378370443068e-06,1.2807480639760865e-07,-7.3065622757232e-12,-6.15996927078033e-10,1.315641900978548e-10,1.5599750525460087e-07,1.238232510324122e-06,-1.948223854755793e-06,1.611594757456198e-07,-1.238106216244761e-06,1.9487092811007467e-06,1.2807480639195166e-07,1.199637611470905e-12,9.951067747593356e-14
329,0.329,-0.4638276553106213,0.0,0.0,fwd,3.2856580400200687e-06,3,7.157316030035935e+17,6.314374400009414e-10,2.3211912208432084e-06,2.321888808008826e-06,1.2826549325148763e-07,-7.306574380300473e-12,-6.174551581833443e-10,1.3194310227726547e-10,1.5647014445310208e-07,1.239884991788287e-06,-1.9560498420931327e-06,1.6165051304476853e-07,-1.239758299659277e-06,1.9565367634713504e-06,1.2826549324588417e-07,1.1949885525552872e-12,9.727288419192348e-14
330,0.33,-0.46551102204408823,0.0,0.0,fwd,3.296271000308225e-06,3,8.48217119402807e+17,6.329050239464223e-10,2.328694853217378e-06,2.329395193212554e-06,1.2845396584519843e-07,-7.306586186616268e-12,-6.188766617232222e-10,1.3231424983439766e-10,1.569422037557684e-07,1.2415162310014383e-06,-1.9638804220831196e-06,1.6214094889758704e-07,-1.241389120776315e-06,1.964368939295913e-06,1.2845396583974687e-07,1.1794870635739585e-12,9.673165046741872e-14
331,0.331,-0.46719438877755515,0.0,0.0,fwd,3.3068781551225895e-06,3,4.00364605069669e+17,6.344461336094999e-10,2.3361944643207045e-06,2.336897483517681e-06,1.2864022198018227e-07,-7.30659857704069e-12,-6.20370093837308e-10,1.3270062826364892e-10,1.574136837004046e-07,1.243125648621446e-06,-1.971716036615334e-06,1.6263078366921194e-07,-1.242998146688823e-06,1.972206045017244e-06,1.286402219748294e-07,1.169800367684104e-12,9.357098429418897e-14
332,0.332,-0.46887775551102207,0.0,0.0,fwd,3.317479549370818e-06,3,6.88810154330041e+17,6.358724753394211e-10,2.343690030189631e-06,2.344395766236001e-06,1.2882425937781833e-07,-7.306610056851755e-12,-6.217510950534688e-10,1.3306387242062456e-10,1.5788458481605419e-07,1.2447136455290275e-06,-1.9795563533583915e-06,1.631200177072533e-07,-1.2445857354853596e-06,1.9800479073989186e-06,1.2882425937255527e-07,1.1607104166699855e-12,9.366118991493977e-14
333,0.333,-0.470561122244489,0.0,0.0,fwd,3.3280752280645036e-06,3,6.862664052777307e+17,6.373137533153762e-10,2.351181610634509e-06,2.3518900449865877e-06,1.2900607580606884e-07,-7.306621654532748e-12,-6.231467702955129e-10,1.3342989213516177e-10,1.5835490762065391e-07,1.2462800489110304e-06,-1.987401501736541e-06,1.6360865135377247e-07,-1.2461517403250522e-06,1.9878945729072395e-06,1.290060758008631e-07,1.155436857303016e-12,9.00460261910041e-14
334,0.334,-0.4722444889779559,0.0,0.0,fwd,3.3386652362173258e-06,3,4.884254431259011e+17,6.387622509381248e-10,2.358669214761036e-06,2.3593803741171057e-06,1.2918566901348333e-07,-7.306633314364783e-12,-6.245490045270197e-10,1.3379972824134612e-10,1.5882465262333655e-07,1.247824941465192e-06,-1.995251390135566e-06,1.6409668494014573e-07,-1.2476962211738218e-06,1.995746017766087e-06,1.2918566900840597e-07,1.1417811141001266e-12,9.042072646181509e-14
335,0.335,-0.4739278557114228,0.0,0.0,fwd,3.349249618948229e-06,3,3.780612108115951e+17,6.402426291452495e-10,2.366152900824637e-06,2.36686675897752e-06,1.2936303676335633e-07,-7.306645225897953e-12,-6.259825973548017e-10,1.3417535138504633e-10,1.5929382032388478e-07,1.2493482207664997e-06,-2.0031061010727935e-06,1.645841187903058e-07,-1.2492191044516376e-06,2.0036022438767176e-06,1.2936303675834033e-07,1.1357581541915351e-12,8.844314169920153e-14
336,0.336,-0.47561122244488985,0.0,0.0,fwd,3.359828421384419e-06,3,1.998138720600298e+17,6.417808058921515e-10,2.3736326812083103e-06,2.3743492507862596e-06,1.29538176807035e-07,-7.306657599169958e-12,-6.274725045107843e-10,1.3456400577149807e-10,1.5976241121226747e-07,1.250849947974364e-06,-2.0109655603506305e-06,1.6507095321736776e-07,-1.2507204278505712e-06,2.011463237663186e-06,1.2953817680212292e-07,1.1247253128843226e-12,8.717332411478651e-14
337,0.337,-0.47729458917835677,0.0,0.0,fwd,3.3704016887262924e-06,3,3.7931938051632045e+17,6.431756460027035e-10,2.3811086068492882e-06,2.3818278623811325e-06,1.297110869097084e-07,-7.306668832692958e-12,-6.288221558042872e-10,1.3492301720319233e-10,1.6023042577124479e-07,1.2523300247230251e-06,-2.018829838655589e-06,1.6555718852905262e-07,-1.2522001067438726e-06,2.019329016285376e-06,1.2971108690481185e-07,1.1239204011914694e-12,8.408551632754779e-14
338,0.338,-0.4789779559118237,0.0,0.0,fwd,3.380969466243636e-06,3,3.43871301688548e+17,6.446455770455434e-10,2.3885806858365408e-06,2.389302649418968e-06,1.298817648170844e-07,-7.30668066414181e-12,-6.30245185900824e-10,1.3529796033528996e-10,1.6069786447016034e-07,1.253788573123138e-06,-2.026698819018735e-06,1.660428250177996e-07,-1.2536582542910235e-06,2.0271995245235708e-06,1.2988176481230856e-07,1.1104589470178894e-12,8.642739302011648e-14
339,0.339,-0.4806613226452906,0.0,0.0,fwd,3.3915317992617326e-06,3,2.528836651997953e+17,6.460806502152703e-10,2.3960489557707062e-06,2.3967736382180178e-06,1.3005020829123363e-07,-7.306692219299101e-12,-6.316340211282023e-10,1.3566606865689224e-10,1.6116472777201345e-07,1.2552255462816575e-06,-2.0345725243731128e-06,1.6652786297182025e-07,-1.2550948176592858e-06,2.0350747756275878e-06,1.3005020828656257e-07,1.0990097720764425e-12,8.441164434103143e-14
340,0.34,-0.4823446893787575,0.0,0.0,fwd,3.4020887331426976e-06,3,4.358519815350096e+17,6.475796137097214e-10,2.403513468236976e-06,2.404240841110257e-06,1.302164150867095e-07,-7.306704284979033e-12,-6.330850687435996e-10,1.3604875559458662e-10,1.6163101612853326e-07,1.2566409665348832e-06,-2.042450951148661e-06,1.6701230266747572e-07,-1.2565098454209167e-06,2.042954703653649e-06,1.302164150820815e-07,1.0949158246731372e-12,8.026565523344686e-14
341,0.341,-0.48402805611222444,0.0,0.0,fwd,3.41264031330286e-06,3,3.99057860625302e+17,6.490780240619099e-10,2.4109742231032263e-06,2.41170432224792e-06,1.3038038295717012e-07,-7.306716345338538e-12,-6.345356618614462e-10,1.364308874207687e-10,1.620967299832322e-07,1.258034900072924e-06,-2.050334008105864e-06,1.6749614437317622e-07,-1.2579033712573073e-06,2.0508393130981573e-06,1.3038038295260887e-07,1.0875467193471877e-12,8.146608387882281e-14
342,0.342,-0.48571142284569135,0.0,0.0,fwd,3.4231865852277503e-06,3,4.7850484409477645e+17,6.505869341653511e-10,2.4184312865798574e-06,2.4191640795344345e-06,1.3054210968830893e-07,-7.306728491261606e-12,-6.359962816809839e-10,1.3681630134376732e-10,1.6256186977026656e-07,1.2594070209204222e-06,-2.058221922451864e-06,1.679793883519245e-07,-1.2592750944506736e-06,2.0587287352380468e-06,1.3054210968381624e-07,1.08003883614316e-12,8.054321098960315e-14
343,0.343,-0.4873947895791584,0.0,0.0,fwd,3.4337275944686796e-06,3,3.299185231013599e+17,6.520399875699366e-10,2.4258846724146207e-06,2.4266201634339796e-06,1.3070159302386077e-07,-7.306740191182123e-12,-6.374024572042281e-10,1.3718915586879987e-10,1.6302643591418062e-07,1.2607575100020973e-06,-2.0661145481368215e-06,1.6846203485258888e-07,-1.26062518554515e-06,2.066622873667795e-06,1.307015930194259e-07,1.0735023980856795e-12,8.298223219682654e-14
344,0.34400000000000003,-0.4890781563126253,0.0,0.0,fwd,3.4442633866356857e-06,3,5.092168897767227e+17,6.534996048217607e-10,2.4333344137191296e-06,2.4340726050987363e-06,1.3085883071240642e-07,-7.306751946675942e-12,-6.388146851776799e-10,1.3756504962936233e-10,1.6349042882916183e-07,1.262086486514269e-06,-2.0740118006484787e-06,1.689440841145328e-07,-1.261953764514212e-06,2.0745216411412193e-06,1.3085883070806791e-07,1.0628165014736624e-12,7.670947210769441e-14
345,0.34500000000000003,-0.4907615230460922,0.0,0.0,fwd,3.454794007366712e-06,3,4.1201570503995776e+17,6.550162709687047e-10,2.44078054311532e-06,2.4415214362099114e-06,1.3101382052211925e-07,-7.306764157582319e-12,-6.402825023649195e-10,1.3795377340475312e-10,1.639538489204109e-07,1.263393849801342e-06,-2.0819137290864487e-06,1.6942553637071308e-07,-1.2632607269275065e-06,2.082425087944484e-06,1.3101382051785037e-07,1.0549477957866316e-12,7.517250710797896e-14
346,0.34600000000000003,-0.49244488977955914,0.0,0.0,fwd,3.4653195023689725e-06,3,1.993435930301024e+17,6.563249995533433e-10,2.448223074073682e-06,2.448966707774915e-06,1.3116656021845574e-07,-7.306774715173027e-12,-6.415469492454529e-10,1.3829905276541155e-10,1.6441669658625434e-07,1.264679545809333e-06,-2.0898203312059993e-06,1.6990639184723015e-07,-1.264546008059031e-06,2.0903332622577986e-06,1.3116656021419647e-07,1.0544898287889737e-12,7.348982533628146e-14
347,0.34700000000000003,-0.49412825651302605,0.0,0.0,fwd,3.4758399174112414e-06,3,3.498950483591727e+17,6.579776260078981e-10,2.455662087367612e-06,2.456408403385242e-06,1.313170475548963e-07,-7.306788008137524e-12,-6.431476358426114e-10,1.3871656601160964e-10,1.6487897220880755e-07,1.2659436151654657e-06,-2.0977316260856194e-06,1.703866507528288e-07,-1.2658096866652313e-06,2.098246046251806e-06,1.3131704755071506e-07,1.0450668108674677e-12,7.728193085476676e-14
348,0.34800000000000003,-0.49581162324649297,0.0,0.0,fwd,3.486355298330753e-06,3,5.0994079935914035e+17,6.594048267268413e-10,2.4630975739644264e-06,2.4638465968056635e-06,1.3146528029823723e-07,-7.306799508925889e-12,-6.44527783574822e-10,1.390872833573198e-10,1.6534067617008621e-07,1.2671860135649027e-06,-2.1056475789406337e-06,1.708663132981088e-07,-1.2670516835455725e-06,2.106163523279969e-06,1.3146528029415948e-07,1.0327849686575519e-12,7.429126758218274e-14
349,0.34900000000000003,-0.4974949899799599,0.0,0.0,fwd,3.496865691010181e-06,3,2.8660086486771e+17,6.608586648642477e-10,2.470529579924741e-06,2.4712813065667532e-06,1.3161125620758737e-07,-7.306811223034207e-12,-6.459338185854646e-10,1.3946428734090688e-10,1.658018088359175e-07,1.268406743151762e-06,-2.113568191328824e-06,1.713453796768263e-07,-1.2682720140350101e-06,2.1140856547134657e-06,1.3161125620355404e-07,1.0276363093808527e-12,7.502679033599691e-14
350,0.35000000000000003,-0.4991783567134269,0.0,0.0,fwd,3.5073711413934285e-06,3,4.551781953861803e+17,6.62318415129399e-10,2.4779581417749787e-06,2.4787125608876083e-06,1.3175497304787352e-07,-7.306822983596989e-12,-6.473456857364335e-10,1.398422558307466e-10,1.6626237056507434e-07,1.2696057519329118e-06,-2.1214934860097623e-06,1.7182385007671297e-07,-1.26947062935312e-06,2.1220124517204453e-06,1.3175497304387264e-07,1.0240697179142444e-12,7.453412886881949e-14
351,0.35100000000000003,-0.5008617234468938,0.0,0.0,fwd,3.5178716954932253e-06,3,5.3453035357645754e+17,6.638287233463172e-10,2.4853832843574643e-06,2.4861403997464744e-06,1.3189642856707847e-07,-7.30683515012678e-12,-6.488065570908752e-10,1.4023279065744632e-10,1.6672236170611418e-07,1.2707831913011391e-06,-2.1294233503409143e-06,1.7230172467362014e-07,-1.2706476681390022e-06,2.1299438270477866e-06,1.3189642856311584e-07,1.0198508704206688e-12,7.218878272929885e-14
352,0.352,-0.5025450901803608,0.0,0.0,fwd,3.528367399355532e-06,3,1.0564752875288586e+18,6.652688918746309e-10,2.4928050322204574e-06,2.493564863503771e-06,1.3203562052721343e-07,-7.306846758289806e-12,-6.501989016638454e-10,1.4060830971773797e-10,1.6718178259981558e-07,1.2719390476145787e-06,-2.1373577705624536e-06,1.7277900363759042e-07,-1.2718031216774062e-06,2.1378797824232743e-06,1.3203562052333672e-07,1.0094702851404236e-12,6.854586342974756e-14
353,0.353,-0.5042284569138277,0.0,0.0,fwd,3.538858299108534e-06,3,3.3379825595643194e+17,6.667503807814082e-10,2.5002234415601166e-06,2.500985960932851e-06,1.321725467082508e-07,-7.306858695776595e-12,-6.516315560062269e-10,1.4099289097346812e-10,1.6764063357600914e-07,1.2730730936522106e-06,-2.145296896450405e-06,1.732556871301124e-07,-1.2729367752928322e-06,2.1458204048259433e-06,1.32172546704396e-07,1.0069861611228248e-12,7.051997874540916e-14
354,0.354,-0.5059118236472946,0.0,0.0,fwd,3.5493444409337597e-06,3,3.089454973377936e+17,6.6814997756395e-10,2.5076385194983764e-06,2.5084037500038055e-06,1.3230720485985792e-07,-7.306869983747931e-12,-6.52983937754481e-10,1.413611658285241e-10,1.6809891495651112e-07,1.274185473021383e-06,-2.1532405995623727e-06,1.7373177530149687e-07,-1.2740487482648666e-06,2.153765639601596e-06,1.3230720485606006e-07,1.0000750227945332e-12,6.9409755720784e-14
355,0.355,-0.5075951903807615,0.0,0.0,fwd,3.5598258710810104e-06,3,8.186670348988366e+17,6.697545241977871e-10,2.5150503239545987e-06,2.5158182378894376e-06,1.3243959274063488e-07,-7.306882903395892e-12,-6.545365464905029e-10,1.41773204287432e-10,1.6855662705067604e-07,1.2752761935352908e-06,-2.161188891722232e-06,1.7420726829088388e-07,-1.2751390787574257e-06,2.1617154215107515e-06,1.3243959273689292e-07,9.931777622540494e-13,6.902464710911715e-14
356,0.356,-0.5092785571142284,0.0,0.0,fwd,3.5703026358304894e-06,3,2.695869917439826e+17,6.712008389457766e-10,2.522458859226111e-06,2.5232294855817574e-06,1.3256970811652124e-07,-7.306894563082344e-12,-6.559345566703456e-10,1.42151443394134e-10,1.690137701638065e-07,1.2763452209990644e-06,-2.169141747054848e-06,1.7468216623464697e-07,-1.276207703959642e-06,2.1696698076119347e-06,1.325697081128038e-07,9.905687381461803e-13,6.646766470552734e-14
357,0.357,-0.5109619238476955,0.0,0.0,fwd,3.580774781577867e-06,3,4.3496964804330086e+17,6.725547106256499e-10,2.52986418075441e-06,2.5306375029910055e-06,1.3269754875448212e-07,-7.306905489860303e-12,-6.572419154055043e-10,1.425114470876565e-10,1.6947034458846478e-07,1.2773924775166812e-06,-2.177099224599799e-06,1.7515646925681726e-07,-1.277254563336605e-06,2.177628793724462e-06,1.3269754875081643e-07,9.8415720017897e-13,6.547887232422056e-14
358,0.358,-0.5126452905811624,0.0,0.0,fwd,3.5912423547113723e-06,3,2.22570214923445e+17,6.742624052632789e-10,2.537266315929907e-06,2.53804232795748e-06,1.3282311239669084e-07,-7.306919232414007e-12,-6.588950687141937e-10,1.4294645328538635e-10,1.699263506043364e-07,1.2784181707553577e-06,-2.185061183126308e-06,1.7563017746594197e-07,-1.2782798620020186e-06,2.1855922523808524e-06,1.3282311239308444e-07,9.765938058237111e-13,6.548234177117251e-14
359,0.359,-0.5143286573146293,0.0,0.0,fwd,3.601705401749692e-06,3,3.558450798356005e+17,6.755353591748538e-10,2.5446652843559404e-06,2.5454440066140125e-06,1.3294639683493778e-07,-7.30692951729981e-12,-6.601231106878602e-10,1.4329029629500667e-10,1.703817884925414e-07,1.27942196938291e-06,-2.1930277881998528e-06,1.7610329097829719e-07,-1.2792832577157576e-06,2.193560386276605e-06,1.3294639683134572e-07,9.751643936795062e-13,6.444844657949034e-14
360,0.36,-0.5160120240480962,0.0,0.0,fwd,3.6121639692223736e-06,3,2.67234156945137e+17,6.770313690288485e-10,2.5520611433976966e-06,2.552842546974728e-06,1.3306739980958308e-07,-7.306941577249034e-12,-6.615691276051772e-10,1.4368149725552115e-10,1.708366585123947e-07,1.280404084272324e-06,-2.200998931559811e-06,1.7657580988248996e-07,-1.2802649828336232e-06,2.2015330174082748e-06,1.330673998060356e-07,9.69571645192957e-13,6.357067650064607e-14
361,0.361,-0.5176953907815631,0.0,0.0,fwd,3.6226181037292136e-06,3,3.841891048506645e+17,6.785612997610371e-10,2.5594539074127088e-06,2.5602380003693977e-06,1.3318611907977112e-07,-7.306953908222332e-12,-6.630481597796889e-10,1.440804767161019e-10,1.7129096092095376e-07,1.2813645463988221e-06,-2.208974560765492e-06,1.7704773426751857e-07,-1.28122505119177e-06,2.2095101462824007e-06,1.3318611907626912e-07,9.636458297990202e-13,6.499661919789901e-14
362,0.362,-0.51937875751503,0.0,0.0,fwd,3.633067851975763e-06,3,5.43294570402374e+17,6.801225312344511e-10,2.5668436181300303e-06,2.567630390862112e-06,1.3330255241194243e-07,-7.306966489295341e-12,-6.645576658415031e-10,1.444865893596159e-10,1.7174469596458297e-07,1.2823032863595873e-06,-2.2169547133701895e-06,1.7751906421287453e-07,-1.2821633977311286e-06,2.2174917874567823e-06,1.3330255240853363e-07,9.510447984695247e-13,6.570091692914559e-14
363,0.363,-0.521062124248497,0.0,0.0,fwd,3.6435132606649392e-06,3,5.690795175082612e+17,6.81633963930471e-10,2.5742302887847426e-06,2.575019771017344e-06,1.3341669756594773e-07,-7.306978675889226e-12,-6.660183307638512e-10,1.4488289040714974e-10,1.7219786388079245e-07,1.283220317477296e-06,-2.22493934573173e-06,1.7798979978877416e-07,-1.2830800261709463e-06,2.2254779483837916e-06,1.334166975625703e-07,9.473671847004539e-13,6.09061412415457e-14
364,0.364,-0.522745490981964,0.0,0.0,fwd,3.653954376613705e-06,3,1.250472192166508e+18,6.831069983297171e-10,2.58161397548666e-06,2.5824061506717887e-06,1.3352855231655664e-07,-7.306990557590954e-12,-6.674413331048124e-10,1.4527162806032834e-10,1.7265046489730545e-07,1.2841154642118102e-06,-2.2329285725188053e-06,1.7845994105775173e-07,-1.2839747774856525e-06,2.2334686806055326e-06,1.335285523131943e-07,9.456185834366693e-13,6.119410533855785e-14
365,0.365,-0.5244288577154309,0.0,0.0,fwd,3.6643912466862003e-06,3,3.001601808984046e+17,6.845406060614615e-10,2.5889947043994887e-06,2.58978956966848e-06,1.336381144073686e-07,-7.30700212607578e-12,-6.688257395831565e-10,1.4565225414653327e-10,1.7310249923211413e-07,1.2849889184929353e-06,-2.2409222618195723e-06,1.7892948806927186e-07,-1.2848478373461703e-06,2.241463871743149e-06,1.3363811440403669e-07,9.41746680638289e-13,6.042388811522414e-14
366,0.366,-0.5261122244488978,0.0,0.0,fwd,3.6748239177996967e-06,3,6.137970498302248e+17,6.860037160156591e-10,2.596372504833468e-06,2.5971700647581264e-06,1.3374538160499364e-07,-7.307013929307846e-12,-6.702389736962244e-10,1.460391182983578e-10,1.7355396709364924e-07,1.2858405993854127e-06,-2.2489204426420772e-06,1.7939844086633136e-07,-1.2856991235404847e-06,2.249463560144438e-06,1.3374538160171978e-07,9.338085860122192e-13,6.108308303609533e-14
367,0.367,-0.5277955911823647,0.0,0.0,fwd,3.6852524369531763e-06,3,8.681951019053792e+17,6.875247039159547e-10,2.60374741155302e-06,2.6045476673633018e-06,1.3385035167094846e-07,-7.307026196316921e-12,-6.717084440749366e-10,1.4643972146011208e-10,1.7400486868128138e-07,1.2866704838243592e-06,-2.2569231167453296e-06,1.79866799482608e-07,-1.2865286115465446e-06,2.2574677445499902e-06,1.3385035166769532e-07,9.313660953580438e-13,5.848099782213012e-14
368,0.368,-0.5294789579158317,0.0,0.0,fwd,3.695676851203052e-06,3,1.370979715013089e+18,6.889763125030312e-10,2.6111194634482645e-06,2.611922404902688e-06,1.3395302235765896e-07,-7.307037910954635e-12,-6.731100642143328e-10,1.4682577376134986e-10,1.7445520418619357e-07,1.2874786499417201e-06,-2.2649302329376397e-06,1.80334563942885e-07,-1.287336383520854e-06,2.2654763582839743e-06,1.33953022354422e-07,9.293676939137185e-13,5.897365928930753e-14
369,0.369,-0.5311623246492986,0.0,0.0,fwd,3.7060972076774825e-06,3,2.2780680914991086e+18,6.905749649927336e-10,2.618488694767881e-06,2.6192943094428916e-06,1.3405339143019237e-07,-7.307050796443345e-12,-6.746553645603504e-10,1.4724309271851865e-10,1.749049737876454e-07,1.2882650204798507e-06,-2.272941823228125e-06,1.8080173426188498e-07,-1.2881223595689884e-06,2.273489432380593e-06,1.3405339142705128e-07,9.159339953157541e-13,5.670464098272987e-14
370,0.37,-0.5328456913827655,0.0,0.0,fwd,3.7165135535771727e-06,3,3.5507037214416006e+17,6.919867421662831e-10,2.625855115402678e-06,2.6266634376467482e-06,1.3415145664707145e-07,-7.30706219700389e-12,-6.760177435199966e-10,1.4762204653129274e-10,1.7535417765986117e-07,1.289029602627445e-06,-2.2809578433223565e-06,1.8126831044891676e-07,-1.2888865446175624e-06,2.281506977723502e-06,1.3415145664389508e-07,9.213602103486096e-13,5.765526944756516e-14
371,0.371,-0.5345290581162325,0.0,0.0,fwd,3.7269259361247602e-06,3,6.580283113876471e+17,6.935535062063335e-10,2.6332187857546453e-06,2.63402979553213e-06,1.3424721576536127e-07,-7.307074831929666e-12,-6.775314875112626e-10,1.4803430703480558e-10,1.7580281596239398e-07,1.2897723962734808e-06,-2.2889783112475803e-06,1.8173429249875998e-07,-1.2896289427605234e-06,2.2895289473329195e-06,1.3424721576226823e-07,9.095224573485439e-13,5.687117443642364e-14
372,0.372,-0.5362124248496994,0.0,0.0,fwd,3.7373344026701533e-06,3,2.0083057466605994e+17,6.950556062769983e-10,2.6405797297824503e-06,2.6413934258744035e-06,1.3434066655000542e-07,-7.307086953057168e-12,-6.789819349123372e-10,1.4843326567870463e-10,1.7625088885001408e-07,1.2904933217317005e-06,-2.2970032477302726e-06,1.8219968040277092e-07,-1.2903494735067023e-06,2.297555384084271e-06,1.3434066654691843e-07,9.091616348655407e-13,5.32768273941997e-14
373,0.373,-0.5378957915831664,0.0,0.0,fwd,3.7477390006151015e-06,3,4.205118118339667e+17,6.964285452302633e-10,2.6479379653673705e-06,2.6487543775554833e-06,1.3443180674801957e-07,-7.307098046918993e-12,-6.803060545457207e-10,1.4880523202531748e-10,1.7669839646668285e-07,1.2911924971714672e-06,-2.3050325551644824e-06,1.8266447413974492e-07,-1.291048246782056e-06,2.3055862306553543e-06,1.3443180674498317e-07,9.016259960858974e-13,5.869610353315124e-14
374,0.374,-0.5395791583166333,0.0,0.0,fwd,3.758139777380189e-06,3,1.9182818728090298e+17,6.980292090081851e-10,2.6552935637875114e-06,2.6561126459898002e-06,1.345206341202695e-07,-7.30711095409307e-12,-6.818525917495766e-10,1.4922608981837726e-10,1.77145338943961e-07,1.29186985829699e-06,-2.3130662999588936e-06,1.8312867367800252e-07,-1.2917252193156425e-06,2.313621454527043e-06,1.3452063411725338e-07,8.991835054317221e-13,5.412337245047638e-14
375,0.375,-0.5412625250501002,0.0,0.0,fwd,3.768536780542098e-06,3,1.4290893057026342e+18,6.995456573429412e-10,2.6626465310654266e-06,2.6634682922214675e-06,1.3460714643206495e-07,-7.30712319268022e-12,-6.833166671382784e-10,1.4962975997123706e-10,1.7759171640935972e-07,1.2925253096429667e-06,-2.3211044904505873e-06,1.8359227898289573e-07,-1.2923802764214232e-06,2.321661138039721e-06,1.3460714642907638e-07,8.95297724845534e-13,5.479644515915538e-14
376,0.376,-0.5429458917835671,0.0,0.0,fwd,3.778930057673363e-06,3,4.3476194695325664e+17,7.010883443326537e-10,2.669996906843474e-06,2.670821343567271e-06,1.3469134142228837e-07,-7.30713564174182e-12,-6.848061857162024e-10,1.500398624787458e-10,1.780375289774361e-07,1.2931590348819189e-06,-2.3291470179730156e-06,1.840552900039217e-07,-1.2930136120692381e-06,2.329705152692013e-06,1.34691341419329e-07,8.911205107153819e-13,5.574707362399067e-14
377,0.377,-0.544629258517034,0.0,0.0,fwd,3.7893196564308188e-06,3,1.4499309681439857e+18,7.025142553066548e-10,2.6773447136276735e-06,2.678171844656727e-06,1.347732168668368e-07,-7.307147159788482e-12,-6.861817364312017e-10,1.5042442985668814e-10,1.784827767558732e-07,1.2937707973420531e-06,-2.337193988084102e-06,1.8451770668863313e-07,-1.2936249760842067e-06,2.33775363686628e-06,1.347732168639196e-07,8.851114285945982e-13,5.382500001260837e-14
378,0.378,-0.5463126252505011,0.0,0.0,fwd,3.7997056245838156e-06,3,8.281391353255219e+17,7.040903609650549e-10,2.6846900044640225e-06,2.6855198096399555e-06,1.3485277050543563e-07,-7.307159876320589e-12,-6.877036995422969e-10,1.5084251209218635e-10,1.7892745983938998e-07,1.2943607515109035e-06,-2.345245323869677e-06,1.8497952896753867e-07,-1.2942145400512972e-06,2.345806459653349e-06,1.3485277050254895e-07,8.808509477375992e-13,5.1562920599934614e-14
379,0.379,-0.547995991983968,0.0,0.0,fwd,3.810088009919342e-06,3,2.394605596822128e+18,7.057428942330295e-10,2.6920328027694824e-06,2.692865282398953e-06,1.3493000008000303e-07,-7.307173202491424e-12,-6.893002071906018e-10,1.5127743502318935e-10,1.7937157831606807e-07,1.2949290345565245e-06,-2.3533009249863956e-06,1.8544075676524343e-07,-1.2947824328951585e-06,2.3538635487950488e-06,1.3493000007712013e-07,8.805040030424038e-13,5.1909865295129975e-14
380,0.38,-0.5496793587174349,0.0,0.0,fwd,3.820466860330707e-06,3,1.7948535857192045e+17,7.070466318407601e-10,2.699373138167309e-06,2.7002083008487876e-06,1.3500490338615065e-07,-7.307183751519159e-12,-6.90555931881498e-10,1.5163788974481562e-10,1.7981513226810663e-07,1.2954751592020308e-06,-2.361361041678528e-06,1.8590139000745834e-07,-1.2953281600530664e-06,2.3619251679381226e-06,1.350049033832996e-07,8.758965774902094e-13,5.114658696570018e-14
381,0.381,-0.5513627254509018,0.0,0.0,fwd,3.8308422237579185e-06,3,4.19687342522827e+17,7.086673569333432e-10,2.706711052854585e-06,2.707548890116934e-06,1.3507747813190762e-07,-7.307196827563812e-12,-6.921209785848426e-10,1.5206767789432973e-10,1.802581217587264e-07,1.2959996158745657e-06,-2.3694254005640625e-06,1.8636142859049078e-07,-1.2958522254830074e-06,2.3699910168643867e-06,1.3507747812911066e-07,8.677364382592145e-13,5.1431081615760377e-14
382,0.382,-0.5530460921843687,0.0,0.0,fwd,3.8412141482308815e-06,3,2.5822482594389286e+17,7.101814900909805e-10,2.7140465748242456e-06,2.7148870899373916e-06,1.351477220947832e-07,-7.307209054027802e-12,-6.935820077991206e-10,1.524741027880694e-10,1.807005468512419e-07,1.2965021095878715e-06,-2.3774941435295016e-06,1.868208724197709e-07,-1.2963543270655409e-06,2.3780612547694147e-06,1.351477220919937e-07,8.667511153248597e-13,5.2263748884229244e-14
383,0.383,-0.5547294589178356,0.0,0.0,fwd,3.851582681855501e-06,3,3.080287532241995e+17,7.11755214858005e-10,2.721379733739993e-06,2.7222229383268327e-06,1.3521563300962296e-07,-7.307221757066939e-12,-6.951009889205606e-10,1.5289442628629857e-10,1.8114240759448662e-07,1.2969828156739194e-06,-2.3855671567214742e-06,1.8727972138139322e-07,-1.2968346380232143e-06,2.3861357785204262e-06,1.3521563300687002e-07,8.612138779895417e-13,5.283273818434964e-14
384,0.384,-0.5564128256513027,0.0,0.0,fwd,3.861947872790437e-06,3,1.1263414847138474e+18,7.13283883116885e-10,2.7287105672457744e-06,2.729556465466146e-06,1.352812086355343e-07,-7.307234100897932e-12,-6.965759739852029e-10,1.5330497288301714e-10,1.815837040304016e-07,1.2974416243038966e-06,-2.3936444910957477e-06,1.8773797535795281e-07,-1.2972930477084255e-06,2.394214630968561e-06,1.3528120863279737e-07,8.590211875159071e-13,5.0882908997351706e-14
385,0.385,-0.5580961923847696,0.0,0.0,fwd,3.8723097693016635e-06,3,3.954187325675848e+17,7.148864244209874e-10,2.736039132178088e-06,2.736887682440692e-06,1.3534444673164533e-07,-7.307247036030713e-12,-6.981227800711975e-10,1.5373284589781377e-10,1.8202443618987655e-07,1.2978784029171742e-06,-2.4017262310015164e-06,1.881956342213829e-07,-1.2977294409216578e-06,2.402297834932371e-06,1.35344446728983e-07,8.473499679695351e-13,5.159761506945415e-14
386,0.386,-0.5597795591182365,0.0,0.0,fwd,3.882668419697227e-06,3,3.7439567137179635e+17,7.162515612778699e-10,2.7433654162675034e-06,2.744216669590897e-06,1.3540534503754036e-07,-7.30725808106903e-12,-6.994376033214733e-10,1.5411016213162654e-10,1.824646040974995e-07,1.2982932606764308e-06,-2.409812250924598e-06,1.8865269783546007e-07,-1.2981438964054792e-06,2.410385386921593e-06,1.3540534503484404e-07,8.531647610610094e-13,4.7954695769902855e-14
387,0.387,-0.5614629258517034,0.0,0.0,fwd,3.893023872379764e-06,3,3.246724674759892e+17,7.178661618442249e-10,2.7506895117103607e-06,2.751543402746825e-06,1.354639012945592e-07,-7.307271113306199e-12,-7.009960459325448e-10,1.5454117152646774e-10,1.8290420776247814e-07,1.2986862344688266e-06,-2.417902583855963e-06,1.8910916604902221e-07,-1.2985364896966889e-06,2.4184771666158067e-06,1.3546390129188802e-07,8.49376124989476e-13,4.7482850984437164e-14
388,0.388,-0.5631462925851703,0.0,0.0,fwd,3.903376175828134e-06,3,4.7610844754119514e+17,7.194698411318084e-10,2.758011396297252e-06,2.758867972409758e-06,1.3552011323774346e-07,-7.307284060191563e-12,-7.025435979496342e-10,1.5497080008142206e-10,1.8334324719028074e-07,1.2990574637106178e-06,-2.4259970778615914e-06,1.8956503870703738e-07,-1.2989073223668157e-06,2.4265731707884264e-06,1.3552011323509481e-07,8.459066780375224e-13,4.827388488948259e-14
389,0.389,-0.5648296593186373,0.0,0.0,fwd,3.91372537856804e-06,3,3.8526205096225114e+17,7.209229134129901e-10,2.7653311308592007e-06,2.7661903860967523e-06,1.3557397864109115e-07,-7.307295808406192e-12,-7.039439534756164e-10,1.5536846809105498e-10,1.8378172237666086e-07,1.2994066014432315e-06,-2.4340959360602543e-06,1.9002031564988654e-07,-1.2992560654567775e-06,2.4346735321492674e-06,1.3557397863847604e-07,8.407163853973998e-13,4.769795669545829e-14
390,0.39,-0.5665130260521042,0.0,0.0,fwd,3.924071529265475e-06,3,4.491605508009944e+17,7.224133630577241e-10,2.7726487476255692e-06,2.7735106800305664e-06,1.356254952343775e-07,-7.307307856080056e-12,-7.053806410500796e-10,1.5577490686258244e-10,1.842196333049339e-07,1.2997338030285022e-06,-2.442199059388833e-06,1.904749967004919e-07,-1.2995828723438851e-06,2.442778157300818e-06,1.3562549523179228e-07,8.361644709964366e-13,4.556771626695877e-14
391,0.391,-0.5681963927855712,0.0,0.0,fwd,3.934414676615697e-06,3,8.18408288756739e+17,7.239828314519128e-10,2.779964283386118e-06,2.780828885951952e-06,1.3567466075354993e-07,-7.30732053387364e-12,-7.068943781024517e-10,1.5619885246342946e-10,1.8465697995030168e-07,1.3000391384104804e-06,-2.4503064002812103e-06,1.9092908167487951e-07,-1.2998878173714479e-06,2.4508869906555986e-06,1.3567466075096788e-07,8.357481373622022e-13,4.6504466943986245e-14
392,0.392,-0.5698797595190381,0.0,0.0,fwd,3.944754869378342e-06,3,3.017788745837261e+17,7.256418790454778e-10,2.7872777697992308e-06,2.7881450408276977e-06,1.3572147294716677e-07,-7.307333925749086e-12,-7.084955018499262e-10,1.5664246982849406e-10,1.850937622789909e-07,1.3003225224489379e-06,-2.458417987811351e-06,1.9138257038212405e-07,-1.3001708091264774e-06,2.459000070667225e-06,1.3572147294462596e-07,8.291006770022591e-13,4.7704895589362195e-14
393,0.393,-0.571563126252505,0.0,0.0,fwd,3.9550921564564495e-06,3,2.1975413981900014e+18,7.272344540623223e-10,2.794589249680634e-06,2.795459170714441e-06,1.3576592956754403e-07,-7.307346790525194e-12,-7.100314555058551e-10,1.570728686006717e-10,1.8552998024922656e-07,1.3005838098295586e-06,-2.4665338948549886e-06,1.9183546262422443e-07,-1.300431709524985e-06,2.467117447401551e-06,1.3576592956501556e-07,8.273937091018979e-13,4.450606549966096e-14
394,0.394,-0.573246492985972,0.0,0.0,fwd,3.965426586767619e-06,3,5.69639631719225e+17,7.286508732273336e-10,2.801898737457819e-06,2.802771330055537e-06,1.358080283429243e-07,-7.307358252257399e-12,-7.113953367360315e-10,1.5746546427886088e-10,1.859656338092159e-07,1.3008231236205647e-06,-2.474654020073047e-06,1.9228775819068173e-07,-1.300670630727252e-06,2.4752390706747618e-06,1.3580802834039834e-07,8.270745199823182e-13,4.5199954890051686e-14
395,0.395,-0.5749298597194389,0.0,0.0,fwd,3.975758209357578e-06,3,2.961307927963063e+17,7.302884983348176e-10,2.8092062716268384e-06,2.8100815492808552e-06,1.3584776699168173e-07,-7.307371476056362e-12,-7.129752049167548e-10,1.5790582730268454e-10,1.8640072289382358e-07,1.3010406784835782e-06,-2.4827782422083555e-06,1.9273945685676636e-07,-1.3008877851744538e-06,2.4833648112516926e-06,1.3584776698918708e-07,8.22147905310544e-13,4.304195888593654e-14
396,0.396,-0.5766132264529058,0.0,0.0,fwd,3.986087073320365e-06,3,5.781233105094259e+17,7.318682642625382e-10,2.8165119008877244e-06,2.817389848859108e-06,1.3588514327926157e-07,-7.307384242378124e-12,-7.144981932494243e-10,1.5833537259091202e-10,1.8683524743430192e-07,1.301236128112282e-06,-2.4909067459569223e-06,1.9319055840053854e-07,-1.3010828443515976e-06,2.4914948125037695e-06,1.3588514327679167e-07,8.181788579975091e-13,4.272970866026071e-14
397,0.397,-0.5782965931863727,0.0,0.0,fwd,3.996413227858926e-06,3,3.729161586251858e+17,7.33442905165269e-10,2.8238156673489697e-06,2.824696255915865e-06,1.3592015493182626e-07,-7.307396968512144e-12,-7.160160971075857e-10,1.5876411990634054e-10,1.872692073495385e-07,1.3014095711499918e-06,-2.4990394745308397e-06,1.9364106258325283e-07,-1.3012559016978287e-06,2.499629003544987e-06,1.3592015492933643e-07,8.214678937079611e-13,4.503342143635791e-14
398,0.398,-0.5799799599198397,0.0,0.0,fwd,4.00673672224309e-06,3,6.073554205943351e+17,7.34975188182234e-10,2.831117575371122e-06,2.8320008354278197e-06,1.3595279969034325e-07,-7.307409357169708e-12,-7.174926052594399e-10,1.5918382584301227e-10,1.8770260254984957e-07,1.3015609204997114e-06,-2.5071764255431284e-06,1.940909691599736e-07,-1.3014068544758839e-06,2.507767458652735e-06,1.3595279968790376e-07,8.134465323550444e-13,4.013456234019941e-14
399,0.399,-0.5816633266533067,0.0,0.0,fwd,4.017057605830699e-06,3,1.3027413964470505e+18,7.366192201670619e-10,2.8384176763875485e-06,2.8393036053876013e-06,1.3598307526330754e-07,-7.307422638322066e-12,-7.190779898608168e-10,1.5962869914787348e-10,1.8813543293444684e-07,1.3016904347185054e-06,-2.515317470353634e-06,1.9454027787099407e-07,-1.3015359783957736e-06,2.5159100025227976e-06,1.3598307526090686e-07,8.069517276609872e-13,4.1674996786866814e-14
400,0.4,-0.5833466933867736,0.0,0.0,fwd,4.027375928061607e-06,3,2.579674595125812e+18,7.380816028410671e-10,2.845716016919649e-06,2.8466045889257635e-06,1.3601097940751024e-07,-7.307434472040701e-12,-7.20485972965923e-10,1.6003442321332884e-10,1.885676983970718e-07,1.3017978089946425e-06,-2.5234627670268905e-06,1.949889884577364e-07,-1.3016429662310314e-06,2.52405676808877e-06,1.3601097940510676e-07,8.076456170513779e-13,3.885086696797657e-14
401,0.401,-0.5850300601202405,0.0,0.0,fwd,4.0376917384612855e-06,3,1.3279215261648827e+18,7.397750118885316e-10,2.8530126005653725e-06,2.8539038520207065e-06,1.3603650983480913e-07,-7.307448148936117e-12,-7.221192688949829e-10,1.6049121753791695e-10,1.8899939881615447e-07,1.301883237145307e-06,-2.531612166796482e-06,1.9543710064110364e-07,-1.3017279969634865e-06,2.532207684648527e-06,1.360365098323981e-07,8.088668623784656e-13,4.130723540995973e-14
402,0.402,-0.5867134268537074,0.0,0.0,fwd,4.048005086661147e-06,3,4.427555590586655e+17,7.414156848766187e-10,2.8603075001130163e-06,2.861201391808754e-06,1.360596642880533e-07,-7.307461406556841e-12,-7.237009238408865e-10,1.609372288213784e-10,1.8943053406648018e-07,1.301946526241493e-06,-2.539765798410115e-06,1.9588461414280307e-07,-1.3017909011314721e-06,2.540362783572808e-06,1.360596642857145e-07,7.967515536222436e-13,4.025946243046974e-14
403,0.403,-0.5883967935871743,0.0,0.0,fwd,4.058316022349335e-06,3,1.0879877062244581e+18,7.429084494046971e-10,2.867600711587383e-06,2.8684972821964526e-06,1.3608044047350017e-07,-7.3074734863584e-12,-7.251380988726464e-10,1.6135148772633556e-10,1.8986110401151617e-07,1.3019879066544782e-06,-2.5479234865288802e-06,1.9633152866917037e-07,-1.3018318830299025e-06,2.5485219907125933e-06,1.360804404711573e-07,7.975287097394812e-13,3.977373985719623e-14
404,0.404,-0.5900801603206413,0.0,0.0,fwd,4.06862459531537e-06,3,6.636319824505823e+17,7.445308340761381e-10,2.874892304655057e-06,2.8757915235144907e-06,1.360988361314346e-07,-7.30748660058571e-12,-7.267016276929494e-10,1.617946471244025e-10,1.9029110850291198e-07,1.3020071746305817e-06,-2.55608536136806e-06,1.9677784391933367e-07,-1.3018507597217788e-06,2.556685347529508e-06,1.3609883612908832e-07,7.981809657664485e-13,3.9440672949808686e-14
405,0.405,-0.5917635270541083,0.0,0.0,fwd,4.078930855442228e-06,3,2.740358049065576e+17,7.459992080410802e-10,2.882182292809269e-06,2.8830841725251123e-06,1.3611484899063113e-07,-7.307498488441662e-12,-7.281146484350298e-10,1.622050480043491e-10,1.9072054738700054e-07,1.302004251857447e-06,-2.5642514248670756e-06,1.9722355958636825e-07,-1.3018474457615614e-06,2.564852908330806e-06,1.3611484898830267e-07,7.951972413877684e-13,3.920475055707584e-14
406,0.406,-0.5934468937875752,0.0,0.0,fwd,4.089234852695129e-06,3,8.846413894300914e+17,7.477017062096391e-10,2.8894707286480994e-06,2.8903752468393555e-06,1.3612847675219611e-07,-7.307512244303047e-12,-7.29756010828253e-10,1.626671644605615e-10,1.9114942049536644e-07,1.301979353399152e-06,-2.572421573941719e-06,1.9766867534544297e-07,-1.3018221606542202e-06,2.573024528518611e-06,1.3612847674987273e-07,7.945033519973776e-13,3.6318170693050433e-14
407,0.40700000000000003,-0.5951302605210421,0.0,0.0,fwd,4.099536637133016e-06,3,2.5804489634150467e+17,7.493045370477517e-10,2.896757628224072e-06,2.897664800918421e-06,1.3613971713883914e-07,-7.30752520512475e-12,-7.313000899289435e-10,1.6310753442327908e-10,1.91577727655826e-07,1.3019324297119939e-06,-2.58059579930775e-06,1.9811319087140076e-07,-1.3017748462240686e-06,2.5812002463626582e-06,1.3613971713652602e-07,7.927269951579774e-13,3.740757703596387e-14
408,0.40800000000000003,-0.596813627254509,0.0,0.0,fwd,4.109836258904774e-06,3,7.823470316257821e+17,7.508590557515406e-10,2.9040430328211822e-06,2.9049528640249424e-06,1.361485678775345e-07,-7.307537783014769e-12,-7.327967659759294e-10,1.6353843973471172e-10,1.9200546868389393e-07,1.301863356326094e-06,-2.5887741573818457e-06,1.985571058277271e-07,-1.30170537798735e-06,2.589380104745312e-06,1.3614856787527054e-07,7.842615445952106e-13,3.7470027081099033e-14
409,0.40900000000000003,-0.598496993987976,0.0,0.0,fwd,4.1201337682510795e-06,3,4.167206571327879e+17,7.52480269118479e-10,2.9113269863130624e-06,2.912239462944792e-06,1.3615502667406343e-07,-7.307550894429666e-12,-7.343583224156403e-10,1.6398478408508055e-10,1.9243264338497662e-07,1.3017722280544985e-06,-2.596956596722516e-06,1.9900041986563078e-07,-1.3016138599858396e-06,2.5975640284541662e-06,1.3615502667177424e-07,7.886191699668643e-13,3.8087588638546777e-14
410,0.41000000000000003,-0.6001803607214429,0.0,0.0,fwd,4.130429215491889e-06,3,8.223790433937023e+17,7.541280254579259e-10,2.9186095123637503e-06,2.919524644816382e-06,1.3615909124796544e-07,-7.307564217721913e-12,-7.359457470518249e-10,1.644370264952677e-10,1.9285925155630692e-07,1.301658962005181e-06,-2.6051431326092056e-06,1.9944313263050234e-07,-1.3015002029576062e-06,2.6057520623110064e-06,1.3615909124571082e-07,7.826933545729275e-13,3.687328220536301e-14
411,0.41100000000000003,-0.6018637274549098,0.0,0.0,fwd,4.14072265107363e-06,3,6.884242918430693e+17,7.557855094605964e-10,2.925890662493014e-06,2.9268084291021527e-06,1.3616075930778713e-07,-7.307577619682345e-12,-7.375424819489051e-10,1.6489215548531888e-10,1.9328529298541608e-07,1.3015235768992772e-06,-2.613333760382447e-06,1.998852437571326e-07,-1.3013644310083672e-06,2.6139441630795845e-06,1.3616075930554868e-07,7.79890041435749e-13,3.673450432728487e-14
412,0.41200000000000003,-0.6035470941883768,0.0,0.0,fwd,4.151014125503744e-06,3,4.2129336999640115e+17,7.573423411266573e-10,2.933170451315233e-06,2.934090872266467e-06,1.3616002856193343e-07,-7.307590220845918e-12,-7.390408059831932e-10,1.653260653378119e-10,1.9371076745102713e-07,1.301366074180077e-06,-2.6215284427248686e-06,2.0032675287210858e-07,-1.3012065329387479e-06,2.6221403466326204e-06,1.3616002855971632e-07,7.761985498788704e-13,3.575612028683395e-14
413,0.41300000000000003,-0.6052304609218437,0.0,0.0,fwd,4.161303689410182e-06,3,4.405737097673611e+17,7.589703778727531e-10,2.9404489189855025e-06,2.941372005336631e-06,1.3615689671006334e-07,-7.307603389938464e-12,-7.40608543242649e-10,1.6577580974619366e-10,1.941356747202177e-07,1.3011865241663312e-06,-2.629727136851251e-06,2.0076765958970852e-07,-1.3010265857982262e-06,2.63034055659854e-06,1.3615689670785753e-07,7.741585150711217e-13,3.665123760043798e-14
414,0.41400000000000003,-0.6069138276553107,0.0,0.0,fwd,4.17159139350054e-06,3,3.932731687276405e+17,7.606621097184968e-10,2.947726132356295e-06,2.9486518328065206e-06,1.3615136147491668e-07,-7.30761706996393e-12,-7.422381060467886e-10,1.6624090298789085e-10,1.9456001455216226e-07,1.3009847019684884e-06,-2.6379299758252928e-06,2.012079635198048e-07,-1.3008243831685862e-06,2.638544847199595e-06,1.3615136147271895e-07,7.728123696537637e-13,3.477773624638303e-14
415,0.41500000000000004,-0.6085971943887776,0.0,0.0,fwd,4.181877288586348e-06,3,9.032563247318196e+17,7.621826213596736e-10,2.9550020668319085e-06,2.9559304507947995e-06,1.361434205357043e-07,-7.307629383427469e-12,-7.437007051858124e-10,1.6666795721320682e-10,1.9498378669776662e-07,1.3007608802434456e-06,-2.6461367444510775e-06,2.0164766425923624e-07,-1.3006001571280734e-06,2.6467531582512888e-06,1.3614342053354512e-07,7.659567424767033e-13,3.509692536596276e-14
416,0.41600000000000004,-0.6102805611222445,0.0,0.0,fwd,4.192161425574224e-06,3,2.3733852404270128e+17,7.639875794150825e-10,2.9622768198653923e-06,2.9632078333621e-06,1.3613307160702961e-07,-7.307643968097358e-12,-7.454404454820818e-10,1.6715909212372537e-10,1.9540699089369452e-07,1.3005148675054867e-06,-2.6543475930666804e-06,2.02086761395293e-07,-1.3003537586708802e-06,2.654965481296845e-06,1.3613307160487773e-07,7.646661082105766e-13,3.419486915845482e-14
417,0.417,-0.6119639278557114,0.0,0.0,fwd,4.202443855476383e-06,3,1.5711453002188068e+18,7.655656247537864e-10,2.9695504089479116e-06,2.9704840349024434e-06,1.3612031239852503e-07,-7.307656745443784e-12,-7.469585991404237e-10,1.6760123844328234e-10,1.9582962687420496e-07,1.3002465230199656e-06,-2.6625625566163713e-06,2.0252525451319687e-07,-1.3000850315747492e-06,2.6631819002032042e-06,1.3612031239634858e-07,7.68968222430999e-13,3.479855292809475e-14
418,0.418,-0.6136472945891783,0.0,0.0,fwd,4.212724629399008e-06,3,3.194579734940401e+17,7.671704490756768e-10,2.976822837344239e-06,2.9777591239669387e-06,1.3610514057874716e-07,-7.307669735607237e-12,-7.485028916121017e-10,1.6804915098367346e-10,1.9625169435794705e-07,1.2999561524729142e-06,-2.670781436030223e-06,2.0296314317773534e-07,-1.299794262124565e-06,2.6714022982373548e-06,1.3610514057663713e-07,7.571721027943568e-13,3.26405569239796e-14
419,0.419,-0.6153306613226454,0.0,0.0,fwd,4.223003798545694e-06,3,5.2924661374551776e+17,7.68894047659602e-10,2.984094174757663e-06,2.9850331028642627e-06,1.3608755385867347e-07,-7.307683673990988e-12,-7.501629404466081e-10,1.6852363948771654e-10,1.9667319305567141e-07,1.2996435314327481e-06,-2.6790043654613405e-06,2.0340042695169942e-07,-1.299481249855683e-06,2.679626722658368e-06,1.360875538565559e-07,7.584627370604835e-13,3.297362383136715e-14
420,0.42,-0.6170140280561123,0.0,0.0,fwd,4.233281414224796e-06,3,1.1204172677471297e+18,7.704391081916513e-10,2.991364450949349e-06,2.9923060140799626e-06,1.3606754992303883e-07,-7.307696191331386e-12,-7.516484674258139e-10,1.6896034571445284e-10,1.9709412267122707e-07,1.2993087177143314e-06,-2.687231296573389e-06,2.038371053884475e-07,-1.2991460436456714e-06,2.6878551437244103e-06,1.3606754992092543e-07,7.576855809432459e-13,3.226585665316861e-14
421,0.421,-0.6186973947895792,0.0,0.0,fwd,4.243557527855578e-06,3,2.7730964464469677e+17,7.721680972839294e-10,2.9986337080068418e-06,2.999577887761369e-06,1.360451264630814e-07,-7.307710176606351e-12,-7.533132780762619e-10,1.6943810937641857e-10,1.975144828940504e-07,1.2989516601363826e-06,-2.6954622476434154e-06,2.0427317802810752e-07,-1.2987886027354678e-06,2.6960875614285423e-06,1.3604512646096613e-07,7.580325256384413e-13,3.05241942832879e-14
422,0.422,-0.6203807615230461,0.0,0.0,fwd,4.253832190951594e-06,3,9.871245207963679e+17,7.738363577946162e-10,3.005901970357913e-06,3.0068487719977465e-06,1.3602028116201105e-07,-7.307723677027746e-12,-7.549188947575391e-10,1.699022311729692e-10,1.9793427340844677e-07,1.298572376934315e-06,-2.7036971836126578e-06,2.0470864440548308e-07,-1.2984089331202764e-06,2.7043239730038804e-06,1.360202811598889e-07,7.591149930874508e-13,3.2585045772748344e-14
423,0.423,-0.622064128256513,0.0,0.0,fwd,4.2641054551235495e-06,3,2.393122136314635e+17,7.754688596699678e-10,3.013169249087737e-06,3.0141187282831045e-06,1.3599301168643122e-07,-7.307736895923183e-12,-7.564891889993985e-10,1.7036037164297468e-10,1.9835349388699256e-07,1.2981710487969256e-06,-2.7119359769685325e-06,2.0514350404207488e-07,-1.2980071983498265e-06,2.7125643151763856e-06,1.3599301168434466e-07,7.527034551202405e-13,3.089195566019498e-14
424,0.424,-0.62374749498998,0.0,0.0,fwd,4.274377372114998e-06,3,3.165488150540617e+17,7.772315948349764e-10,3.020435649005471e-06,3.0213877245643462e-06,1.3596331574564243e-07,-7.307751152447215e-12,-7.581866037775775e-10,1.7084678116674468e-10,1.987721439920494e-07,1.2977473106134951e-06,-2.720178865874695e-06,2.0557775645506827e-07,-1.2975830813166667e-06,2.720808650985909e-06,1.3596331574356053e-07,7.517736433371169e-13,3.096134459923405e-14
425,0.425,-0.6254308617234469,0.0,0.0,fwd,4.2846479937728815e-06,3,2.0050408293631904e+17,7.78865507258377e-10,3.027701147957489e-06,3.0286558559661787e-06,1.3593119100919667e-07,-7.3077643849415e-12,-7.597579562007573e-10,1.7130651758234805e-10,1.991902233790773e-07,1.2973012541994677e-06,-2.728425727797218e-06,2.060114011506002e-07,-1.2971366319391997e-06,2.7290570083007837e-06,1.3593119100713208e-07,7.485262409900884e-13,3.1509517217642724e-14
426,0.426,-0.6271142284569139,0.0,0.0,fwd,4.294917371997847e-06,3,5.298318052277769e+17,7.804283929287576e-10,3.0349657886535115e-06,3.0359231527633124e-06,1.3589663512704196e-07,-7.307777051081765e-12,-7.61259989073837e-10,1.7175069699781886e-10,1.9960773169150245e-07,1.2968331461055138e-06,-2.7366764300713886e-06,2.0644443762071346e-07,-1.2966681261772361e-06,2.7373092361324125e-06,1.3589663512498041e-07,7.479156183265445e-13,3.054501096499962e-14
427,0.427,-0.6287975951903808,0.0,0.0,fwd,4.305185558877926e-06,3,1.735145755195053e+18,7.820916210620741e-10,3.0422296350446406e-06,3.0431896242269625e-06,1.35859645801261e-07,-7.30779051866078e-12,-7.62859737185595e-10,1.722176568019762e-10,2.0002466856267568e-07,1.2963426204437578e-06,-2.744931163933123e-06,2.0687686535461968e-07,-1.2961772100222868e-06,2.7455654593912943e-06,1.3585964579921654e-07,7.447792382819785e-13,2.859518177800169e-14
428,0.428,-0.6304809619238477,0.0,0.0,fwd,4.315452606538234e-06,3,9.745308031071492e+17,7.839574901779414e-10,3.0494927202957297e-06,3.0504553104752763e-06,1.3582022067730156e-07,-7.307805603715384e-12,-7.646569835650929e-10,1.7272996227779558e-10,2.0044103361637672e-07,1.2958299338838852e-06,-2.7531897910659797e-06,2.0730868382541122e-07,-1.2956641380068579e-06,2.753825548632363e-06,1.3582022067527003e-07,7.422812364765718e-13,2.944866572818228e-14
429,0.429,-0.6321643286573146,0.0,0.0,fwd,4.325718567287825e-06,3,8.267828000873777e+17,7.856341425405394e-10,3.056755054241221e-06,3.057720275332502e-06,1.3577835743927384e-07,-7.3078191819844e-12,-7.66269396892949e-10,1.7320165440759538e-10,2.0085682647061223e-07,1.2952948634237238e-06,-2.7614523739651065e-06,2.0773989250621305e-07,-1.2951286738754897e-06,2.7620896323882205e-06,1.3577835743725994e-07,7.389228118270807e-13,2.962213807577996e-14
430,0.43,-0.6338476953907816,0.0,0.0,fwd,4.3359834935008775e-06,3,3.018512225682401e+17,7.87283533968639e-10,3.0640166934468274e-06,3.0649845358553087e-06,1.3573405373635073e-07,-7.30783254253948e-12,-7.678551804807254e-10,1.7366744153868297e-10,2.0127204672943122e-07,1.2947375475358402e-06,-2.7697188564775044e-06,2.0817049085212528e-07,-1.2945709691319918e-06,2.7703576046516493e-06,1.3573405373432536e-07,7.409489688470217e-13,2.8504976157250894e-14
431,0.431,-0.6355310621242485,0.0,0.0,fwd,4.346247437647724e-06,3,1.960106377655604e+17,7.891426760264522e-10,3.0712776708813833e-06,3.072248132803674e-06,1.3568730722884008e-07,-7.307847577996333e-12,-7.696453353106536e-10,1.7418041314831711e-10,2.0168669398670002e-07,1.2941579688313665e-06,-2.7779892297907782e-06,2.086004783101599e-07,-1.2939909996151355e-06,2.7786294684393337e-06,1.3568730722682303e-07,7.392975120978917e-13,2.851885394505871e-14
432,0.432,-0.6372144288577154,0.0,0.0,fwd,4.356510452372217e-06,3,7.241391022706886e+17,7.907555231834369e-10,3.0785380269931892e-06,3.0795110998812247e-06,1.3563811558440255e-07,-7.307860650467567e-12,-7.711950626709818e-10,1.74639823435907e-10,2.0210076783171898e-07,1.2935559787902173e-06,-2.7862635541206493e-06,2.0902985432462804e-07,-1.2933886195803934e-06,2.7869052752170498e-06,1.356381155823988e-07,7.36813388080293e-13,2.609024107869118e-14
433,0.433,-0.6388977955911824,0.0,0.0,fwd,4.366772590386622e-06,3,8.234875029446483e+17,7.92342756080992e-10,3.085797772391141e-06,3.0867735005430915e-06,1.355864764483174e-07,-7.307873520749388e-12,-7.727195498047346e-10,1.750946471146264e-10,2.0251426783891895e-07,1.2929316606791197e-06,-2.7945417485214508e-06,2.0945861832255035e-07,-1.2927638997628499e-06,2.7951850082481855e-06,1.3558647644631843e-07,7.358558207215538e-13,2.4168167467308876e-14
434,0.434,-0.6405811623246493,0.0,0.0,fwd,4.377033904516831e-06,3,3.936832216127324e+17,7.940974656424726e-10,3.0930569834990472e-06,3.0940353326159477e-06,1.3553238746130743e-07,-7.307887726974221e-12,-7.744073333981749e-10,1.7558662163130734e-10,2.0292719357323935e-07,1.2922851000546354e-06,-2.8028238042120124e-06,2.098867697215002e-07,-1.2921169461888038e-06,2.8034685624674788e-06,1.3553238745931582e-07,7.342737529114629e-13,2.6319224577520117e-14
435,0.435,-0.6422645290581163,0.0,0.0,fwd,4.387294447755551e-06,3,3.022288234298946e+17,7.959145853855998e-10,3.100315684347634e-06,3.101296646612565e-06,1.3547584627666143e-07,-7.307902432392628e-12,-7.761558028229754e-10,1.7609313313071695e-10,2.0333954459207762e-07,1.2916162058645986e-06,-2.8111097362011617e-06,2.1031430793398653e-07,-1.2914476613390402e-06,2.811755985179104e-06,1.354758462746955e-07,7.29333260451881e-13,2.7325364193586665e-14
436,0.436,-0.6439478957915832,0.0,0.0,fwd,4.3975542731558605e-06,3,3.74224509571016e+18,7.97604421585948e-10,3.1075739143479172e-06,3.1085574777744007e-06,1.3541685056067981e-07,-7.307916124561106e-12,-7.777798839009309e-10,1.76572534371644e-10,2.0375132044376118e-07,1.2909246951825493e-06,-2.8193996637441987e-06,2.1074123236584953e-07,-1.290755762689555e-06,2.8200473908591983e-06,1.3541685055870837e-07,7.302491944471967e-13,2.593758541280522e-14
437,0.437,-0.6456312625250501,0.0,0.0,fwd,4.407813433930973e-06,3,3.443100296297613e+17,7.992928697156071e-10,3.1148316938266964e-06,3.1158178805670817e-06,1.35355397913928e-07,-7.307929807438692e-12,-7.794023811763529e-10,1.770525739908102e-10,2.0416252066410234e-07,1.290211005186559e-06,-2.8276933546830807e-06,2.1116754240254328e-07,-1.2900416806044257e-06,2.8283425881955176e-06,1.353553979119687e-07,7.279038483076761e-13,2.3647750424515834e-14
438,0.438,-0.647314629258517,0.0,0.0,fwd,4.4180719833991285e-06,3,6.203380113319373e+17,8.011377893561173e-10,3.1220890871676757e-06,3.123077865549111e-06,1.3529148598588036e-07,-7.307944738657554e-12,-7.811774178911879e-10,1.7756743297958621e-10,2.045731447792242e-07,1.2894749655684157e-06,-2.835990904396374e-06,2.1159323742679443e-07,-1.2893052557111373e-06,2.836641608267368e-06,1.3529148598393086e-07,7.25891569075543e-13,2.4175106361212784e-14
439,0.439,-0.6489979959919839,0.0,0.0,fwd,4.4283299749868935e-06,3,4.4315647771339136e+18,8.029635918217697e-10,3.129346105267947e-06,3.1303374969856723e-06,1.3522511241149644e-07,-7.307959519541302e-12,-7.82933565202093e-10,1.7807907232159081e-10,2.0498319230771056e-07,1.2887165364849906e-06,-2.844292289132244e-06,2.120183168128343e-07,-1.2885464317768935e-06,2.844944493575474e-06,1.352251124095602e-07,7.233241783310973e-13,2.1441182163073336e-14
440,0.44,-0.650681362725451,0.0,0.0,fwd,4.438587462278027e-06,3,1.0837609568482401e+18,8.045982528006313e-10,3.136602788683238e-06,3.137596809711658e-06,1.3515627482700084e-07,-7.307972776626013e-12,-7.845031048392404e-10,1.7854921013915614e-10,2.053926627583037e-07,1.2879356122846852e-06,-2.8525975472662446e-06,2.1244277992591939e-07,-1.2877651092563225e-06,2.853251273363805e-06,1.3515627482505354e-07,7.252254352607679e-13,2.067790383364354e-14
441,0.441,-0.6523647294589179,0.0,0.0,fwd,4.44884449895932e-06,3,4.525400573551453e+17,8.063382854022764e-10,3.143859195136834e-06,3.1448558214238446e-06,1.3508497084909385e-07,-7.307986874854145e-12,-7.861753678617411e-10,1.7904277366254107e-10,2.0580155562639043e-07,1.2871322730700907e-06,-2.8609066517748527e-06,2.1286662611595814e-07,-1.2869613786326006e-06,2.861561871939436e-06,1.3508497084715708e-07,7.230605003627488e-13,2.1017909634934995e-14
442,0.442,-0.6540480961923848,0.0,0.0,fwd,4.459101138834313e-06,3,4.594099823898843e+17,8.08050627390164e-10,3.1511153429525374e-06,3.152114589478972e-06,1.3501119809324265e-07,-7.30800075490512e-12,-7.878202951117075e-10,1.7953159098249571e-10,2.062098704005506e-07,1.2863065717294564e-06,-2.869219545009738e-06,2.1328985472684922e-07,-1.2861352819137917e-06,2.869876279509853e-06,1.350111980913245e-07,7.193690088058702e-13,2.1337098754514727e-14
443,0.443,-0.6557314629258517,0.0,0.0,fwd,4.469357435844265e-06,3,6.320287947059996e+17,8.100196788416593e-10,3.1583713012589537e-06,3.159373120530064e-06,1.3493495418342972e-07,-7.308016684418484e-12,-7.897153278535463e-10,1.8007824398313943e-10,2.066176065565436e-07,1.2854584152954818e-06,-2.8775362906179047e-06,2.13712465091299e-07,-1.2852867422585845e-06,2.878194483902502e-06,1.3493495418150198e-07,7.20951076615961e-13,2.1718737919229625e-14
444,0.444,-0.6574148296593186,0.0,0.0,fwd,4.4796134440912554e-06,3,3.6000604244569197e+17,8.117133318774251e-10,3.1656270602130764e-06,3.16663150061173e-06,1.3485623672933786e-07,-7.30803041696661e-12,-7.913417560123648e-10,1.8056398043420074e-10,2.0702476356594785e-07,1.2845878322870208e-06,-2.8858568108559857e-06,2.1413445653719024e-07,-1.2844157599029016e-06,2.88651652531266e-06,1.3485623672744172e-07,7.148587277683305e-13,1.9692580899288714e-14
445,0.445,-0.6590981963927856,0.0,0.0,fwd,4.489869217741923e-06,3,3.634991698574386e+17,8.135746243325622e-10,3.172882708223309e-06,3.173889717376668e-06,1.3477504335366615e-07,-7.308045489348807e-12,-7.931313800169093e-10,1.8108803345739943e-10,2.0743134088352894e-07,1.2836946477606803e-06,-2.8941812262317512e-06,2.1455582837751548e-07,-1.283522195000275e-06,2.8948423980452304e-06,1.3477504335176877e-07,7.148726055561383e-13,1.992850329202156e-14
446,0.446,-0.6607815631262525,0.0,0.0,fwd,4.500124811141648e-06,3,4.731883005870753e+17,8.153784234684951e-10,3.1801382326221517e-06,3.1811478599447738e-06,1.3469137164024118e-07,-7.308060103962634e-12,-7.948647642863627e-10,1.8160003362188704e-10,2.0783733795860806e-07,1.2827791038144687e-06,-2.9025093609413855e-06,2.1497657991595264e-07,-1.2826062511378522e-06,2.9031720550909412e-06,1.3469137163832588e-07,7.179951078128965e-13,2.0775048348298242e-14
447,0.447,-0.6624649298597195,0.0,0.0,fwd,4.5103802787510445e-06,3,1.6266269494050404e+18,8.170594966042134e-10,3.187393688276693e-06,3.1884059500415483e-06,1.3460521919182904e-07,-7.308073741484253e-12,-7.964782375302626e-10,1.8208577701184225e-10,2.0824275422953487e-07,1.2818411568443766e-06,-2.9108412406032846e-06,2.1539671044832545e-07,-1.2816679012678245e-06,2.9115054783132588e-06,1.3460521918992065e-07,7.164824289418448e-13,2.027544798721692e-14
448,0.448,-0.6641482965931864,0.0,0.0,fwd,4.520635675169922e-06,3,4.391273002205817e+17,8.188553445136676e-10,3.1946491552113013e-06,3.195663984359326e-06,1.3451658362943827e-07,-7.308088294939655e-12,-7.982035796216813e-10,1.825971318591968e-10,2.0864758912259631e-07,1.2808805101016674e-06,-2.9191770291106534e-06,2.1581621926140885e-07,-1.280706870762649e-06,2.9198427306306035e-06,1.3451658362754231e-07,7.139289159852069e-13,1.9519108551691033e-14
449,0.449,-0.6658316633266533,0.0,0.0,fwd,4.53089105512965e-06,3,1.4809684665201306e+18,8.207276452788594e-10,3.2019046239155924e-06,3.202922049353765e-06,1.344254625115018e-07,-7.30810346113075e-12,-8.000031262445084e-10,1.831268886531845e-10,2.0905184205564466e-07,1.27989754952762e-06,-2.9275164919601027e-06,2.1623510562639274e-07,-1.279723517683129e-06,2.928183694992509e-06,1.3442546250962396e-07,7.102513022161361e-13,2.000483112496454e-14
450,0.45,-0.6675150300601203,0.0,0.0,fwd,4.541146473479582e-06,3,1.7405446518237443e+18,8.225711581682797e-10,3.209160148475006e-06,3.2101801680840954e-06,1.3433185345323204e-07,-7.308118399284694e-12,-8.017743691191015e-10,1.8365119841545763e-10,2.0945551243729976e-07,1.278891944525573e-06,-2.935859778854799e-06,2.1665336881343497e-07,-1.2787175195927425e-06,2.9365284835037447e-06,1.3433185345133813e-07,7.13096248716738e-13,1.7888468484272835e-14
451,0.451,-0.6691983967935872,0.0,0.0,fwd,4.551401985244742e-06,3,6.121449384963008e+17,8.244930072113264e-10,3.2164157667034575e-06,3.217438380069866e-06,1.3423575401457388e-07,-7.3081339635151e-12,-8.036218496210168e-10,1.8419346603515407e-10,2.0985859966430915e-07,1.2778639528199243e-06,-2.9442067642285186e-06,2.1707100807434787e-07,-1.27768913532611e-06,2.9448769720431117e-06,1.3423575401270996e-07,7.072398222618403e-13,1.491862189340054e-14
452,0.452,-0.6708817635270541,0.0,0.0,fwd,4.561657645575558e-06,3,7.470231435956997e+17,8.261733005791789e-10,3.223671515074982e-06,3.224696726452325e-06,1.34137161806313e-07,-7.308147600639671e-12,-8.052337269193188e-10,1.8468231804957824e-10,2.102611031266127e-07,1.2768131921192527e-06,-2.9525575994462927e-06,2.1748802266181564e-07,-1.276637979427675e-06,2.953229318402792e-06,1.3413716180444353e-07,7.079614672278467e-13,1.7888468484272835e-14
453,0.453,-0.672565130260521,0.0,0.0,fwd,4.571913509723433e-06,3,2.2695678371070586e+17,8.279895073500112e-10,3.230927441431566e-06,3.2319552369727114e-06,1.3403607437610476e-07,-7.30816232501044e-12,-8.069777936159372e-10,1.852027420312652e-10,2.106630221987771e-07,1.275739960615585e-06,-2.960912152658729e-06,2.179044118053913e-07,-1.2755643550438345e-06,2.961585368894959e-06,1.3403607437426416e-07,7.022854520144506e-13,1.454392162258955e-14
454,0.454,-0.674248496993988,0.0,0.0,fwd,4.582169633135822e-06,3,4.676017266432708e+17,8.298796158101875e-10,3.2381835716180897e-06,3.2392139637489853e-06,1.3393248929291719e-07,-7.308177639855817e-12,-8.08793757661741e-10,1.8574020793638013e-10,2.1106435624844923e-07,1.2746442558247972e-06,-2.9692703989551983e-06,2.183201747315596e-07,-1.2744682530846374e-06,2.96994513015493e-06,1.3393248929105165e-07,7.06740221900759e-13,1.502270530195915e-14
455,0.455,-0.675931863727455,0.0,0.0,fwd,4.592426071391428e-06,3,5.638207047238135e+17,8.317117167863842e-10,3.2454399506622774e-06,3.246472939923327e-06,1.338264041292003e-07,-7.308192493729983e-12,-8.105529268609413e-10,1.8626573200508645e-10,2.1146510463363321e-07,1.2735259732887805e-06,-2.9776323779533154e-06,2.187353106585213e-07,-1.2733495734218447e-06,2.9783086269545567e-06,1.3382640412732002e-07,7.093076126452047e-13,1.2122247650125928e-14
456,0.456,-0.6776152304609219,0.0,0.0,fwd,4.602682880181099e-06,3,3.167581024930308e+17,8.335808736318237e-10,3.2526966388270193e-06,3.2537321835054502e-06,1.3371781646201343e-07,-7.308207644700954e-12,-8.123480430000107e-10,1.868002141858227e-10,2.1186526670056082e-07,1.2723849025786382e-06,-2.9859981903364308e-06,2.1914981879405466e-07,-1.2722081181026912e-06,2.9866759086207006e-06,1.3371781646014888e-07,7.060324547225605e-13,1.2816137040516651e-14
457,0.457,-0.6792985971943888,0.0,0.0,fwd,4.6129401153706034e-06,3,2.2386608710415645e+17,8.354089739218344e-10,3.2599536294942797e-06,3.260991779656208e-06,1.3360672381625414e-07,-7.308222470093637e-12,-8.141028545738394e-10,1.8732668194409996e-10,2.1226484178620117e-07,1.2712213881133083e-06,-2.9943676270287323e-06,2.1956369833083202e-07,-1.271044203138283e-06,2.995046878269056e-06,1.336067238143919e-07,7.052830541809385e-13,1.3662682096793333e-14
458,0.458,-0.6809819639278557,0.0,0.0,fwd,4.623197832950488e-06,3,3.740619228339258e+17,8.373033693919365e-10,3.267210992797043e-06,3.2682517369349147e-06,1.3349312375258574e-07,-7.308237824670154e-12,-8.159222568415725e-10,1.8786801975201328e-10,2.1266382921618437e-07,1.2700352930161696e-06,-3.0027407683132223e-06,2.1997694845562435e-07,-1.2698577082220774e-06,3.003421542007584e-06,1.334931237507487e-07,7.002454172067019e-13,1.0796918914479647e-14
459,0.459,-0.6826653306613226,0.0,0.0,fwd,4.633456089090742e-06,3,2.4712650018413782e+17,8.391783163100152e-10,3.2744687767840166e-06,3.2755120862787728e-06,1.3337701383704824e-07,-7.308253027138082e-12,-8.177222995953137e-10,1.884066791468797e-10,2.1306222830724051e-07,1.2688263587995463e-06,-3.0111177207504947e-06,2.203895683480235e-07,-1.2686483861490405e-06,3.011799983040561e-06,1.333770138351978e-07,7.024658632559522e-13,1.2649603586822877e-14
460,0.46,-0.6843486973947895,0.0,0.0,fwd,4.643714940088324e-06,3,2.167616276515882e+17,8.410080943786919e-10,3.281727010597261e-06,3.282772877689359e-06,1.3325839158712118e-07,-7.308267869339074e-12,-8.194782595560834e-10,1.8893540204567572e-10,2.1346003836516473e-07,1.2675948342089072e-06,-3.019498355752437e-06,2.2080155717119552e-07,-1.2674164751730332e-06,3.020182100023708e-06,1.332583915852779e-07,7.00758895355591e-13,1.4210854715202004e-14
461,0.461,-0.6860320641282566,0.0,0.0,fwd,4.65397444240188e-06,3,1.8265769021737776e+17,8.429800445415693e-10,3.2889857200800807e-06,3.2900341646372725e-06,1.3313725452843728e-07,-7.308283849250899e-12,-8.213724006500556e-10,1.8949755653530076e-10,2.1385725868397375e-07,1.2663408224949935e-06,-3.027882603583165e-06,2.2121291407839146e-07,-1.266162064667009e-06,3.028567859091752e-06,1.3313725452657405e-07,7.042838534587759e-13,1.0776102232767926e-14
462,0.462,-0.6877154308617235,0.0,0.0,fwd,4.664234652618815e-06,3,5.944697768847694e+17,8.448956516604015e-10,3.2962449546803573e-06,3.2972959772732243e-06,1.3301360022042471e-07,-7.308299380010268e-12,-8.23211568357074e-10,1.900472695881561e-10,2.1425388855019573e-07,1.2650639541061937e-06,-3.0362706178004017e-06,2.2162363822097312e-07,-1.2648848021351577e-06,3.0369573856166288e-06,1.3301360021861183e-07,6.943751129639963e-13,1.0824674490095276e-14
463,0.463,-0.6893987975951904,0.0,0.0,fwd,4.674495627535917e-06,3,3.6539413203131334e+17,8.467554524064305e-10,3.3035047434892536e-06,3.304558366343577e-06,1.3288742615567547e-07,-7.308314467109662e-12,-8.24996029824554e-10,1.9058576938846272e-10,2.1464992723830555e-07,1.2637645843138756e-06,-3.044662226656114e-06,2.220337287302305e-07,-1.26358503141355e-06,3.0453505361887484e-06,1.3288742615383246e-07,6.998013279968518e-13,9.998946115530316e-15
464,0.464,-0.6910821643286573,0.0,0.0,fwd,4.684757424041297e-06,3,3.331263091197115e+17,8.48691662369807e-10,3.310765160364333e-06,3.311821337933365e-06,1.3275872988056563e-07,-7.308330165422736e-12,-8.268548415402144e-10,1.9114182459034623e-10,2.1504537401168716e-07,1.2624423788576422e-06,-3.053057594324532e-06,2.2244318473435568e-07,-1.2622624341457334e-06,3.0537473948086258e-06,1.3275872987873572e-07,6.970118926474811e-13,6.994405055138486e-15
465,0.465,-0.6927655310621242,0.0,0.0,fwd,4.695020099212414e-06,3,8.782271080475894e+18,8.505761250078349e-10,3.318026207776193e-06,3.3190849698257713e-06,1.3262750889536664e-07,-7.30834545183957e-12,-8.28663013208164e-10,1.9168709675110307e-10,2.1544022812489586e-07,1.26109747608516e-06,-3.0614566107339813e-06,2.2285200534774957e-07,-1.2609171303745725e-06,3.0621479407376417e-06,1.3262750889354136e-07,6.9574901395697e-13,9.943434964299058e-15
466,0.466,-0.6944488977955912,0.0,0.0,fwd,4.705283710300172e-06,3,7.104043408068882e+17,8.5248483659251e-10,3.3252879391119025e-06,3.3263492890943406e-06,1.324937606993189e-07,-7.308360934344532e-12,-8.304944718040552e-10,1.9223921760014306e-10,2.158344888206253e-07,1.2597299558492203e-06,-3.0698592459223184e-06,2.2326018967362534e-07,-1.2595492097228211e-06,3.0705521114372802e-06,1.3249376069748528e-07,6.970396482230967e-13,4.40619762898109e-15
467,0.467,-0.6961322645290581,0.0,0.0,fwd,4.715548314688007e-06,3,3.4052388067637754e+17,8.544132026014207e-10,3.3325504200269973e-06,3.333614310752668e-06,1.3235748281787958e-07,-7.308376575032896e-12,-8.323449360303492e-10,1.9279630669721826e-10,2.1622815533173553e-07,1.258339529588981e-06,-3.078265634271632e-06,2.2366773680986507e-07,-1.258158395620046e-06,3.0789599815353452e-06,1.3235748281602617e-07,7.004258284482034e-13,5.474787290182803e-15
468,0.468,-0.6978156312625251,0.0,0.0,fwd,4.725813969938424e-06,3,6.035317855661011e+17,8.565008050907945e-10,3.339813673486776e-06,3.3408800927065003e-06,1.322186727346475e-07,-7.308393488070626e-12,-8.343504012686687e-10,1.9338982498728896e-10,2.1662122687939044e-07,1.2569263327377733e-06,-3.086675689434326e-06,2.2407464583804607e-07,-1.2567448156725058e-06,3.087371505863107e-06,1.322186727327977e-07,6.993711165748095e-13,6.529499163576702e-15
469,0.46900000000000003,-0.699498997995992,0.0,0.0,fwd,4.73608073376202e-06,3,4.2634225432566426e+17,8.582828528573774e-10,3.3470776974351085e-06,3.348146718237268e-06,1.3207732792514418e-07,-7.308407962910782e-12,-8.360579277499891e-10,1.939154045671465e-10,2.1701370267835443e-07,1.2554905183814746e-06,-3.095089291728359e-06,2.2448091583363357e-07,-1.2553085929761787e-06,3.095786669276429e-06,1.320773279233074e-07,6.965400478620154e-13,4.65599780952175e-15
470,0.47000000000000003,-0.7011823647294589,0.0,0.0,fwd,4.746348664048049e-06,3,6.097585755384477e+17,8.602925219414748e-10,3.3543425807007246e-06,3.3554141797642973e-06,1.3193344588149903e-07,-7.308424257839454e-12,-8.37986888213571e-10,1.9449366422952252e-10,2.1740558192598695e-07,1.2540319856840787e-06,-3.1035065233588066e-06,2.248865458572512e-07,-1.2538496568376134e-06,3.104205437354929e-06,1.3193344587967235e-07,6.94250212873726e-13,4.454769886308441e-15
471,0.47100000000000003,-0.7028657314629259,0.0,0.0,fwd,4.756617818856328e-06,3,2.7695385652019898e+17,8.62232332884708e-10,3.361608365823543e-06,3.3626825164324397e-06,1.3178702410214486e-07,-7.308439997127747e-12,-8.398475109805403e-10,1.950572758868674e-10,2.1779686381477725e-07,1.2525504778926333e-06,-3.1119274785280926e-06,2.2529153496704881e-07,-1.2523677551667944e-06,3.112627898803691e-06,1.3178702410031945e-07,6.936257124223744e-13,3.490263633665336e-15
472,0.47200000000000003,-0.7045490981963928,0.0,0.0,fwd,4.766888256405661e-06,3,2.565663465026502e+17,8.642123461748598e-10,3.368875082631178e-06,3.3699517802143784e-06,1.3163806004319514e-07,-7.308456058407674e-12,-8.417471233923557e-10,1.9563063669014724e-10,2.1818754752359857e-07,1.2510461697701203e-06,-3.1203520630823656e-06,2.2569588220272908e-07,-1.2508630545388089e-06,3.1210539867994325e-06,1.3163806004136965e-07,6.932510121515634e-13,3.0808688933348094e-15
473,0.47300000000000003,-0.7062324649298597,0.0,0.0,fwd,4.7771600350862955e-06,3,2.7885530136944566e+17,8.661125646356604e-10,3.376142751754472e-06,3.377222032575211e-06,1.3148655117166169e-07,-7.308471482361483e-12,-8.435689924368717e-10,1.9618592167480742e-10,2.1857763222225814e-07,1.2495190345740426e-06,-3.1287802545326704e-06,2.2609958659757468e-07,-1.2493355150550167e-06,3.129483728200877e-06,1.3148655116984954e-07,6.903089211363067e-13,4.503342143635791e-15
474,0.47400000000000003,-0.7079158316633267,0.0,0.0,fwd,4.787433213462938e-06,3,2.4117896848900653e+17,8.682446896692535e-10,3.3834114667946986e-06,3.384493262167076e-06,1.3133249493950332e-07,-7.308488762323298e-12,-8.456162645109622e-10,1.967957324877645e-10,2.1896711706686174e-07,1.247969141832117e-06,-3.137212070663392e-06,2.265026471698763e-07,-1.2477852385089916e-06,3.137917014683217e-06,1.3133249493768733e-07,6.906419880436943e-13,2.949029909160572e-15
475,0.47500000000000003,-0.7095991983967936,0.0,0.0,fwd,4.797707850273345e-06,3,2.7964945009844634e+17,8.702114579343589e-10,3.390681200461297e-06,3.3917655789190677e-06,1.3117588880829151e-07,-7.308504722396023e-12,-8.475023530185588e-10,1.9736851042395642e-10,2.1935600120760992e-07,1.2463963850739557e-06,-3.145647468991153e-06,2.2690506293492844e-07,-1.2462120731471238e-06,3.1463539698350917e-06,1.311758888064696e-07,6.913636330097006e-13,-9.020562075079397e-17
476,0.47600000000000003,-0.7112825651302606,0.0,0.0,fwd,4.807984004447557e-06,3,2.0906238882569658e+17,8.720302141506778e-10,3.397952034778223e-06,3.3990389836441915e-06,1.3101673023118368e-07,-7.308519502115101e-12,-8.492439911023109e-10,1.979088767867232e-10,2.1974428378108186e-07,1.2448006614096396e-06,-3.1540865228704695e-06,2.27306832894007e-07,-1.2446159488033182e-06,3.15479456637624e-06,1.3101673022935176e-07,6.928346785173289e-13,-2.2273849431542203e-15
477,0.47700000000000004,-0.7129659318637275,0.0,0.0,fwd,4.8182617350326225e-06,3,9.113883005584794e+17,8.741463552322218e-10,3.4052240268772294e-06,3.4063135020940215e-06,1.3085501663183236e-07,-7.308536659310078e-12,-8.512749880007497e-10,1.985178341157301e-10,2.201319639100102e-07,1.2431821583558378e-06,-3.1625291639497677e-06,2.2770795603144294e-07,-1.2429970525501544e-06,3.1632387024471686e-06,1.3085501663002074e-07,6.885603198725221e-13,-1.2490009027033011e-15
478,0.47800000000000004,-0.7146492985971944,0.0,0.0,fwd,4.8285411013475185e-06,3,1.8285263190701312e+18,8.761790311086096e-10,3.4124971858250836e-06,3.4135892086632285e-06,1.306907454506493e-07,-7.308553150419521e-12,-8.532245882042488e-10,1.9910821602575624e-10,2.2051904071195616e-07,1.2415407718152638e-06,-3.1709753874585578e-06,2.2810843133028935e-07,-1.2413552686607598e-06,3.1716864482521367e-06,1.3069074544882266e-07,6.909472993754662e-13,-6.356026815979021e-15
479,0.47900000000000004,-0.7163326653306613,0.0,0.0,fwd,4.840128403332685e-06,2,1.142045424862098e+18,4.200291758861999e-08,3.405813175713673e-06,3.435445495391803e-06,1.5241251913531812e-07,-7.486706220427287e-12,-4.312671990358563e-09,4.1780927349799324e-08,2.2090543025993316e-07,1.1960007472860967e-06,-3.1812491872278137e-06,2.2850811940005475e-07,-1.2921660796499923e-06,3.1749608838185783e-06,1.3052365434811106e-07,2.9798053094443055e-08,-7.283699387378162e-08
480,0.48,-0.7180160320641282,0.0,0.0,fwd,4.849104979089528e-06,3,6.923642952642444e+17,8.801427772051158e-10,3.4270471972925164e-06,3.4281443275060342e-06,1.303545200492038e-07,-7.308585327083605e-12,-8.570240142558028e-10,2.0026914848703115e-10,2.2129138073907168e-07,1.2381891865698158e-06,-3.1878786293619565e-06,2.2890743427563004e-07,-1.2380028905911722e-06,3.1885927553754884e-06,1.303545200488372e-07,3.07559533396784e-13,-3.132216708223723e-14
481,0.481,-0.7196993987975953,0.0,0.0,fwd,4.860709830538679e-06,2,3.072831446996206e+17,4.2514821124024906e-08,3.420196032726668e-06,3.4501676371970476e-06,1.526267330419108e-07,-7.494334481240626e-12,-5.140019503774296e-09,4.2202963859705456e-08,2.216765528416078e-07,1.1926460779382309e-06,-3.197842357118008e-06,2.293058146036523e-07,-1.2887847724851742e-06,3.1921950721033876e-06,1.3018230067412366e-07,3.043588779616524e-08,-7.362842497499189e-08
482,0.482,-0.7213827655310622,0.0,0.0,fwd,4.8696761154457265e-06,3,2.738888161741084e+17,8.84231451635964e-10,3.441602429755408e-06,3.442704651032631e-06,1.300080333567504e-07,-7.308618507812604e-12,-8.609441770612847e-10,2.0146207618809697e-10,2.22061296560886e-07,1.2347458209077677e-06,-3.204796221730616e-06,2.2970383334640993e-07,-1.23455872755307e-06,3.2055134083965736e-06,1.3000803335637603e-07,3.1022406865588437e-13,-3.316791286067655e-14
483,0.483,-0.7230661322645291,0.0,0.0,fwd,4.881286260012342e-06,2,5.137916631892097e+17,4.30422655314577e-08,3.434581057160884e-06,3.4648986379014282e-06,1.524247565969722e-07,-7.50201116200418e-12,-5.973593810576494e-09,4.2625728648160166e-08,2.2244524751186672e-07,1.1891904249106133e-06,-3.2144503858931583e-06,2.301009017034649e-07,-1.285317878532699e-06,3.2094445153469514e-06,1.2983067564904948e-07,3.021030819949644e-08,-7.392319908289258e-08
484,0.484,-0.724749498997996,0.0,0.0,fwd,4.890254991210171e-06,3,3.256498359290692e+17,8.88277571537162e-10,3.4561632121350226e-06,3.457270526107797e-06,1.2965126458998251e-07,-7.308651355392956e-12,-8.648219640416954e-10,2.026489531736786e-10,2.2282878070265408e-07,1.231210519730963e-06,-3.2217281293600575e-06,2.304976199899939e-07,-1.2310226226996956e-06,3.222448392181665e-06,1.2965126458960696e-07,3.099881462631515e-13,-3.589489816491209e-14
485,0.485,-0.7264328657314629,0.0,0.0,fwd,4.9018714652279465e-06,2,9.385347595067647e+17,4.359053061417662e-08,3.4489718794029235e-06,3.479635219339597e-06,1.5223482740846252e-07,-7.509763630617174e-12,-6.814435925261986e-09,4.305459053166594e-08,2.2321150668997468e-07,1.1856470315124712e-06,-3.2310717672096034e-06,2.30893372033658e-07,-1.2817533471820575e-06,3.2267100686933503e-06,1.2946875835600768e-07,3.0017841864959927e-08,-7.424427557467528e-08
486,0.486,-0.7281162324649298,0.0,0.0,fwd,4.910842090211801e-06,3,3.549733161217729e+17,8.92586028949063e-10,3.4707299102908452e-06,3.4718422668058673e-06,1.2928419284193007e-07,-7.308686306566398e-12,-8.689541378115173e-10,2.03899751249903e-10,2.235938255087152e-07,1.2275832358271677e-06,-3.2386743137428897e-06,2.3128878547452468e-07,-1.2273945474844394e-06,3.239397605743835e-06,1.2928419284155764e-07,3.078509669407481e-13,-3.900352263386253e-14
487,0.487,-0.7297995991983968,0.0,0.0,fwd,4.922465680439064e-06,2,9.542625806945804e+17,4.415351140123109e-08,3.4633679614664194e-06,3.4943788183952632e-06,1.5204564962478665e-07,-7.517565875200722e-12,-7.661960205185281e-09,4.348363920325671e-08,2.23975322647124e-07,1.1820110539934037e-06,-3.247707277387324e-06,2.3168321675696988e-07,-1.278101689997091e-06,3.24398863801173e-06,1.2909652759214375e-07,2.9844546209356615e-08,-7.457391765913757e-08
488,0.488,-0.7314829659318638,0.0,0.0,fwd,4.931437899348305e-06,3,1.0511723684907907e+18,8.967869275184405e-10,3.485302829738441e-06,3.4864202520033928e-06,1.289067971049279e-07,-7.308720406537903e-12,-8.729804032436839e-10,2.0513066939509272e-10,2.2435642314898846e-07,1.223863696303562e-06,-3.255634755811032e-06,2.3207732089997215e-07,-1.223674204228753e-06,3.2563611182742647e-06,1.2890679710454847e-07,3.102379464436922e-13,-3.9697412024253254e-14
489,0.489,-0.7331663326653307,0.0,0.0,fwd,4.943067805055475e-06,2,2.318268988307623e+17,4.473412503037284e-08,3.4777676674051504e-06,3.5091316368927177e-06,1.5180708133578345e-07,-7.52546465967622e-12,-8.521474380296379e-09,4.391499015127254e-08,2.2473668742291067e-07,1.1782818743893975e-06,-3.264354943056935e-06,2.324704268843604e-07,-1.274356086114481e-06,3.261284855919297e-06,1.287139625921273e-07,2.9591606082179922e-08,-7.484946644431556e-08
490,0.49,-0.7348496993987976,0.0,0.0,fwd,4.952042908725471e-06,3,4.03850898571629e+18,9.0087661003122e-10,3.499882314786242e-06,3.5010048262055693e-06,1.2851905621881657e-07,-7.308753623689318e-12,-8.768975059969542e-10,2.0633955655213754e-10,2.251165656105381e-07,1.2200519659694153e-06,-3.2726093487575603e-06,2.3286321718230225e-07,-1.2198616617942193e-06,3.27333882164417e-06,1.2851905621842767e-07,3.132355486101801e-13,-4.291705879566621e-14
491,0.491,-0.7365330661322645,0.0,0.0,fwd,4.963680617175186e-06,2,5.293632582079729e+17,4.533241904608807e-08,3.4921748742578236e-06,3.5238904869206688e-06,1.5159394742676217e-07,-7.53340513397518e-12,-9.384641414672545e-09,4.4350385176861185e-08,2.2549559296659075e-07,1.1744630519505694e-06,-3.2810171638614216e-06,2.3325499327499026e-07,-1.270516831436419e-06,3.27859470702907e-06,1.2832104196087533e-07,2.940761391345692e-08,-7.516400288981595e-08
492,0.492,-0.7382164328657315,0.0,0.0,fwd,4.972657611621102e-06,3,1.7314595204964598e+17,9.053210477508506e-10,3.5144687579436392e-06,3.515596290061186e-06,1.2812094892403873e-07,-7.308789682887734e-12,-8.811589652379936e-10,2.0763347291508083e-10,2.2587424469565274e-07,1.216147810331747e-06,-3.2895981486452675e-06,2.3364646505906167e-07,-1.2159567139846672e-06,3.2903306632879603e-06,1.2812094892365307e-07,3.108346913194282e-13,-4.69416172599324e-14
493,0.493,-0.7398997995991984,0.0,0.0,fwd,4.98430424291521e-06,2,2.2325034432952736e+17,4.594964866986825e-08,3.506585773849902e-06,3.5386599801755266e-06,1.5139078924199947e-07,-7.541452857124233e-12,-1.0260597725630927e-08,4.4789399307465505e-08,2.262520309340335e-07,1.1705464696282197e-06,-3.2976923401532854e-06,2.3403690654530218e-07,-1.266587315307266e-06,3.2959213817039534e-06,1.279177445892827e-07,2.9256135139488215e-08,-7.550033273573398e-08
494,0.494,-0.7415831663326653,0.0,0.0,fwd,4.993282504638011e-06,3,4.46451353838092e+17,9.096113717575959e-10,3.529062463066896e-06,3.530195037762104e-06,1.2771245382980822e-07,-7.30882451841471e-12,-8.852692398586548e-10,2.088966291613481e-10,2.2662945203000962e-07,1.212150996410255e-06,-3.3066011131677175e-06,2.344270550947955e-07,-1.211959094596371e-06,3.3073367100289186e-06,1.2771245382941448e-07,3.1320779303456447e-13,-4.9682480351975755e-14
495,0.495,-0.7432665330661323,0.0,0.0,fwd,5.004937794451729e-06,2,4.892926220969223e+17,4.6583991101557976e-08,3.5210038501696387e-06,3.553437309149408e-06,1.5115368053733688e-07,-7.549561425667441e-12,-1.1143251453515912e-08,4.523158318031628e-08,2.2700599289664286e-07,1.1665351221656906e-06,-3.3143826274062427e-06,2.3481615719438773e-07,-1.26256636688582e-06,3.313261874887674e-06,1.2750404891288035e-07,2.9053256134226046e-08,-7.580277672225577e-08
496,0.496,-0.7449498997995992,0.0,0.0,fwd,5.0139180877215955e-06,3,8.677561592710994e+17,9.13874822876343e-10,3.5436637857410347e-06,3.544801416317475e-06,1.27293549387743e-07,-7.308859145425996e-12,-8.89352431976409e-10,2.1015714168903799e-10,2.2738217905043984e-07,1.2080615749837653e-06,-3.323618149256996e-06,2.35204977664384e-07,-1.2078688643030189e-06,3.3243568560333003e-06,1.272935493873447e-07,3.146510829665772e-13,-4.892614091644987e-14
497,0.497,-0.7466332665330662,0.0,0.0,fwd,5.025581231235855e-06,2,2.5585420350584928e+17,4.7231642046491336e-08,3.53542988626854e-06,3.5682222725162415e-06,1.5086821049486322e-07,-7.557715539317808e-12,-1.20323355098928e-08,4.567330572080586e-08,2.2775747020621584e-07,1.162438311358427e-06,-3.3310851366742666e-06,2.3559273546459622e-07,-1.2584530795362037e-06,3.3306158733308056e-06,1.2707993293840426e-07,2.8772943416743857e-08,-7.605277976135971e-08
498,0.498,-0.7483166332665331,0.0,0.0,fwd,5.034564864220973e-06,3,4.3559572822094925e+17,9.181917134006128e-10,3.558273090014373e-06,3.5594157690655566e-06,1.2686421394283337e-07,-7.30889420749458e-12,-8.934864861864789e-10,2.114343908288241e-10,2.2813241700807312e-07,1.2038792547713895e-06,-3.340649296672965e-06,2.3598022296409341e-07,-1.203685729964099e-06,3.34139111971693e-06,1.268642139424294e-07,3.157057948399711e-13,-5.320049956125672e-14
499,0.499,-0.75,0.0,0.0,fwd,5.046238319761192e-06,2,4.942517927704958e+17,4.789935891353118e-08,3.54986071799769e-06,3.5830188872049284e-06,1.5063654268341118e-07,-7.56597414931853e-12,-1.2932984114200075e-08,4.6120347450828714e-08,2.2850645398029682e-07,1.158243242344037e-06,-3.347800548007124e-06,2.36366631482347e-07,-1.2542490046840715e-06,3.347986648097323e-06,1.2664537543674855e-07,2.8616140665405077e-08,-7.637691644413191e-08
500,0.5,-0.75,0.0,0.0,rev,5.046238319761192e-06,1,4.942517927704958e+17,4.789935891353118e-08,3.54986071799769e-06,3.5830188872049284e-06,1.5063654268341118e-07,-7.56597414931853e-12,-1.2932984114200075e-08,4.6120347450828714e-08,2.2850645398029682e-07,1.158243242344037e-06,-3.347800548007124e-06,2.36366631482347e-07,-1.2542490046840715e-06,3.347986648097323e-06,1.2664537543674855e-07,2.8616140665405077e-08,-7.637691644413191e-08
501,0.501,-0.7483166332665331,0.0,0.0,rev,5.03456486422424e-06,3,8.41983677999428e+17,9.155596504610363e-10,3.558272627614333e-06,3.55941623198826e-06,1.2686421426411766e-07,-7.308872647475282e-12,-8.909881513141649e-10,2.105615543035455e-10,2.2813241702574488e-07,1.2038753117032952e-06,-3.3406502251212555e-06,2.359802230279455e-07,-1.2036820691424532e-06,3.3413929315939672e-06,1.2686421426298404e-07,5.114242362935784e-13,-1.6149581671953683e-13
502,0.502,-0.7466332665330662,0.0,0.0,rev,5.024240045197373e-06,3,7.346665375149183e+17,9.132252728893822e-10,3.5509669254831698e-06,3.5521080667605205e-06,1.2708018714160838e-07,-7.308853708692084e-12,-8.887499972076718e-10,2.098819243401273e-10,2.2775760973493907e-07,1.2059790052421082e-06,-3.3321325327781426e-06,2.3559293564709464e-07,-1.2057861531050706e-06,3.3328737509240314e-06,1.270801871407507e-07,4.3338943545023767e-13,-1.736666366269901e-13
503,0.503,-0.7449498997995992,0.0,0.0,rev,5.013918087718943e-06,3,3.468370905546492e+17,9.110312131918424e-10,3.5436632817181477e-06,3.5448019208984497e-06,1.2729354961876065e-07,-7.308835894570117e-12,-8.866480188940429e-10,2.0923609372891505e-10,2.273821790695013e-07,1.2080586652279957e-06,-3.3236186694936276e-06,2.3520497771739873e-07,-1.2078662092462888e-06,3.3243583587548586e-06,1.2729354961785313e-07,4.4345083161090315e-13,-1.854558173697285e-13
504,0.504,-0.7432665330661322,0.0,0.0,rev,5.003598928542708e-06,3,2.1115369063473744e+17,9.087450123261192e-10,3.5363616350314406e-06,3.537497766860515e-06,1.2750430436209678e-07,-7.308817343754479e-12,-8.844562929266608e-10,2.0856927990253737e-10,2.2700612614201534e-07,1.2101149168969316e-06,-3.315108402499045e-06,2.3481635047592407e-07,-1.2099228782758153e-06,3.3158465526494235e-06,1.2750430436117548e-07,4.5086157030027607e-13,-1.7794793416570087e-13
505,0.505,-0.7415831663326653,0.0,0.0,rev,4.993282504641618e-06,3,4.3617368849934234e+17,9.066920613821197e-10,3.52906194146587e-06,3.53019555994389e-06,1.27712454048782e-07,-7.308800658039216e-12,-8.824915034844061e-10,2.079562980150662e-10,2.2662945204964395e-07,1.2121482214633161e-06,-3.306601573726392e-06,2.3442705514671598e-07,-1.2119565769991292e-06,3.3073381899544757e-06,1.2771245404787709e-07,4.4611536687000353e-13,-1.792177517501159e-13
506,0.506,-0.7398997995991984,0.0,0.0,rev,4.982968753201832e-06,3,6.23310908950354e+17,9.046095953822241e-10,3.5217641903753794e-06,3.5228952225927736e-06,1.279180014304426e-07,-7.308783741785407e-12,-8.804972861931049e-10,2.0733940953032715e-10,2.262521578818956e-07,1.2141580180285994e-06,-3.298098434086072e-06,2.3403709295807048e-07,-1.2139668021937666e-06,3.2988334289045518e-06,1.2791800142952315e-07,4.488770466437586e-13,-1.8367946053032824e-13
507,0.507,-0.7382164328657315,0.0,0.0,rev,4.972657611623688e-06,3,8.25211205929642e+17,9.024014667851937e-10,3.5144682479330586e-06,3.5155968006537948e-06,1.281209491602888e-07,-7.308765823385743e-12,-8.783804170131582e-10,2.066950222090469e-10,2.2587424471540364e-07,1.2161448336989178e-06,-3.2895987042147468e-06,2.3364646511335013e-07,-1.2159540101058797e-06,3.290332208062685e-06,1.2812094915939155e-07,4.460737335065801e-13,-1.758662659945287e-13
508,0.508,-0.7365330661322645,0.0,0.0,rev,4.96234901752648e-06,3,8.595719647998828e+17,9.003143294531486e-10,3.5071741500845586e-06,3.5083001704732067e-06,1.2832129993285507e-07,-7.308748868499292e-12,-8.763816929102664e-10,2.0607669043437582e-10,2.2549571361303238e-07,1.2181085946166847e-06,-3.281102505848371e-06,2.3325517280870023e-07,-1.2179181751587054e-06,3.281834460956007e-06,1.2832129993194956e-07,4.4585168890165505e-13,-1.8332557694122897e-13
509,0.509,-0.7348496993987976,0.0,0.0,rev,4.952042908723986e-06,3,2.1494870967756474e+17,8.982171105798528e-10,3.4998818263375173e-06,3.5010053151706974e-06,1.2851905644077176e-07,-7.308731837697512e-12,-8.743725882220943e-10,2.0545835865970474e-10,2.2511656562862023e-07,1.2200491531499935e-06,-3.2726098750240906e-06,2.3286321723267381e-07,-1.219859151357916e-06,3.273340280166709e-06,1.2851905643983605e-07,4.5458081743277035e-13,-1.8404028301333142e-13
510,0.51,-0.7331663326653307,0.0,0.0,rev,4.941739223250052e-06,3,4.81386985935259e+17,8.960948874202449e-10,3.4925912358403684e-06,3.4937121885145423e-06,1.2871422135084743e-07,-7.308714607670937e-12,-8.723390065856762e-10,2.048347810812423e-10,2.2473680180372302e-07,1.2219665822543746e-06,-3.2641207977704423e-06,2.3247059955924034e-07,-1.221776985180223e-06,3.264849655803398e-06,1.2871422134993594e-07,4.4775294583132563e-13,-1.8482437802447294e-13
511,0.511,-0.7314829659318637,0.0,0.0,rev,4.931437899356379e-06,3,2.905455218816638e+17,8.93973888823744e-10,3.48530235265074e-06,3.4864207296637934e-06,1.2890679732640037e-07,-7.308697384089752e-12,-8.703069653837048e-10,2.0420989899072595e-10,2.243564231681873e-07,1.2238608896875114e-06,-3.2556353001325644e-06,2.3207732095140823e-07,-1.2236716922797708e-06,3.2563625736153207e-06,1.2890679732548716e-07,4.493766470048399e-13,-1.8303414339726487e-13
512,0.512,-0.7297995991983968,0.0,0.0,rev,4.9211388754624816e-06,3,3.5424843217104794e+17,8.91915469896356e-10,3.4780150697610078e-06,3.4791309590433868e-06,1.2909678700922877e-07,-7.308680675636949e-12,-8.683340019244312e-10,2.0360709646061181e-10,2.2397543074017965e-07,1.2257322336284293e-06,-3.2471532645309e-06,2.316833825589218e-07,-1.2255434373026342e-06,3.2478790500424515e-06,1.2909678700831887e-07,4.489880689462211e-13,-1.825831152935109e-13
513,0.513,-0.7281162324649298,0.0,0.0,rev,4.9108420902053035e-06,3,1.9951056428092698e+17,8.898294175419762e-10,3.4707294126957694e-06,3.4718427649318676e-06,1.2928419305671674e-07,-7.30866373843231e-12,-8.663350661852753e-10,2.0299391334521744e-10,2.2359382552760206e-07,1.2275805083145075e-06,-3.2386748143251043e-06,2.312887855246305e-07,-1.2273921167482715e-06,3.2393990606043727e-06,1.2928419305579032e-07,4.538730502545718e-13,-1.831521045936313e-13
514,0.514,-0.7264328657314629,0.0,0.0,rev,4.900547482451446e-06,3,8.071819522424375e+17,8.877492240136458e-10,3.4634453334613794e-06,3.464556109393322e-06,1.294690181183111e-07,-7.308646852751097e-12,-8.643412131859041e-10,2.0238462294930315e-10,2.2321160852619932e-07,1.229405604263878e-06,-3.230199996269445e-06,2.308935309793806e-07,-1.2292176328615456e-06,3.23092265824311e-06,1.2946901811742338e-07,4.4265979770585773e-13,-1.8415824420969784e-13
515,0.515,-0.724749498997996,0.0,0.0,rev,4.8902549912096215e-06,3,1.9670538022604422e+17,8.857212103855778e-10,3.4561627639201693e-06,3.4572709748259307e-06,1.2965126480835555e-07,-7.308630387449689e-12,-8.623976879840178e-10,2.0178918258562106e-10,2.2282878072029438e-07,1.2312077488779716e-06,-3.2217287074323697e-06,2.3049762003907098e-07,-1.2310201798898524e-06,3.22244980678274e-06,1.2965126480742127e-07,4.570094302991379e-13,-1.827704654289164e-13
516,0.516,-0.7230661322645291,0.0,0.0,rev,4.87996455574276e-06,3,4.4249269615051226e+17,8.837069209486223e-10,3.4488816388882574e-06,3.4499873410537617e-06,1.298309357431764e-07,-7.308614029694995e-12,-8.604677942392058e-10,2.0119562960108084e-10,2.2244534308357407e-07,1.232987029364807e-06,-3.213260900365722e-06,2.3010105381054545e-07,-1.232799862138645e-06,3.213980500621841e-06,1.2983093574228377e-07,4.447414658770299e-13,-1.8435253323900724e-13
517,0.517,-0.7213827655310622,0.0,0.0,rev,4.869676115455103e-06,3,1.644048166526857e+18,8.816350565376862e-10,3.4416019736530853e-06,3.442705107659807e-06,1.3000803357408166e-07,-7.308597218420333e-12,-8.584809599310184e-10,2.005926189041496e-10,2.2206129657887508e-07,1.2347430630027523e-06,-3.204796794491205e-06,2.297038333956433e-07,-1.2345562963450574e-06,3.205514835152856e-06,1.30008033573146e-07,4.559130850623205e-13,-1.8822443603738748e-13
518,0.518,-0.7196993987975951,0.0,0.0,rev,4.859389609959874e-06,3,4.2757199853781843e+17,8.796433249518692e-10,3.4343236715826256e-06,3.4354242863535032e-06,1.3018256086494498e-07,-7.308581043929158e-12,-8.565725698184146e-10,2.0000599093572546e-10,2.21676642156267e-07,1.2364763780914334e-06,-3.196336139071887e-06,2.2930595987281937e-07,-1.2362900152218526e-06,3.197052674307546e-06,1.3018256086402325e-07,4.5304038298610294e-13,-1.8637869025894815e-13
519,0.519,-0.7180160320641282,0.0,0.0,rev,4.849104979086252e-06,3,1.850235802023523e+17,8.775482294173746e-10,3.4270467336679376e-06,3.428144791634868e-06,1.3035452025468424e-07,-7.308564043594095e-12,-8.545634339052199e-10,1.9939613155051106e-10,2.2129138075710195e-07,1.2381865605731734e-06,-3.1878791509031e-06,2.2890743432322736e-07,-1.2380006027407076e-06,3.1885941426494646e-06,1.3035452025376624e-07,4.525269048372138e-13,-1.8586521211005902e-13
520,0.52,-0.7163326653306613,0.0,0.0,rev,4.8388221628227314e-06,3,6.943570620572692e+17,8.755686595062637e-10,3.419771090140741e-06,3.4208666088630344e-06,1.305239143127168e-07,-7.308547979733365e-12,-8.526652092721854e-10,1.9881927354470363e-10,2.2090551330876645e-07,1.2398739195340625e-06,-3.1794256913492136e-06,2.2850825780565708e-07,-1.2396883645598988e-06,3.1801391621316677e-06,1.3052391431178557e-07,4.556216515183564e-13,-1.884395417484086e-13
521,0.521,-0.7146492985971944,0.0,0.0,rev,4.8285411013607805e-06,3,1.0202205165293865e+18,8.735470805060035e-10,3.4124967123186782e-06,3.4135896827039003e-06,1.3069074564626342e-07,-7.308531572400774e-12,-8.507269472213252e-10,1.9822903041255557e-10,2.2051904073029918e-07,1.2415382385361218e-06,-3.1709758697463786e-06,2.281084313770139e-07,-1.241353082395702e-06,3.1716878141178906e-06,1.3069074564532154e-07,4.58424964655535e-13,-1.8982038163528614e-13
522,0.522,-0.7129659318637275,0.0,0.0,rev,4.818261735046582e-06,3,6.204531445900453e+17,8.715540393554628e-10,3.4052235697060124e-06,3.4063139597952807e-06,1.3085501683193326e-07,-7.308515397658136e-12,-8.488158717567806e-10,1.9764778008690698e-10,2.201319639281412e-07,1.2431795712447569e-06,-3.162529688679333e-06,2.2770795607847645e-07,-1.2429948248737777e-06,3.1632400706825547e-06,1.3085501683099916e-07,4.570510636625613e-13,-1.8857831962648675e-13
523,0.523,-0.7112825651302606,0.0,0.0,rev,4.807984004446765e-06,3,6.493128824181169e+17,8.694829699950646e-10,3.3979515796835557e-06,3.399039439237522e-06,1.310167304172303e-07,-7.308498598043412e-12,-8.468289819374419e-10,1.9704795434227762e-10,2.1974428379890814e-07,1.2447982356833531e-06,-3.1540869899308877e-06,2.273068329387838e-07,-1.2446138863420053e-06,3.1547958709108453e-06,1.3101673041631253e-07,4.5255466041282943e-13,-1.8889750874606648e-13
524,0.524,-0.7095991983967935,0.0,0.0,rev,4.797707850276542e-06,3,8.61839392297299e+17,8.675378568031449e-10,3.390680736569882e-06,3.3917660433441474e-06,1.311758889992274e-07,-7.308482807509625e-12,-8.449643762453718e-10,1.9647829890834245e-10,2.1935600122635216e-07,1.246393900103393e-06,-3.145647953579217e-06,2.269050629813198e-07,-1.2462099517329683e-06,3.1463553107329706e-06,1.3117588899829228e-07,4.574535195089879e-13,-1.8991752614994084e-13
525,0.525,-0.7079158316633266,0.0,0.0,rev,4.787433213461703e-06,3,9.918782135034772e+17,8.65531242864018e-10,3.3834109991806703e-06,3.384493730317216e-06,1.313324951359393e-07,-7.308466530024538e-12,-8.430392876845882e-10,1.95897111032739e-10,2.1896711708593137e-07,1.2479665988385236e-06,-3.1372125779416393e-06,2.2650264721731842e-07,-1.2477830488438757e-06,3.1379183903310764e-06,1.3133249513498142e-07,4.636985240225044e-13,-1.9127061046120275e-13
526,0.526,-0.7062324649298597,0.0,0.0,rev,4.777160035090437e-06,3,4.8365808765498694e+17,8.636075007655356e-10,3.376142307724593e-06,3.3772224771032924e-06,1.314865513567941e-07,-7.308450910617877e-12,-8.411953494880109e-10,1.953327569137464e-10,2.1857763223991375e-07,1.2495166201581531e-06,-3.1287807396238043e-06,2.2609958664190076e-07,-1.249333474492853e-06,3.129485022537043e-06,1.3148655135584495e-07,4.609229664609416e-13,-1.92748594862735e-13
527,0.527,-0.7045490981963928,0.0,0.0,rev,4.766888256406616e-06,3,5.966748851654618e+17,8.615903056987163e-10,3.3688746058734262e-06,3.3699522574852388e-06,1.3163806022867506e-07,-7.308434548138328e-12,-8.392599670781209e-10,1.9474893919735337e-10,2.181875475420864e-07,1.2510437495116822e-06,-3.1203525187074865e-06,2.256958822479941e-07,-1.2508610028189038e-06,3.1210553244204187e-06,1.3163806022771404e-07,4.696520949920568e-13,-1.8011286906371993e-13
528,0.528,-0.7028657314629259,0.0,0.0,rev,4.756617818857265e-06,3,2.5800797348061926e+17,8.596266133807164e-10,3.361607916671882e-06,3.362682966101207e-06,1.3178702430151056e-07,-7.308418617711756e-12,-8.373761059554674e-10,1.9417970703594634e-10,2.1779686383324686e-07,1.2525478992886363e-06,-3.11192803122487e-06,2.252915350140816e-07,-1.2523655500001896e-06,3.1126292718425264e-06,1.317870243005679e-07,4.624772786954168e-13,-1.8595541773080981e-13
529,0.529,-0.7011823647294589,0.0,0.0,rev,4.746348664044103e-06,3,6.143745595235429e+17,8.577474188576786e-10,3.3543421435766705e-06,3.3554146173869323e-06,1.3193344607862371e-07,-7.308403363865986e-12,-8.355742903143337e-10,1.9363064623911797e-10,2.1740558194407724e-07,1.2540294330454227e-06,-3.103507082345691e-06,2.2488654590351497e-07,-1.2538474852274994e-06,3.1042067875439866e-06,1.3193344607765248e-07,4.705541511995648e-13,-1.8668400159072007e-13
530,0.53,-0.699498997995992,0.0,0.0,rev,4.736080733758479e-06,3,2.4949693774642186e+17,8.557891918426925e-10,3.3470772614010253e-06,3.3481471547576938e-06,1.3207732811986752e-07,-7.308387478199812e-12,-8.336955362175935e-10,1.9306341247915526e-10,2.1701370269612158e-07,1.2554879956216958e-06,-3.09508984352308e-06,2.2448091587919208e-07,-1.2553064505094191e-06,3.095788010124001e-06,1.3207732811894343e-07,4.541367282229203e-13,-1.945804628533665e-13
531,0.531,-0.697815631262525,0.0,0.0,rev,4.72581396994336e-06,3,1.328927227206107e+18,8.53804420962314e-10,3.339813205297658e-06,3.340880561436128e-06,1.3221867291513228e-07,-7.30837138437529e-12,-8.317904420795941e-10,1.9249217497741e-10,2.1662122689854122e-07,1.2569239704052215e-06,-3.0866761448131164e-06,2.2407464588319187e-07,-1.2567428265553016e-06,3.0873728227662905e-06,1.3221867291415793e-07,4.724276525536197e-13,-1.856501063990379e-13
532,0.532,-0.6961322645290581,0.0,0.0,rev,4.7155483146861235e-06,3,1.999119991983029e+17,8.518897764725212e-10,3.3325499777015307e-06,3.3336147535725043e-06,1.3235748300797953e-07,-7.30835585133952e-12,-8.299535225742005e-10,1.9193730632638406e-10,2.1622815534977252e-07,1.258337053985925e-06,-3.0782661673868505e-06,2.236677368550148e-07,-1.25815631517312e-06,3.078961311110684e-06,1.323574830070068e-07,4.725247970682744e-13,-1.849909114781667e-13
533,0.533,-0.6944488977955912,0.0,0.0,rev,4.705283710302774e-06,3,3.670391865632911e+17,8.500589492494178e-10,3.325287511710069e-06,3.3263497169768934e-06,1.3249376088410853e-07,-7.308340986348047e-12,-8.281983987501462e-10,1.914006730885376e-10,2.1583448883801265e-07,1.259727542016198e-06,-3.0698597734829525e-06,2.2326018971731054e-07,-1.259547199150557e-06,3.070553399703649e-06,1.3249376088314326e-07,4.683059495746988e-13,-1.9098611581114255e-13
534,0.534,-0.6927655310621242,0.0,0.0,rev,4.695020099215875e-06,3,4.1996348043772397e+17,8.48066316198016e-10,3.318025761714178e-06,3.3190854163853396e-06,1.326275090762497e-07,-7.308324835719379e-12,-8.26284839161584e-10,1.9083089275451215e-10,2.1544022814288308e-07,1.261095107035759e-06,-3.0614571031629956e-06,2.2285200539154435e-07,-1.2609151593678813e-06,3.0621492363748504e-06,1.326275090753095e-07,4.612144000049057e-13,-1.915134717478395e-13
535,0.535,-0.6910821643286573,0.0,0.0,rev,4.6847574240410135e-06,3,6.419917021607546e+17,8.461729326922217e-10,3.3107647118500252e-06,3.311821786941444e-06,1.3275873006082465e-07,-7.308309476312127e-12,-8.244680910207691e-10,1.902829144251328e-10,2.1504537402977142e-07,1.2624400201749486e-06,-3.053058083266752e-06,2.2244318477813066e-07,-1.2622604692730244e-06,3.053748693936098e-06,1.3275873005984069e-07,4.756056659616092e-13,-1.8722523531522484e-13
536,0.536,-0.6893987975951904,0.0,0.0,rev,4.674495627535757e-06,3,8.80279307498908e+17,8.443181636166535e-10,3.3035043165005907e-06,3.3045587938121166e-06,1.3288742633793833e-07,-7.308294426376304e-12,-8.226887782125658e-10,1.8974436605256884e-10,2.146499272558789e-07,1.2637622025524209e-06,-3.0446627519754854e-06,2.2203372877366105e-07,-1.2635830526352976e-06,3.0453518210776104e-06,1.3288742633695696e-07,4.740097203637106e-13,-1.9009099849753852e-13
537,0.537,-0.6877154308617235,0.0,0.0,rev,4.664234652627145e-06,3,9.648245133087013e+17,8.424233679328588e-10,3.296244516126172e-06,3.2972964163248874e-06,1.3301360039456712e-07,-7.30827905946487e-12,-8.208701773870786e-10,1.8919796979099957e-10,2.142538885680166e-07,1.2650616627724043e-06,-3.0362710963793837e-06,2.2162363826356035e-07,-1.264882919321808e-06,3.036958646488244e-06,1.3301360039357273e-07,4.780759121914002e-13,-1.89681603757208e-13
538,0.538,-0.6860320641282565,0.0,0.0,rev,4.653974442394881e-06,3,4.88679914868075e+17,8.405156756150501e-10,3.2889852788487104e-06,3.290034606341347e-06,1.331372547071453e-07,-7.308263592378556e-12,-8.190385800133093e-10,1.8865045636751177e-10,2.1385725870179405e-07,1.2663384788696996e-06,-3.0278831044672216e-06,2.2121291412155393e-07,-1.2661601299923664e-06,3.0285691477605764e-06,1.3313725470617336e-07,4.712064072265321e-13,-1.9174939414057235e-13
539,0.539,-0.6843486973947895,0.0,0.0,rev,4.643714940083617e-06,3,1.488375267282534e+18,8.386661643626082e-10,3.281726572324678e-06,3.2827733164077798e-06,1.3325839175843984e-07,-7.308248588870726e-12,-8.172638017722722e-10,1.8811539825858148e-10,2.134600383821355e-07,1.2675925806088228e-06,-3.019498825484329e-06,2.2080155721242422e-07,-1.2674146291219435e-06,3.0201833515763887e-06,1.332583917574552e-07,4.7674364456185e-13,-1.8746115770795768e-13
540,0.54,-0.6826653306613226,0.0,0.0,rev,4.6334560890870115e-06,3,2.3134864775803062e+17,8.367058729418163e-10,3.2744683546599767e-06,3.2755125088880813e-06,1.3337701401994894e-07,-7.308232705864765e-12,-8.153804506583207e-10,1.8755806630021965e-10,2.1306222832522138e-07,1.2688239730967998e-06,-3.0111182669941006e-06,2.203895683918095e-07,-1.2686464048866641e-06,3.011801277208459e-06,1.3337701401892675e-07,4.826694599557868e-13,-1.9926421623850388e-13
541,0.541,-0.6809819639278557,0.0,0.0,rev,4.623197832949427e-06,3,3.920956372693477e+17,8.349359467089037e-10,3.267210580245678e-06,3.268252149951263e-06,1.3349312394237324e-07,-7.308218337366948e-12,-8.136831833316371e-10,1.8704091053756144e-10,2.126638292335043e-07,1.2700328172327024e-06,-3.002741366577716e-06,2.199769484995591e-07,-1.26985566699378e-06,3.0034228544768143e-06,1.3349312394142515e-07,4.658218255571001e-13,-1.9009099849753852e-13
542,0.542,-0.6792985971943888,0.0,0.0,rev,4.612940115362523e-06,3,5.4269149945580224e+17,8.330641156075326e-10,3.2599532107604666e-06,3.260992198837893e-06,1.3360672399214268e-07,-7.308203160812934e-12,-8.118859404215861e-10,1.8650370137152095e-10,2.1226484180333765e-07,1.2712190745750584e-06,-2.994368153336896e-06,2.1956369837270128e-07,-1.2710423219347566e-06,2.9950481330170975e-06,1.336067239911174e-07,4.862360514223951e-13,-1.9376167337270545e-13
543,0.543,-0.6776152304609219,0.0,0.0,rev,4.602682880181474e-06,3,4.01989623656062e+17,8.31152152286557e-10,3.252696200562482e-06,3.253732622245228e-06,1.3371781663382957e-07,-7.308187668381806e-12,-8.100490417328743e-10,1.8595978229507537e-10,2.1186526671829435e-07,1.2723826446764397e-06,-2.985998675056334e-06,2.191498188360172e-07,-1.2722062692760439e-06,2.986677174115354e-06,1.33717816632825e-07,4.809486142676178e-13,-1.932343174360085e-13
544,0.544,-0.675931863727455,0.0,0.0,rev,4.59242607139921e-06,3,5.736816055624374e+17,8.29307860054056e-10,3.2454395170101864e-06,3.2464733740561366e-06,1.3382640430388012e-07,-7.308172714134236e-12,-8.082782776419606e-10,1.8543015734007184e-10,2.1146510465124663e-07,1.2735236776806325e-06,-2.977632887122411e-06,2.187353107006883e-07,-1.2733477004478466e-06,2.9783099009458858e-06,1.3382640430287787e-07,4.804628916943443e-13,-1.9341472867751008e-13
545,0.545,-0.6742484969939879,0.0,0.0,rev,4.582169633142917e-06,3,5.5149993963335936e+17,8.275926541931744e-10,3.2381831570909196e-06,3.2392143787322834e-06,1.3393248946466969e-07,-7.308158787827322e-12,-8.066335932532809e-10,1.849281977550632e-10,2.1106435626527395e-07,1.274641989720826e-06,-2.969270919674083e-06,2.183201747724389e-07,-1.2744664278502293e-06,2.969946366006629e-06,1.3393248946368093e-07,4.781175455548237e-13,-1.9041018761711825e-13
546,0.546,-0.672565130260521,0.0,0.0,rev,4.571913509734865e-06,3,1.388866511782152e+18,8.256415413025617e-10,3.2309270215457204e-06,3.2319556573347077e-06,1.340360745474719e-07,-7.308142989762883e-12,-8.04757632061337e-10,1.8437922716385557e-10,2.10663022216068e-07,1.2757376952748922e-06,-2.9609126705257283e-06,2.1790441184667685e-07,-1.2755625383026326e-06,2.9615866101052185e-06,1.3403607454645102e-07,4.85500528668581e-13,-1.9483720192781107e-13
547,0.547,-0.6708817635270541,0.0,0.0,rev,4.561657645571277e-06,3,5.7563895809575174e+17,8.238393116339692e-10,3.223671101273299e-06,3.2246971407063793e-06,1.3413716197672175e-07,-7.308128377226933e-12,-8.030270857994903e-10,1.8386218242349983e-10,2.1026110314383864e-07,1.276810945277651e-06,-2.952558119276999e-06,2.1748802270287206e-07,-1.2766361681681992e-06,2.953230553713257e-06,1.341371619757065e-07,4.859862512418545e-13,-1.9020895969390494e-13
548,0.548,-0.6691983967935872,0.0,0.0,rev,4.551401985240804e-06,3,1.47281004076484e+18,8.22035182430974e-10,3.2164153650500613e-06,3.217438782211043e-06,1.3423575420239007e-07,-7.308113747644445e-12,-8.012948637947659e-10,1.8334386786555967e-10,2.098585996825481e-07,1.2778614987690728e-06,-2.944207390560838e-06,2.1707100811870868e-07,-1.2776871312208948e-06,2.944878280917995e-06,1.3423575420136643e-07,4.84751128126959e-13,-1.9959034425198752e-13
549,0.549,-0.6675150300601203,0.0,0.0,rev,4.541146473478478e-06,3,2.7263016666528586e+17,8.202185224527714e-10,3.2091597338794418e-06,3.210180583141061e-06,1.343318536257761e-07,-7.308099027654425e-12,-7.99549312174852e-10,1.8282755170906384e-10,2.0945551245474747e-07,1.2788896653487258e-06,-2.9358603184960474e-06,2.1665336885494e-07,-1.278715693664445e-06,2.9365297323398487e-06,1.3433185362481953e-07,4.69416172599324e-13,-1.9143020502099262e-13
550,0.55,-0.6658316633266533,0.0,0.0,rev,4.530891055115144e-06,3,3.830461155256139e+18,8.184822528045386e-10,3.2019042238423776e-06,3.2029224498462684e-06,1.3442546269345152e-07,-7.308084938611306e-12,-7.978833080346526e-10,1.8232393372841216e-10,2.090518420724221e-07,1.279895162673017e-06,-2.927517097909421e-06,2.1623510566835316e-07,-1.2797215925286487e-06,2.9281849744204613e-06,1.344254626924701e-07,4.768824224399282e-13,-1.9088897129648785e-13
551,0.551,-0.6641482965931864,0.0,0.0,rev,4.520635675157919e-06,3,2.9564541310882643e+17,8.166369453976387e-10,3.1946487480991974e-06,3.1956643918856283e-06,1.3451658379945273e-07,-7.308069987368056e-12,-7.961100459419335e-10,1.81800130505394e-10,2.0864758913915237e-07,1.2808782646478445e-06,-2.9191775688421073e-06,2.1581621930154593e-07,-1.2807050803476105e-06,2.9198439619650823e-06,1.3451658379843857e-07,4.867078962078608e-13,-1.8961915371207283e-13
552,0.552,-0.6624649298597194,0.0,0.0,rev,4.510380278761261e-06,3,3.734137395578976e+18,8.147876245763283e-10,3.1873932901400092e-06,3.1884063486401985e-06,1.3460521936746807e-07,-7.30805500811978e-12,-7.943324123460549e-10,1.8127736811646145e-10,2.082427542465472e-07,1.2818388431257155e-06,-2.9108418235258837e-06,2.1539671048963313e-07,-1.2816660517056544e-06,2.9115067290089863e-06,1.3460521936643046e-07,4.922035001797553e-13,-1.9252655025780996e-13
553,0.553,-0.6607815631262525,0.0,0.0,rev,4.500124811146664e-06,3,6.01639166236906e+17,8.130918067632885e-10,3.1801378214177813e-06,3.1811482716037797e-06,1.346913718096636e-07,-7.30804125537521e-12,-7.927041974220561e-10,1.8078975122515217e-10,2.0783733797572294e-07,1.2827768606921142e-06,-2.9025099017622458e-06,2.1497657995653812e-07,-1.2826044730324115e-06,2.903173291719796e-06,1.346913718086445e-07,4.879291415349485e-13,-1.9090284908429567e-13
554,0.554,-0.6590981963927856,0.0,0.0,rev,4.489869217747876e-06,3,5.0045054379656736e+17,8.111938854299469e-10,3.1728822777600364e-06,3.173890148313943e-06,1.3477504352210868e-07,-7.308025884480075e-12,-7.90879525064403e-10,1.8025451270498039e-10,2.0743134090133505e-07,1.2836924222353607e-06,-2.894181741430746e-06,2.1455582841869166e-07,-1.283520417907913e-06,2.894843658450205e-06,1.3477504352109738e-07,4.848621504294215e-13,-1.9366452885805074e-13
555,0.555,-0.6574148296593186,0.0,0.0,rev,4.479613444088315e-06,3,1.7010719259038723e+18,8.094529309906674e-10,3.165626654901899e-06,3.1666319063612674e-06,1.348562369049152e-07,-7.308011775399333e-12,-7.892068248915862e-10,1.7975880506337916e-10,2.0702476358298734e-07,1.2845855193593936e-06,-2.8858573958082112e-06,2.1413445657841491e-07,-1.2844139160306245e-06,2.8865177909027234e-06,1.3485623690390754e-07,4.864164626638967e-13,-1.8755136332870848e-13
556,0.556,-0.6557314629258517,0.0,0.0,rev,4.469357435857382e-06,3,1.0079170591377642e+18,8.078006677763237e-10,3.1583709072466184e-06,3.1593735149967194e-06,1.349349543565139e-07,-7.307998371883801e-12,-7.876207949730762e-10,1.792818879464697e-10,2.0661760657331883e-07,1.2854561295683187e-06,-2.8775368792338663e-06,2.1371246513187357e-07,-1.2852849329975102e-06,2.878195724845614e-06,1.349349543554905e-07,4.880540416252188e-13,-1.9489965197294623e-13
557,0.557,-0.6540480961923848,0.0,0.0,rev,4.459101138833135e-06,3,1.0236309075268589e+18,8.059568423970037e-10,3.1511149612843457e-06,3.152114971552993e-06,1.3501119826872032e-07,-7.307983441432563e-12,-7.858477930888785e-10,1.7876317093268312e-10,2.062098704164797e-07,1.286304266989724e-06,-2.8692201590845012e-06,2.132898547667953e-07,-1.2861334429681293e-06,2.86987752327883e-06,1.3501119826772583e-07,4.803657471796896e-13,-1.943861738240571e-13
558,0.558,-0.6523647294589179,0.0,0.0,rev,4.44884449895561e-06,3,4.004177520387797e+17,8.042240038802689e-10,3.1438588017885394e-06,3.1448562151762746e-06,1.35084971019079e-07,-7.30796939495285e-12,-7.841831385635434e-10,1.7826846943069796e-10,2.0580155564246886e-07,1.2871300215516746e-06,-2.860907232487414e-06,2.1286662615532135e-07,-1.2869596129894134e-06,2.8615630987514906e-06,1.3508497101807298e-07,4.827527266826337e-13,-1.9682172558432853e-13
559,0.559,-0.6506813627254509,0.0,0.0,rev,4.438587462277256e-06,3,3.629424549714532e+17,8.023804837841009e-10,3.1366024002132397e-06,3.1375971986179898e-06,1.351562749985889e-07,-7.3079544689353e-12,-7.824101297404518e-10,1.777510152956019e-10,2.0539266277517997e-07,1.2879333425447337e-06,-2.8525981448958293e-06,2.124427799662965e-07,-1.2877633241842323e-06,2.853252506684542e-06,1.3515627499758097e-07,4.847788837025746e-13,-1.935257509799726e-13
560,0.56,-0.6489979959919839,0.0,0.0,rev,4.4283299749953655e-06,3,3.702008451513078e+17,8.006818604290989e-10,3.1293457250713176e-06,3.1303378776505395e-06,1.3522511259081083e-07,-7.30794070132795e-12,-7.807781504665101e-10,1.7726679152341163e-10,2.0498319232513657e-07,1.2887141850326245e-06,-2.8442929362465508e-06,2.1201831685474666e-07,-1.2885445524468686e-06,2.8449457636185727e-06,1.3522511258977467e-07,4.942712905631197e-13,-1.8954976477303376e-13
561,0.561,-0.647314629258517,0.0,0.0,rev,4.418071983396741e-06,3,6.673633414529734e+17,7.990164711017179e-10,3.1220886924792468e-06,3.1230782606454244e-06,1.3529148615146421e-07,-7.307927200430099e-12,-7.791783381699835e-10,1.7679092911837557e-10,2.0457314479543727e-07,1.2894727634549241e-06,-2.83599147115135e-06,2.1159323746562486e-07,-1.289303547230558e-06,2.8366428197913046e-06,1.3529148615043901e-07,4.894418204060003e-13,-1.9454576838384696e-13
562,0.562,-0.6456312625250501,0.0,0.0,rev,4.407813433929295e-06,3,2.8599836194602554e+17,7.972066436700936e-10,3.114831318849151e-06,3.115818255950731e-06,1.3535539808126879e-07,-7.307912548957103e-12,-7.774374321395383e-10,1.7628404985758905e-10,2.0416252068012387e-07,1.2902087824645525e-06,-2.827693955802929e-06,2.1116754244134745e-07,-1.2900399571635912e-06,2.8283437878123124e-06,1.3535539808025404e-07,4.875821968397531e-13,-1.9226287228946148e-13
563,0.5630000000000001,-0.6439478957915832,0.0,0.0,rev,4.397554273155995e-06,3,1.339019440868463e+18,7.954944563150363e-10,3.107573522920129e-06,3.10855786961228e-06,1.3541685071830619e-07,-7.307898675166232e-12,-7.757919098794197e-10,1.7579800115630206e-10,2.0375132045992082e-07,1.2909225802631985e-06,-2.81940020066887e-06,2.1074123240352842e-07,-1.290754153795981e-06,2.8200485591833163e-06,1.354168507172965e-07,4.887756865912252e-13,-1.8589990657957856e-13
564,0.5640000000000001,-0.6422645290581163,0.0,0.0,rev,4.387294447753579e-06,3,4.668543130449062e+17,7.937798926576555e-10,3.1003152972757894e-06,3.1012970340985894e-06,1.3547584645200948e-07,-7.307884787690485e-12,-7.741434038949224e-10,1.753142978011546e-10,2.033395446085674e-07,1.2916138879687233e-06,-2.8111103743053145e-06,2.1031430797425014e-07,-1.2914458510093763e-06,2.811757244052318e-06,1.3547584645095543e-07,4.959505028878652e-13,-1.9906298831529057e-13
565,0.5650000000000001,-0.6405811623246493,0.0,0.0,rev,4.377033904525497e-06,3,1.6722397654137453e+17,7.919845314087587e-10,3.0930566059374733e-06,3.09403571060431e-06,1.355323876350343e-07,-7.307870254325646e-12,-7.724162420785774e-10,1.7481201902702637e-10,2.0292719358960197e-07,1.292282808526557e-06,-2.8028244440959915e-06,2.0988676976139015e-07,-1.2921151480438375e-06,2.8034698083927168e-06,1.3553238763402362e-07,4.884703752594532e-13,-1.880440247958859e-13
566,0.5660000000000001,-0.6388977955911823,0.0,0.0,rev,4.366772590385813e-06,3,2.627082561880037e+17,7.903546653066699e-10,3.0857974048613292e-06,3.0867738684579474e-06,1.3558647661389082e-07,-7.307857044952713e-12,-7.708500244368865e-10,1.7434830662521605e-10,2.025142678543684e-07,1.2929294532504354e-06,-2.7945423639805234e-06,2.094586183603765e-07,-1.292762212320997e-06,2.795186194975985e-06,1.3558647661284373e-07,4.959921362512887e-13,-1.9476087409486809e-13
567,0.5670000000000001,-0.6372144288577154,0.0,0.0,rev,4.356510452373987e-06,3,5.24106246728917e+17,7.886288445763977e-10,3.0785376425971085e-06,3.079511484695879e-06,1.3563811576091138e-07,-7.307843064250402e-12,-7.69190849903012e-10,1.738605370782409e-10,2.0210076784827233e-07,1.293553650957846e-06,-2.786264210123679e-06,2.0902985436501129e-07,-1.29338679601132e-06,2.7869065467398674e-06,1.3563811575991376e-07,4.849315393684606e-13,-1.883423972337539e-13
568,0.5680000000000001,-0.6355310621242485,0.0,0.0,rev,4.346247437650193e-06,3,5.805753062063108e+17,7.870017950953909e-10,3.0712772932286763e-06,3.0722485108823767e-06,1.3568730739459892e-07,-7.307829879626712e-12,-7.67627066078358e-10,1.7339869817778464e-10,2.0168669400333003e-07,1.2941557652884628e-06,-2.7779898388105573e-06,2.0860047834920176e-07,-1.2939893018065751e-06,2.778630677125263e-06,1.3568730739356702e-07,4.932998454165727e-13,-1.9152734953564732e-13
569,0.5690000000000001,-0.6338476953907816,0.0,0.0,rev,4.33598349350548e-06,3,5.5702450780683206e+17,7.852844457814121e-10,3.0640163244595647e-06,3.064984905237792e-06,1.3573405390730744e-07,-7.307815974442683e-12,-7.659752103428286e-10,1.729168405684156e-10,2.0127204674509906e-07,1.2947352872189066e-06,-2.7697195048928536e-06,2.0817049089078005e-07,-1.2945692138971454e-06,2.7703588335245555e-06,1.3573405390627136e-07,4.945627241070838e-13,-1.915065328539356e-13
570,0.5700000000000001,-0.6321643286573146,0.0,0.0,rev,4.3257185672857144e-06,3,3.8063820009635354e+17,7.835481260558792e-10,3.056754677797807e-06,3.057720652182111e-06,1.357783576014124e-07,-7.307801921027887e-12,-7.643044894894979e-10,1.7243233230157529e-10,2.0085682648689157e-07,1.295292699918238e-06,-2.761452972083883e-06,2.0773989254434933e-07,-1.2951270246530644e-06,2.7620908228803698e-06,1.3577835760036815e-07,4.960476474025199e-13,-1.9367146775195465e-13
571,0.5710000000000001,-0.6304809619238477,0.0,0.0,rev,4.315452606548302e-06,3,3.663288355126838e+18,7.817986473042001e-10,3.0494923514072247e-06,3.0504556798079535e-06,1.358202208496191e-07,-7.307787757439251e-12,-7.626214607731052e-10,1.7194251578089847e-10,2.0044103363330843e-07,1.2958276501412458e-06,-2.75319045735245e-06,2.073086838654952e-07,-1.2956623758886288e-06,2.7538267868137956e-06,1.3582022084859192e-07,4.915928775162115e-13,-1.9330370637504757e-13
572,0.5720000000000001,-0.6287975951903808,0.0,0.0,rev,4.305185558879066e-06,3,3.7630744817725783e+18,7.801726671123431e-10,3.042229280939686e-06,3.0431899787068602e-06,1.3585964596895191e-07,-7.307774588730517e-12,-7.61057796644371e-10,1.714847430722699e-10,2.0002466857785848e-07,1.2963403904081572e-06,-2.7449318246476617e-06,2.0687686539223123e-07,-1.296175507731201e-06,2.7455666559428327e-06,1.3585964596793e-07,4.888311977424564e-13,-1.967800922209051e-13
573,0.5730000000000001,-0.6271142284569138,0.0,0.0,rev,4.294917371996315e-06,3,4.6574295177650144e+17,7.784597205306454e-10,3.034965421609416e-06,3.0359235201873393e-06,1.3589663529567685e-07,-7.307760719042462e-12,-7.594100782243318e-10,1.7100428711946947e-10,1.9960773170708537e-07,1.2968309013872137e-06,-2.7366770867266743e-06,2.0644443765884503e-07,-1.2966664156566221e-06,2.737310453911762e-06,1.358966352946704e-07,4.842931611293011e-13,-1.9750173718691144e-13
574,0.5740000000000001,-0.6254308617234469,0.0,0.0,rev,4.284647993769864e-06,3,1.3767613177634086e+18,7.76669123352287e-10,3.0277007664840605e-06,3.028656237871703e-06,1.3593119117353228e-07,-7.307746242554562e-12,-7.576852062429751e-10,1.7051290934766428e-10,1.9919022339633147e-07,1.2972990659498862e-06,-2.7284263449389723e-06,2.060114011899172e-07,-1.2971349601653692e-06,2.7290582267323893e-06,1.3593119117251155e-07,4.895944760718862e-13,-1.9441392939967272e-13
575,0.5750000000000001,-0.62374749498998,0.0,0.0,rev,4.274377372126213e-06,3,8.786233962788686e+17,7.751526823794141e-10,3.0204352666603945e-06,3.02138810733138e-06,1.359633159111657e-07,-7.307733942418558e-12,-7.562288729251465e-10,1.700769525214696e-10,1.9877214400848147e-07,1.297745106251802e-06,-2.7201794929841705e-06,2.0557775649364263e-07,-1.297581401438208e-06,2.7208098771873412e-06,1.3596331591014756e-07,4.894973315572315e-13,-1.9301227283108346e-13
576,0.5760000000000001,-0.622064128256513,0.0,0.0,rev,4.264105455132691e-06,3,5.4170727508676166e+17,7.734795987610552e-10,3.013168886429353e-06,3.014119091343645e-06,1.359930118555195e-07,-7.307720397428671e-12,-7.54619198725659e-10,1.696088200442425e-10,1.983534939028477e-07,1.2981687964874755e-06,-2.7119366521784205e-06,2.051435040804431e-07,-1.2980054902439475e-06,2.7125655359516027e-06,1.3599301185449997e-07,4.903993877647395e-13,-1.9184653865522705e-13
577,0.577,-0.6203807615230461,0.0,0.0,rev,4.253832190950946e-06,3,5.9579583833642e+17,7.718173552798687e-10,3.0059016017347567e-06,3.0068491410153737e-06,1.3602028132609742e-07,-7.307706940781674e-12,-7.530198912336639e-10,1.6914393496936242e-10,1.9793427342451382e-07,1.2985701860757093e-06,-2.703697826043211e-06,2.0470864444341666e-07,-1.2984072779720357e-06,2.704325177974032e-06,1.3602028132508196e-07,4.884426196838376e-13,-1.9408780138618908e-13
578,0.578,-0.6186973947895792,0.0,0.0,rev,4.243557527852406e-06,3,4.664767345570582e+17,7.701151846010496e-10,2.9986333467631818e-06,2.99957824940684e-06,1.3604512663325875e-07,-7.307693169111213e-12,-7.513811933756998e-10,1.6867215957283577e-10,1.9751448291046114e-07,1.2989493982928924e-06,-2.6954629357561766e-06,2.0427317806712996e-07,-1.2987868811681347e-06,2.6960887931117006e-06,1.360451266322352e-07,4.912042994575927e-13,-1.9292900610423658e-13
579,0.579,-0.6170140280561123,0.0,0.0,rev,4.233281414222882e-06,3,1.860892338270039e+17,7.68566316155291e-10,2.9913640985559457e-06,2.99230636683368e-06,1.3606755009148033e-07,-7.307680625155452e-12,-7.498914909170873e-10,1.6823653581354847e-10,1.9709412268633242e-07,1.2993064719829528e-06,-2.687231990133182e-06,2.0383710542584072e-07,-1.2991443509857703e-06,2.6878563545596618e-06,1.3606755009044875e-07,4.941186348972337e-13,-1.9124979377949103e-13
580,0.58,-0.6153306613226452,0.0,0.0,rev,4.22300379854292e-06,3,2.6431619340578182e+17,7.669009139624398e-10,2.984093832733328e-06,2.9850334452821034e-06,1.360875540271426e-07,-7.30766714536725e-12,-7.482887712240149e-10,1.6777224054465023e-10,1.9667319307172168e-07,1.2996412851323802e-06,-2.6790050742138416e-06,2.0340042699003624e-07,-1.299479559596639e-06,2.6796279237878418e-06,1.3608755402608381e-07,5.003220060473268e-13,-1.9456658506555868e-13
581,0.581,-0.6136472945891783,0.0,0.0,rev,4.212724629396293e-06,3,1.2052406619948385e+18,7.652469076106802e-10,2.976822494441805e-06,2.9777594672447054e-06,1.3610514075191837e-07,-7.30765375971882e-12,-7.466967894692589e-10,1.6731208085651872e-10,1.9625169437355093e-07,1.299953853339808e-06,-2.6707821728956527e-06,2.0296314321616993e-07,-1.299792518186238e-06,2.671403529407035e-06,1.3610514075087747e-07,4.964501032489466e-13,-1.9204776657844036e-13
582,0.582,-0.6119639278557114,0.0,0.0,rev,4.2024438554827505e-06,3,3.3296455267141914e+17,7.636177208984351e-10,2.9695500527763023e-06,2.9704843914646573e-06,1.361203125687223e-07,-7.30764057183273e-12,-7.451290296583979e-10,1.6685727799448102e-10,1.958296268899917e-07,1.300244257138039e-06,-2.6625632659066367e-06,2.0252525455143009e-07,-1.300083321581491e-06,2.663183132672192e-06,1.3612031256766406e-07,5.000444502911705e-13,-1.9506618542664e-13
583,0.583,-0.6102805611222445,0.0,0.0,rev,4.192161425577729e-06,3,2.037937948526188e+17,7.618832003008272e-10,2.9622764799595993e-06,2.963208173699508e-06,1.361330717881819e-07,-7.307626549639039e-12,-7.434578473686226e-10,1.6638220662335002e-10,1.9540699091079967e-07,1.3005124723658446e-06,-2.654348387240435e-06,2.0208676143622952e-07,-1.300351929134358e-06,2.6549667572171864e-06,1.361330717871363e-07,4.962003030684059e-13,-1.961208973000339e-13
584,0.584,-0.6085971943887776,0.0,0.0,rev,4.181877288592196e-06,3,7.171899298831796e+17,7.603722724333588e-10,2.9550017435282616e-06,2.955930774463335e-06,1.3614342071045782e-07,-7.307614308576966e-12,-7.420049713546817e-10,1.6595545770936582e-10,1.9498378671267302e-07,1.3007585556168433e-06,-2.6461375261244147e-06,2.0164766429702863e-07,-1.300598409095799e-06,2.646754378698643e-06,1.3614342070943093e-07,4.934108677190352e-13,-1.9015344854267369e-13
585,0.585,-0.6069138276553107,0.0,0.0,rev,4.1715913935010924e-06,3,1.0247489603700439e+18,7.586630173553055e-10,2.947725784130412e-06,2.9486521814312087e-06,1.3615136164039494e-07,-7.307600490174108e-12,-7.403581307047213e-10,1.6548719339315454e-10,1.9456001456841524e-07,1.3009824914311796e-06,-2.6379306769033772e-06,2.0120796355781859e-07,-1.3008227324751154e-06,2.6385460505998215e-06,1.3615136163930254e-07,5.0741355561712e-13,-1.9998586120451023e-13
586,0.586,-0.6052304609218437,0.0,0.0,rev,4.161303689416995e-06,3,9.44684623700689e+18,7.570864412891488e-10,2.9404485755398674e-06,2.9413723491618353e-06,1.3615689687770744e-07,-7.307587728074276e-12,-7.388409033887156e-10,1.6504726058075292e-10,1.9413567473566696e-07,1.3011842865534584e-06,-2.6297278599915486e-06,2.007676596271288e-07,-1.3010249135386731e-06,2.630341768214417e-06,1.3615689687666887e-07,4.953121246487058e-13,-1.9359513991901167e-13
587,0.587,-0.6035470941883767,0.0,0.0,rev,4.1510141255050206e-06,3,9.270316947997065e+17,7.554274862015297e-10,2.9331701082384967e-06,2.934091215723392e-06,1.361600287254499e-07,-7.307574308789373e-12,-7.372433150076851e-10,1.6458912704964135e-10,1.9371076746671037e-07,1.3013638860692733e-06,-2.6215291450727707e-06,2.0032675290921953e-07,-1.3012049079330623e-06,2.622141537336406e-06,1.3616002872438942e-07,5.016820292524926e-13,-1.9263757256027247e-13
588,0.588,-0.6018637274549098,0.0,0.0,rev,4.140722651070627e-06,3,1.0661193446427677e+18,7.538066062599781e-10,2.9258903204166414e-06,2.9268087715696392e-06,1.3616075947270508e-07,-7.307561197228893e-12,-7.356824038851073e-10,1.6414140185938564e-10,1.9328529300163565e-07,1.3015213692901817e-06,-2.613334476850998e-06,1.998852437949369e-07,-1.3013627958580187e-06,2.6139453606008334e-06,1.361607594715972e-07,5.118405699278128e-13,-1.992850329202156e-13
589,0.589,-0.6001803607214429,0.0,0.0,rev,4.130429215493427e-06,3,3.257942032675073e+17,7.521776548560361e-10,2.9186091797873017e-06,2.9195249777858755e-06,1.3615909141918568e-07,-7.307548022114472e-12,-7.341134679317296e-10,1.6369251787384798e-10,1.9285925157241637e-07,1.3016566799001206e-06,-2.605143900265977e-06,1.9944313266894636e-07,-1.3014984989040412e-06,2.6057532864984245e-06,1.3615909141811215e-07,5.042910533603617e-13,-1.9501067427540875e-13
590,0.59,-0.598496993987976,0.0,0.0,rev,4.120133768244129e-06,3,1.1411135916135447e+18,7.505507812913899e-10,2.9113266575539985e-06,2.912239792080586e-06,1.361550268516759e-07,-7.307534870386101e-12,-7.325458035306598e-10,1.6324742252438185e-10,1.924326434010288e-07,1.301769870606928e-06,-2.596957409877615e-06,1.9900041990478514e-07,-1.3016120849335122e-06,2.5975652869197202e-06,1.361550268506206e-07,5.00308128259519e-13,-1.9252655025780996e-13
591,0.591,-0.596813627254509,0.0,0.0,rev,4.109836258910255e-06,3,7.417813217195706e+17,7.489630344383861e-10,2.904042685594801e-06,2.9049532116322384e-06,1.3614856803759366e-07,-7.307522022054344e-12,-7.310172606134202e-10,1.6280660847245443e-10,1.9200546869955494e-07,1.3018611987047901e-06,-2.588774852908815e-06,1.985571058642512e-07,-1.3017038085483268e-06,2.589381283684203e-06,1.3614856803649797e-07,5.093980792736374e-13,-1.9714091470390827e-13
592,0.592,-0.5951302605210421,0.0,0.0,rev,4.099536637135131e-06,3,2.4576008407559158e+17,7.474520367728311e-10,2.8967573012624057e-06,2.8976651282512058e-06,1.3613971730740396e-07,-7.307509792731618e-12,-7.295627869191579e-10,1.6238622946307402e-10,1.915777276712907e-07,1.3019301782074555e-06,-2.5805965681892362e-06,1.981131909087473e-07,-1.3017731765319063e-06,2.581201455898602e-06,1.3613971730633172e-07,5.048322870848665e-13,-1.9259593919684903e-13
593,0.593,-0.5934468937875752,0.0,0.0,rev,4.089234852699404e-06,3,7.308467269978079e+17,7.458419884209612e-10,2.889470395310052e-06,2.890375580551908e-06,1.361284769151565e-07,-7.307496768309652e-12,-7.280122372999021e-10,1.619415157527726e-10,1.91149420510868e-07,1.301977162818102e-06,-2.5724223082362885e-06,1.976686753820962e-07,-1.3018205606285527e-06,2.573025712920146e-06,1.361284769140601e-07,5.078298892513544e-13,-2.015054789694659e-13
594,0.594,-0.5917635270541082,0.0,0.0,rev,4.078930855442629e-06,3,3.503985236292132e+17,7.442812522851356e-10,2.8821819709443428e-06,2.883084494725931e-06,1.361148491593056e-07,-7.307484141768178e-12,-7.265092572678045e-10,1.6151000675757032e-10,1.9072054740152642e-07,1.3020019948017936e-06,-2.564252209118212e-06,1.9722355962268664e-07,-1.3018457820646034e-06,2.5648541149506793e-06,1.3611484915822976e-07,5.058731211704526e-13,-1.922698111833654e-13
595,0.595,-0.5900801603206413,0.0,0.0,rev,4.068624595319572e-06,3,6.385550224669594e+17,7.427111692401435e-10,2.8748919890107936e-06,2.8757918395280977e-06,1.3609883630886466e-07,-7.307471446438365e-12,-7.249964933953024e-10,1.6107937900189384e-10,1.9029110851834238e-07,1.3020048139772422e-06,-2.556086208811703e-06,1.9677784395763645e-07,-1.3018490012256523e-06,2.556686598398708e-06,1.3609883630775864e-07,5.108691247812658e-13,-2.0017321133991572e-13
596,0.596,-0.5883967935871743,0.0,0.0,rev,4.058316022358805e-06,3,3.118278257264412e+17,7.410219271485914e-10,2.867600394817456e-06,2.868497599360078e-06,1.360804406552786e-07,-7.30745779414661e-12,-7.23368210817088e-10,1.6061920543597452e-10,1.8986110402753584e-07,1.3019854959994692e-06,-2.5479243618564684e-06,1.9633152870859483e-07,-1.3018300752953849e-06,2.548523271117195e-06,1.360804406542131e-07,5.020706073111114e-13,-1.9471924073144464e-13
597,0.597,-0.5867134268537074,0.0,0.0,rev,4.048005086670001e-06,3,3.2304260392009197e+17,7.394418281998839e-10,2.8603071796595116e-06,2.8612017126774045e-06,1.3605966445687315e-07,-7.307445018308961e-12,-7.218457134111622e-10,1.6018609355628044e-10,1.894305340830763e-07,1.3019442688111393e-06,-2.5397665947245185e-06,1.958846141811762e-07,-1.3017892413758059e-06,2.540363995492262e-06,1.3605966445577531e-07,5.130063041036692e-13,-1.8859913630819847e-13
598,0.598,-0.5850300601202405,0.0,0.0,rev,4.037691738469093e-06,3,2.229651334534094e+18,7.380576056201113e-10,2.853012291057826e-06,2.853904161879328e-06,1.3603651000142064e-07,-7.307433804770645e-12,-7.205142680405396e-10,1.5979618323003209e-10,1.889993988308237e-07,1.3018809971593326e-06,-2.531612969907532e-06,1.954371006771765e-07,-1.3017263702647108e-06,2.5322088701030393e-06,1.3603651000031312e-07,5.119654700180831e-13,-1.980360320175123e-13
599,0.599,-0.5833466933867736,0.0,0.0,rev,4.027375928051557e-06,3,6.843733681379878e+17,7.363837767499711e-10,2.845715698616027e-06,2.8466049075473973e-06,1.360109795768076e-07,-7.307420279877939e-12,-7.189004721380732e-10,1.5934170649600787e-10,1.8856769841163992e-07,1.3017955418220817e-06,-2.523463577656232e-06,1.9498898849402012e-07,-1.3016413039079744e-06,2.5240579846746297e-06,1.3601097957573127e-07,5.051375984166384e-13,-1.9394902350811094e-13
600,0.6,-0.5816633266533067,0.0,0.0,rev,4.017057605827523e-06,3,2.803203865435946e+18,7.348000113962387e-10,2.8384173706908654e-06,2.8393039114472727e-06,1.3598307544054098e-07,-7.307407483910023e-12,-7.17373341285743e-10,1.5891239019127923e-10,1.8813543295008116e-07,1.301688074065166e-06,-2.515318347037776e-06,1.9454027790930934e-07,-1.3015342321259782e-06,2.5159112513033904e-06,1.359830754394272e-07,5.158512506042712e-13,-1.9183959976132314e-13
601,0.601,-0.5799799599198396,0.0,0.0,rev,4.00673672224066e-06,3,5.997518281211127e+17,7.331957670853711e-10,2.831117261342348e-06,2.8320011498084366e-06,1.3595279985674904e-07,-7.307394517688485e-12,-7.158269775542347e-10,1.5847514966971232e-10,1.8770260256510114e-07,1.3015586808051705e-06,-2.5071772336397735e-06,1.9409096919652608e-07,-1.301405237075226e-06,2.5077686530271953e-06,1.3595279985560326e-07,5.217354326347845e-13,-1.983344044553803e-13
602,0.602,-0.5782965931863727,0.0,0.0,rev,3.996413227846321e-06,3,1.1028683593302668e+18,7.316312988702734e-10,2.823815347801499e-06,2.8246965758071743e-06,1.3592015510814024e-07,-7.30738187271081e-12,-7.143189373337577e-10,1.5804877545599894e-10,1.872692073651686e-07,1.3014072187261805e-06,-2.499040338509867e-06,1.9364106262140758e-07,-1.301254167085375e-06,2.4996302680369703e-06,1.3592015510704622e-07,5.104944245104548e-13,-1.9181878307961142e-13
603,0.603,-0.5766132264529058,0.0,0.0,rev,3.9860870733321655e-06,3,5.342860022444481e+17,7.301339926663552e-10,2.816511600907779e-06,2.817390149203669e-06,1.3588514345639868e-07,-7.307369757955908e-12,-7.128769987513328e-10,1.5763449573436006e-10,1.8683524744941087e-07,1.3012337622270165e-06,-2.4909076426875287e-06,1.9319055843819943e-07,-1.301081108628921e-06,2.4914960585417645e-06,1.358851434552719e-07,5.192374308293779e-13,-1.9136775497585745e-13
604,0.604,-0.5749298597194389,0.0,0.0,rev,3.975758209347332e-06,3,1.8419603700521494e+17,7.285335921617121e-10,2.8092059732573973e-06,2.8100818479898125e-06,1.3584776716835972e-07,-7.307356833205897e-12,-7.113331347563534e-10,1.5720359042292742e-10,1.8640072290912676e-07,1.301038319842518e-06,-2.4827791405973576e-06,1.9273945689453895e-07,-1.3008860540730804e-06,2.483366056077116e-06,1.358477671672271e-07,5.207501097004297e-13,-1.9116652705264414e-13
605,0.605,-0.573246492985972,0.0,0.0,rev,3.965426586765809e-06,3,4.175302044835383e+17,7.270030328742495e-10,2.801898421432112e-06,2.8027716464005656e-06,1.3580802849988588e-07,-7.307344459490523e-12,-7.098580612208139e-10,1.5678502940374983e-10,1.8596563382350254e-07,1.300820989078022e-06,-2.474654784295066e-06,1.9228775822496338e-07,-1.30066912740201e-06,2.4752402188327194e-06,1.358080284987494e-07,5.202227537637327e-13,-1.9508700210835173e-13
606,0.606,-0.571563126252505,0.0,0.0,rev,3.955092156458778e-06,3,3.525341838290283e+17,7.254887513663865e-10,2.7945889388730316e-06,2.7954594818741537e-06,1.3576592973279052e-07,-7.307332214014614e-12,-7.083989922440637e-10,1.563694312922692e-10,1.8552998026440306e-07,1.3005815794886466e-06,-2.4665347187480258e-06,1.918354626604056e-07,-1.300430114384299e-06,2.467118640776811e-06,1.3576592973166273e-07,5.183076190462543e-13,-1.9387963456907187e-13
607,0.607,-0.5698797595190381,0.0,0.0,rev,3.944754869377512e-06,3,2.2864331125842406e+17,7.238088928878945e-10,2.787277484760759e-06,2.7881453262439086e-06,1.3572147312885634e-07,-7.307318653202417e-12,-7.067778098890365e-10,1.5591999219521924e-10,1.85093762295092e-07,1.3003201038003231e-06,-2.458418943928481e-06,1.913825704212215e-07,-1.3001690294112134e-06,2.4590013352893125e-06,1.3572147312770302e-07,5.231093336277581e-13,-1.9853563237859362e-13
608,0.608,-0.5681963927855711,0.0,0.0,rev,3.934414676606867e-06,3,8.156190649066007e+17,7.222680753037562e-10,2.779963986803299e-06,2.7808291828672375e-06,1.3567466093190294e-07,-7.307306204478305e-12,-7.052919168831773e-10,1.5550269405473216e-10,1.8465697996547146e-07,1.300036759702139e-06,-2.4503073258463903e-06,1.9092908171259768e-07,-1.2998860707130744e-06,2.4508882539211324e-06,1.356746609307683e-07,5.209443987297391e-13,-1.91027749174566e-13
609,0.609,-0.5665130260521042,0.0,0.0,rev,3.924071529267496e-06,3,4.88587346659273e+17,7.207838969140358e-10,2.772648454250559e-06,2.7735109737330127e-06,1.3562549540134787e-07,-7.307294203430958e-12,-7.038616772758743e-10,1.5509599854413025e-10,1.842196333193645e-07,1.2997315494978068e-06,-2.442199925640348e-06,1.9047499673600673e-07,-1.2995812654070793e-06,2.4427793456714003e-06,1.3562549540014114e-07,5.389300117286666e-13,-1.9204082768453645e-13
610,0.61,-0.5648296593186373,0.0,0.0,rev,3.913725378571909e-06,3,4.1582453673911245e+17,7.191068839378963e-10,2.76533082343937e-06,2.7661906938908473e-06,1.355739788120299e-07,-7.307280669412796e-12,-7.022427639391537e-10,1.5464932806574794e-10,1.8378172239260053e-07,1.2994043112057874e-06,-2.434096809413727e-06,1.9002031568741984e-07,-1.2992544062562228e-06,2.4346747672775865e-06,1.3557397881080574e-07,5.397071678459042e-13,-2.0160956237802452e-13
611,0.611,-0.5631462925851703,0.0,0.0,rev,3.903376175825994e-06,3,2.1914032545198602e+18,7.176256612974218e-10,2.7580110909360844e-06,2.7588682781448925e-06,1.355201134103429e-07,-7.307268699930661e-12,-7.008145105902308e-10,1.5424725385848603e-10,1.8334324720650258e-07,1.2990551531560923e-06,-2.425997967948207e-06,1.8956503874504078e-07,-1.2989056451945258e-06,2.426574416151614e-06,1.3552011340918624e-07,5.259820357039757e-13,-1.9196449985159347e-13
612,0.612,-0.5614629258517034,0.0,0.0,rev,3.893023872383746e-06,3,1.6226327615972682e+18,7.160660100403072e-10,2.7506892098139956e-06,2.751543705015885e-06,1.3546390146279708e-07,-7.30725609985235e-12,-6.993102902308479e-10,1.538253968647041e-10,1.829042077783556e-07,1.2986839703077457e-06,-2.4179034565155466e-06,1.891091660860987e-07,-1.298534868576784e-06,2.4184783809257093e-06,1.3546390146159678e-07,5.34489119630166e-13,-1.9878543255913428e-13
613,0.613,-0.5597795591182365,0.0,0.0,rev,3.8826684197023775e-06,3,5.0794416505632045e+17,7.146387056356176e-10,2.7433651187826205e-06,2.744216967403317e-06,1.354053451981795e-07,-7.307244558161558e-12,-6.979348453339806e-10,1.5343414039303838e-10,1.8246460411187646e-07,1.2982910760211963e-06,-2.4098130892505343e-06,1.8865269787004517e-07,-1.2981423671148962e-06,2.4103865495957166e-06,1.3540534519704074e-07,5.215411436054751e-13,-1.907363156306019e-13
614,0.614,-0.5580961923847696,0.0,0.0,rev,3.872309769299793e-06,3,2.4335332567316035e+17,7.131418805885325e-10,2.7360388392166923e-06,2.7368879757551334e-06,1.353444469049959e-07,-7.307232462756064e-12,-6.964914738699646e-10,1.530280138717366e-10,1.8202443620547382e-07,1.2978760741827466e-06,-2.401727155692396e-06,1.881956342587244e-07,-1.2977277689951716e-06,2.402299072275932e-06,1.353444469038197e-07,5.299510830170107e-13,-1.9373391779708982e-13
615,0.615,-0.5564128256513026,0.0,0.0,rev,3.861947872793416e-06,3,7.434337071646414e+17,7.115465799527866e-10,2.728710281799392e-06,2.729556751272673e-06,1.3528120881744817e-07,-7.307219587789091e-12,-6.949513933068863e-10,1.5260308294795522e-10,1.8158370404609337e-07,1.2974391952191855e-06,-2.393645482341028e-06,1.8773797539640409e-07,-1.2972912791231472e-06,2.3942159151010833e-06,1.3528120881626042e-07,5.320327511881828e-13,-1.9570456366579947e-13
616,0.616,-0.5547294589178356,0.0,0.0,rev,3.851582681857108e-06,3,6.529320296890232e+17,7.100936287101137e-10,2.7213794466169204e-06,2.722223225788443e-06,1.3521563318484456e-07,-7.307207846741155e-12,-6.935503022581502e-10,1.5220888438527425e-10,1.8114240760954539e-07,1.2969804615153846e-06,-2.3855681090846625e-06,1.872797214183517e-07,-1.2968329478890706e-06,2.3861370250337355e-06,1.352156331836568e-07,5.349609644156317e-13,-1.8714196858837795e-13
617,0.617,-0.5530460921843687,0.0,0.0,rev,3.8412141482336335e-06,3,3.6257430426209837e+17,7.085665756060888e-10,2.7140463040441296e-06,2.714887361050686e-06,1.35147722271929e-07,-7.307195515688448e-12,-6.920768107904207e-10,1.5179883045002285e-10,1.8070054686601654e-07,1.2964997350289886e-06,-2.377495129317342e-06,1.86820872456624e-07,-1.2963526156706262e-06,2.3780624972130626e-06,1.3514772227066608e-07,5.473677067158178e-13,-2.0432266989445225e-13
618,0.618,-0.5513627254509018,0.0,0.0,rev,3.83084222375971e-06,3,1.1350691335641018e+18,7.070692899532092e-10,2.70671077579652e-06,2.7075491675006973e-06,1.350774783098224e-07,-7.307183421725557e-12,-6.906323759409139e-10,1.5139520193052647e-10,1.8025812177340865e-07,1.2959972312681645e-06,-2.3694263883676514e-06,1.863614286273283e-07,-1.2958505040544521e-06,2.3699922749864655e-06,1.3507747830864936e-07,5.290073934460793e-13,-1.9249185578829042e-13
619,0.619,-0.5496793587174349,0.0,0.0,rev,3.820466860328957e-06,3,8.525353057144558e+17,7.054818687037116e-10,2.6993728533803034e-06,2.700208585945902e-06,1.3500490355775675e-07,-7.307170607328058e-12,-6.891001380626705e-10,1.5097109673511966e-10,1.7981513228247887e-07,1.2954728464825704e-06,-2.3613619849136014e-06,1.859013900431873e-07,-1.295326511815964e-06,2.3619263977911475e-06,1.350049035565283e-07,5.413863801706498e-13,-1.9644008641961364e-13
620,0.62,-0.547995991983968,0.0,0.0,rev,3.810088009928974e-06,3,1.1935861236210332e+18,7.040321094308806e-10,2.6920325056520573e-06,2.692865579877113e-06,1.3493000025614412e-07,-7.307158895588785e-12,-6.87701706345023e-10,1.5057947944097094e-10,1.7937157833167164e-07,1.294926669850871e-06,-2.3533018863042265e-06,1.8544075680276196e-07,-1.294780734836798e-06,2.3538648231576087e-06,1.349300002549423e-07,5.363209876207975e-13,-1.915134717478395e-13
621,0.621,-0.5463126252505011,0.0,0.0,rev,3.7997056245807163e-06,3,6.460534074412105e+17,7.02502593147122e-10,2.6846897269082934e-06,2.685520087512859e-06,1.3485277067392772e-07,-7.307146552267335e-12,-6.86224936249924e-10,1.5017268678585438e-10,1.7892745985399637e-07,1.2943584724312007e-06,-2.345246263982248e-06,1.8497952900305895e-07,-1.2942129341414477e-06,2.345807663766547e-06,1.3485277067267705e-07,5.471179065352771e-13,-1.948718963973306e-13
622,0.622,-0.544629258517034,0.0,0.0,rev,3.7893196564362554e-06,3,5.181821211423904e+17,7.009194855581414e-10,2.6773444387802345e-06,2.678172119835898e-06,1.347732170436655e-07,-7.307133777342895e-12,-6.846963256784688e-10,1.4975203715961172e-10,1.784827767706803e-07,1.2937684233105262e-06,-2.3371949873958464e-06,1.845177067253427e-07,-1.2936232726828978e-06,2.337754894710803e-06,1.347732170424462e-07,5.389716450920901e-13,-1.953576189706041e-13
623,0.623,-0.5429458917835671,0.0,0.0,rev,3.7789300576715476e-06,3,2.0493674521740058e+17,6.994093246913667e-10,2.669996626204676e-06,2.6708216245482315e-06,1.346913415972904e-07,-7.307121585428584e-12,-6.832387312166732e-10,1.4934806863431405e-10,1.7803752899292045e-07,1.293156682957708e-06,-2.3291480020677657e-06,1.840552900410742e-07,-1.2930119315940347e-06,2.329706407493831e-06,1.3469134159605422e-07,5.432182481612813e-13,-1.9473311851925246e-13
624,0.624,-0.5412625250501002,0.0,0.0,rev,3.768536780536101e-06,3,3.3706289292878534e+17,6.980038479698085e-10,2.6626462580307753e-06,2.6634685655592177e-06,1.346071466032312e-07,-7.30711022602193e-12,-6.818834889094072e-10,1.4896605476932834e-10,1.775917164237685e-07,1.2925229892768453e-06,-2.3211054693515754e-06,1.835922790184476e-07,-1.2923786512492041e-06,2.321662356287446e-06,1.3460714660197253e-07,5.492134524942571e-13,-1.9292206721033267e-13
625,0.625,-0.5395791583166333,0.0,0.0,rev,3.7581397773878223e-06,3,1.6012370461425887e+18,6.964794362684567e-10,2.6552932964788625e-06,2.6561129136248202e-06,1.345206342940373e-07,-7.307097928784367e-12,-6.804110556229981e-10,1.4856314095590406e-10,1.771453389585129e-07,1.2918675090373144e-06,-2.3130673051825756e-06,1.8312867371397824e-07,-1.2917235651110914e-06,2.3136226853411046e-06,1.345206342927493e-07,5.5618010197378e-13,-1.928596171651975e-13
626,0.626,-0.5378957915831664,0.0,0.0,rev,3.7477390006038398e-06,3,1.2476893363766966e+18,6.949345789463439e-10,2.647937702729637e-06,2.64875464048001e-06,1.344318069189911e-07,-7.307085463450468e-12,-6.789192368017449e-10,1.4815311477622828e-10,1.7669839648080183e-07,1.2911901782625135e-06,-2.3050335524188448e-06,1.8266447417490786e-07,-1.2910466265642073e-06,2.305587439976192e-06,1.3443180691768482e-07,5.576927808448318e-13,-2.0047158377778374e-13
627,0.627,-0.5362124248496994,0.0,0.0,rev,3.7373344026727274e-06,3,7.6268901805892e+17,6.93485106623887e-10,2.6405794668182122e-06,2.6413936891648086e-06,1.3434066673158427e-07,-7.30707376022123e-12,-6.775202534420321e-10,1.4776503631797056e-10,1.76250888864917e-07,1.2904908845423613e-06,-2.297004314682355e-06,1.8219968043998606e-07,-1.2903477285552967e-06,2.2975566667700342e-06,1.3434066673029117e-07,5.555972348858518e-13,-1.9684254226604025e-13
628,0.628,-0.5345290581162325,0.0,0.0,rev,3.72692593612761e-06,3,3.8312872997008e+17,6.919002042161783e-10,2.633218519827008e-06,2.6340300618070816e-06,1.3424721595404292e-07,-7.307060977984512e-12,-6.759890355811926e-10,1.4734762715518102e-10,1.7580281597809014e-07,1.2897698769276378e-06,-2.288979424901888e-06,1.8173429253760385e-07,-1.2896271196910503e-06,2.289530280554647e-06,1.3424721595275302e-07,5.549866122223079e-13,-1.9576007481703073e-13
629,0.629,-0.5328456913827655,0.0,0.0,rev,3.716513553570527e-06,3,5.1595836060563616e+17,6.904805108447631e-10,2.62585485438075e-06,2.626663698966203e-06,1.3415145682520873e-07,-7.307049518561795e-12,-6.746184461753346e-10,1.4696902722599603e-10,1.753541776742954e-07,1.2890271982174406e-06,-2.2809589016251075e-06,1.8126831048518438e-07,-1.2888848448799894e-06,2.2815082388015495e-06,1.3415145682391605e-07,5.562911242762425e-13,-1.9331064526895148e-13
630,0.63,-0.5311623246492986,0.0,0.0,rev,3.7060972076771763e-06,3,1.2150386177023982e+18,6.889338034113391e-10,2.6184884220268917e-06,2.619294582522633e-06,1.3405339160753592e-07,-7.307037039251853e-12,-6.731246428304249e-10,1.4655923002981908e-10,1.749049738031714e-07,1.2882626287541443e-06,-2.2729428646103833e-06,1.8080173429913548e-07,-1.2881206717246796e-06,2.2734907032979923e-06,1.3405339160623326e-07,5.572070582715583e-13,-1.9690499231117542e-13
631,0.631,-0.5294789579158317,0.0,0.0,rev,3.6956768512043903e-06,3,1.8888002747167312e+17,6.875249270102502e-10,2.611119197433932e-06,2.6119226712103646e-06,1.3395302253687522e-07,-7.307025664208177e-12,-6.717647514642433e-10,1.461822538018076e-10,1.7445520420027486e-07,1.2874762312653498e-06,-2.2649313011352534e-06,1.8033456397887618e-07,-1.287334670377338e-06,2.2654776387909248e-06,1.339530225356088e-07,5.50642864638462e-13,-1.8993834283165256e-13
632,0.632,-0.5277955911823647,0.0,0.0,rev,3.68525243695564e-06,3,1.4718437187530767e+18,6.85978343246454e-10,2.603747148068507e-06,2.6045479311691115e-06,1.3385035184493636e-07,-7.307013193977369e-12,-6.702701726979399e-10,1.4577650891967053e-10,1.7400486869610012e-07,1.2866681268347557e-06,-2.2569241564865394e-06,1.7986679951867662e-07,-1.2865269646139543e-06,2.257468987496708e-06,1.3385035184359706e-07,5.673794767346862e-13,-1.9133306050633792e-13
633,0.633,-0.5261122244488978,0.0,0.0,rev,3.674823917805769e-06,3,4.617111249002367e+18,6.84542264260902e-10,2.5963722506130953e-06,2.5971703192856757e-06,1.3374538177845045e-07,-7.307001602225607e-12,-6.688836880208715e-10,1.4539371095967368e-10,1.7355396710783296e-07,1.2858382464342455e-06,-2.2489214944639013e-06,1.7939844090165057e-07,-1.2856974843517e-06,2.2494647909029886e-06,1.337453817770565e-07,5.780514955588956e-13,-1.968009089026168e-13
634,0.634,-0.5244288577154309,0.0,0.0,rev,3.6643912466865776e-06,3,3.1914390542451437e+17,6.829683082019495e-10,2.5889944427777385e-06,2.589789831616129e-06,1.3363811459006942e-07,-7.306988916173451e-12,-6.67362110018388e-10,1.4498321293521244e-10,1.7310249924733965e-07,1.2849864671482525e-06,-2.2409233652077865e-06,1.7892948810674259e-07,-1.284846084387281e-06,2.24146517922158e-06,1.336381145887329e-07,5.641598299632733e-13,-1.973247953923618e-13
635,0.635,-0.522745490981964,0.0,0.0,rev,3.6539543766081592e-06,3,3.0834725416549056e+17,6.814443549478722e-10,2.5816137154525645e-06,2.582406411048067e-06,1.3352855249931048e-07,-7.306976626373896e-12,-6.658895674443999e-10,1.445825056900496e-10,1.72650464913322e-07,1.2841130016122415e-06,-2.2329296880709004e-06,1.7845994109599035e-07,-1.2839730402919303e-06,2.233469980333219e-06,1.3352855249798448e-07,5.621336729433324e-13,-1.9526394390290136e-13
636,0.636,-0.521062124248497,0.0,0.0,rev,3.6435132606633168e-06,3,2.7874570986323725e+17,6.800531383487889e-10,2.574230027020487e-06,2.5750200331075525e-06,1.3341669774823682e-07,-7.3069653934597e-12,-6.645467023891349e-10,1.4421012300980252e-10,1.721978638961814e-07,1.2832178579863518e-06,-2.224940461367092e-06,1.779897998262893e-07,-1.2830782944311947e-06,2.2254792500543685e-06,1.3341669774687307e-07,5.709321904134868e-13,-1.9475046575401223e-13
637,0.637,-0.51937875751503,0.0,0.0,rev,3.6330678519786745e-06,3,2.0162880639589192e+18,6.786671410306345e-10,2.5668433533229425e-06,2.5676306559682803e-06,1.3330255258464075e-07,-7.306954208588156e-12,-6.632082279189877e-10,1.4384207713824537e-10,1.7174469597885008e-07,1.2823009400975138e-06,-2.2169557638632154e-06,1.7751906424809384e-07,-1.2821617680625064e-06,2.2174930367005463e-06,1.3330255258328754e-07,5.681566328519239e-13,-1.9485454916257083e-13
638,0.638,-0.5176953907815631,0.0,0.0,rev,3.622618103730109e-06,3,3.935338942649681e+17,6.770804891666992e-10,2.55945365184533e-06,2.560238256242687e-06,1.3318611925478727e-07,-7.30694142274493e-12,-6.616740367421103e-10,1.4342965704017274e-10,1.7129096093552257e-07,1.281362168786826e-06,-2.2089756438331554e-06,1.770477343032828e-07,-1.281223401886078e-06,2.2095113991482673e-06,1.3318611925339562e-07,5.757339049949906e-13,-1.980499098053201e-13
639,0.639,-0.5160120240480962,0.0,0.0,rev,3.612163969221353e-06,3,3.1630315507613e+18,6.756156407120702e-10,2.552060899888991e-06,2.552842790773287e-06,1.3306739998630788e-07,-7.306929609348469e-12,-6.602585839177166e-10,1.4304441658952172e-10,1.708366585265266e-07,1.2804016806672314e-06,-2.201000047476198e-06,1.7657580991797895e-07,-1.2802633185815537e-06,2.201534267925326e-06,1.330673999849214e-07,5.731387586749292e-13,-2.0126261768282916e-13
640,0.64,-0.5143286573146293,0.0,0.0,rev,3.6017054017507746e-06,3,1.9705927994024362e+17,6.741547153253176e-10,2.5446650469601394e-06,2.5454442442953708e-06,1.3294639701416638e-07,-7.306917825095235e-12,-6.588471435087229e-10,1.4265914144440117e-10,1.7038178850648133e-07,1.2794195312915146e-06,-2.193028935129626e-06,1.761032910138649e-07,-1.2792815677481473e-06,2.1935616476703723e-06,1.3294639701284715e-07,5.598299601672352e-13,-1.9330023692809561e-13
641,0.641,-0.5126452905811623,0.0,0.0,rev,3.591242354723187e-06,3,7.575937191810301e+17,6.727256243454316e-10,2.537266070181121e-06,2.538042574046018e-06,1.328231125801947e-07,-7.30690629669889e-12,-6.574665308706207e-10,1.4228188766063354e-10,1.6992635061963576e-07,1.2784156883105524e-06,-2.1850623501719346e-06,1.7563017750335669e-07,-1.278278126279342e-06,2.1855935533159065e-06,1.3282311257882182e-07,5.715428130770306e-13,-1.9502455206321656e-13
642,0.642,-0.5109619238476955,0.0,0.0,rev,3.5807747815721246e-06,3,1.4251827655623435e+17,6.711470010080934e-10,2.5298639414646133e-06,2.5306377425634614e-06,1.3269754894132864e-07,-7.30689358354168e-12,-6.559392057292612e-10,1.4187552521693902e-10,1.6947034460280299e-07,1.2773899624035634e-06,-2.1771004222528867e-06,1.7515646929363566e-07,-1.2772527758497798e-06,2.1776301205519988e-06,1.3269754893994798e-07,5.73305292128623e-13,-1.9427168207464263e-13
643,0.643,-0.5092785571142284,0.0,0.0,rev,3.570302635836129e-06,3,7.424941870676527e+17,6.69619609654256e-10,2.522458621488939e-06,2.5232297236645437e-06,1.3256970830420093e-07,-7.30688127995137e-12,-6.544617747045178e-10,1.4148079929832136e-10,1.6901377017962754e-07,1.2763426946310608e-06,-2.1691429571320253e-06,1.7468216627301798e-07,-1.2762059194287856e-06,2.169671134154977e-06,1.3256970830277508e-07,5.820205428719305e-13,-1.9825113772853342e-13
644,0.644,-0.5075951903807615,0.0,0.0,rev,3.5598258710824067e-06,3,7.53737254945982e+17,6.68201880016459e-10,2.5150500855777556e-06,2.5158184765979754e-06,1.3243959293741588e-07,-7.306869840215551e-12,-6.530924169523278e-10,1.4110512758236382e-10,1.6855662706644414e-07,1.2752735608495547e-06,-2.1611901678091072e-06,1.7420726833024646e-07,-1.2751371889635488e-06,2.1617168140565524e-06,1.324395929359779e-07,5.85573256550731e-13,-1.9492046865465795e-13
645,0.645,-0.5059118236472946,0.0,0.0,rev,3.549344440939256e-06,3,6.053884777355427e+17,6.667421255621205e-10,2.5076382887491887e-06,2.508403981055023e-06,1.3230720504829093e-07,-7.306858071672131e-12,-6.516813720602865e-10,1.4072334963977084e-10,1.6809891497103768e-07,1.274182923269307e-06,-2.1532418396537356e-06,1.7373177533858606e-07,-1.2740469624850093e-06,2.1537669650621705e-06,1.3230720504685535e-07,5.826311655354743e-13,-2.0103363418400022e-13
646,0.646,-0.5042284569138277,0.0,0.0,rev,3.538858299115025e-06,3,3.825392182738603e+17,6.653526278799457e-10,2.500223224260241e-06,2.500986178537468e-06,1.3217254690533838e-07,-7.30684686824527e-12,-6.503383630229731e-10,1.4035933526557187e-10,1.676406335906435e-07,1.2730704504332335e-06,-2.1452982117489694e-06,1.7325568716830394e-07,-1.2729348815160302e-06,2.1458217818633163e-06,1.3217254690394718e-07,5.741379593970919e-13,-1.9524312722118964e-13
647,0.647,-0.5025450901803608,0.0,0.0,rev,3.528367399350371e-06,3,4.7859834377421504e+17,6.637966834325935e-10,2.492804800348131e-06,2.493565095680053e-06,1.320356207237467e-07,-7.306834336088413e-12,-6.488331052989516e-10,1.399580243366394e-10,1.6718178261507964e-07,1.2719364059499139e-06,-2.1373590721775193e-06,1.727790036763227e-07,-1.2718012432494374e-06,2.1378811706808387e-06,1.3203562072233175e-07,5.808964420594975e-13,-1.902714097390401e-13
648,0.648,-0.5008617234468937,0.0,0.0,rev,3.517871695489174e-06,3,4.468630054344865e+17,6.623605718728948e-10,2.485383048400507e-06,2.48614063600736e-06,1.3189642875632093e-07,-7.306822764096342e-12,-6.474442492548915e-10,1.3958539185621177e-10,1.6672236172126427e-07,1.2707806370942931e-06,-2.1294245992203864e-06,1.7230172471135212e-07,-1.2706458709516033e-06,2.1299451749522136e-06,1.3189642875482978e-07,5.956762860748199e-13,-1.9627702241287182e-13
649,0.649,-0.49917835671342686,0.0,0.0,rev,3.5073711413923303e-06,3,3.3960284242894746e+17,6.608086428708111e-10,2.4779579088552924e-06,2.4787127941276294e-06,1.3175497323889973e-07,-7.306810259944511e-12,-6.459432953798139e-10,1.3918308866545104e-10,1.662623705806383e-07,1.2696031832931665e-06,-2.121494751150532e-06,1.7182385011503962e-07,-1.2694688082681704e-06,2.1220138136067435e-06,1.3175497323738833e-07,5.997008445390861e-13,-1.9653376148731638e-13
650,0.65,-0.49749498997995995,0.0,0.0,rev,3.4968656910039295e-06,3,1.432949622354673e+18,6.594319549764202e-10,2.4705293523956204e-06,2.4712815343888577e-06,1.3161125639631727e-07,-7.30679916047771e-12,-6.446125369596878e-10,1.388228768051114e-10,1.6580180885083026e-07,1.2684041870714147e-06,-2.1135694593388266e-06,1.713453797141937e-07,-1.268270229809465e-06,2.1140869914081095e-06,1.316112563948431e-07,5.91707238761785e-13,-1.9474005741315636e-13
651,0.651,-0.49581162324649297,0.0,0.0,rev,3.486355298335474e-06,3,4.722198379803317e+17,6.579822467924488e-10,2.4630973516821656e-06,2.463846819396583e-06,1.314652804996015e-07,-7.306787480647756e-12,-6.432103079323515e-10,1.384476353005759e-10,1.6534067618522232e-07,1.2671833099220375e-06,-2.10564894598253e-06,1.708663133371529e-07,-1.2670497539224446e-06,2.106164944514627e-06,1.31465280498151e-07,5.877381914487501e-13,-1.8957752034864939e-13
652,0.652,-0.49412825651302605,0.0,0.0,rev,3.4758399174066136e-06,3,2.5455757467148506e+17,6.564979984165071e-10,2.4556618578929405e-06,2.4564086331691793e-06,1.3131704774822501e-07,-7.306775524738001e-12,-6.417744426168159e-10,1.3806446957920215e-10,1.648789722243182e-07,1.265941006259319e-06,-2.0977329318813687e-06,1.7038665079127987e-07,-1.2658078517580051e-06,2.0982474221997727e-06,1.3131704774668895e-07,6.036976474277367e-13,-1.9742540935396846e-13
653,0.653,-0.49244488977955914,0.0,0.0,rev,3.46531950236692e-06,3,2.2348176957594964e+18,6.549506498416244e-10,2.448222852189198e-06,2.448966929946567e-06,1.3116656041400717e-07,-7.306763061984906e-12,-6.402773762570479e-10,1.3766570522433241e-10,1.6441669660100055e-07,1.2646768992041757e-06,-2.089821672889708e-06,1.6990639188514292e-07,-1.264544153126157e-06,2.0903346446832227e-06,1.3116656041249148e-07,6.01657612619988e-13,-1.8874138363322857e-13
654,0.654,-0.49076152304609216,0.0,0.0,rev,3.454794007357682e-06,3,4.8639423488917037e+17,6.536042294573384e-10,2.4407803148647007e-06,2.4415216647467058e-06,1.3101382071182104e-07,-7.306752205907728e-12,-6.389758947650259e-10,1.373131677806505e-10,1.6395384893539195e-07,1.2633912822995752e-06,-2.081915019557651e-06,1.6942553640815056e-07,-1.2632589310584974e-06,2.082426445313562e-06,1.3101382071025692e-07,6.111361416927252e-13,-1.9068080447937064e-13
655,0.655,-0.48907815631262525,0.0,0.0,rev,3.4442633866329286e-06,3,4.2678040791260006e+17,6.52027140916732e-10,2.4333341891961397e-06,2.4340728299342127e-06,1.3085883090551458e-07,-7.306739512007283e-12,-6.374491368782431e-10,1.369109270399349e-10,1.634904288447503e-07,1.2620838833465875e-06,-2.0740131213142776e-06,1.689440841529457e-07,-1.261951929537597e-06,2.0745230211761945e-06,1.3085883090392252e-07,6.13994965981135e-13,-1.9919829674641676e-13
656,0.656,-0.4873947895791583,0.0,0.0,rev,3.4337275944721253e-06,3,2.2232055232457466e+17,6.5062945908098e-10,2.4258844471148953e-06,2.4266203890386564e-06,1.3070159321359866e-07,-7.306728260617182e-12,-6.360962173657114e-10,1.3655367808729224e-10,1.630264359292488e-07,1.260754938940678e-06,-2.066115852482342e-06,1.6846203489006744e-07,-1.2606233910361642e-06,2.0666242332052775e-06,1.3070159321203102e-07,6.097899962753672e-13,-1.9478862967048372e-13
657,0.657,-0.4857114228456914,0.0,0.0,rev,3.4231865852263823e-06,3,9.387281350530403e+17,6.492533914092177e-10,2.4184310627151823e-06,2.4191643036772954e-06,1.305421098793622e-07,-7.306717166391397e-12,-6.347659550764995e-10,1.3619383398832952e-10,1.625618697847722e-07,1.2594044252883796e-06,-2.0582232476487605e-06,1.6797938838896081e-07,-1.2592732897137582e-06,2.0587301025332128e-06,1.3054210987777498e-07,6.155909115790337e-13,-1.8827300829471483e-13
658,0.658,-0.48402805611222444,0.0,0.0,rev,3.4126403132950637e-06,3,1.707907105229068e+18,6.477251227923079e-10,2.4109740146563983e-06,2.411704530973267e-06,1.303803831618105e-07,-7.306704862417275e-12,-6.332867372865758e-10,1.3580263302781503e-10,1.6209672999820598e-07,1.2580321457136834e-06,-2.0503354529986806e-06,1.6749614441221629e-07,-1.2579014141145262e-06,2.050840758979766e-06,1.303803831601681e-07,6.27012330944865e-13,-1.8742646323843815e-13
659,0.659,-0.4823446893787575,0.0,0.0,rev,3.402088733136961e-06,3,5.899592732313591e+17,6.462580712352157e-10,2.4035132451561323e-06,2.404241064460957e-06,1.302164152733445e-07,-7.306693049748732e-12,-6.3186692163264e-10,1.3542636456698176e-10,1.6163101614295532e-07,1.2566384200371483e-06,-2.042452255390098e-06,1.6701230270385648e-07,-1.2565080935861284e-06,2.0429560439565175e-06,1.3021641527169268e-07,6.255274076494288e-13,-1.9723112032465906e-13
660,0.66,-0.4806613226452906,0.0,0.0,rev,3.3915317992588045e-06,3,3.789226563949681e+17,6.448922539029912e-10,2.396048759570201e-06,2.3967738346647678e-06,1.3005020848153404e-07,-7.306682050205348e-12,-6.305452826538271e-10,1.3507508306309646e-10,1.6116472778549012e-07,1.2552229462711728e-06,-2.034573897382458e-06,1.665278630076308e-07,-1.2550930287846818e-06,2.0350761102405635e-06,1.3005020847988788e-07,6.234873728416801e-13,-1.985737962950651e-13
661,0.661,-0.4789779559118236,0.0,0.0,rev,3.3809694662470637e-06,3,6.508653103307237e+17,6.432818672552555e-10,2.3885804725389956e-06,2.3893028630137444e-06,1.2988176501382677e-07,-7.306669094254085e-12,-6.289856101238112e-10,1.3466727732946993e-10,1.6069786448522058e-07,1.2537859091152348e-06,-2.0267002156827696e-06,1.6604282505593679e-07,-1.25365638756203e-06,2.027200930686951e-06,1.2988176501219748e-07,6.206840597045016e-13,-1.9488924363209037e-13
662,0.662,-0.4772945891783567,0.0,0.0,rev,3.370401688724195e-06,3,3.216203235220572e+17,6.419474250429093e-10,2.381108390377008e-06,2.3818280791059982e-06,1.297110871007265e-07,-7.306658337822393e-12,-6.276952620870579e-10,1.3431964568377808e-10,1.6023042578510934e-07,1.252327420681043e-06,-2.0188311986857332e-06,1.6555718856532268e-07,-1.2521982999391668e-06,2.0193303923235484e-06,1.2971108709913487e-07,6.132039320760896e-13,-1.9205470547234427e-13
663,0.663,-0.4756112224448898,0.0,0.0,rev,3.3598284213824405e-06,3,4.9915134301265286e+17,6.403445028479428e-10,2.373632480328226e-06,2.374349451979417e-06,1.2953817701378354e-07,-7.306645451738112e-12,-6.261417842545747e-10,1.339184874105115e-10,1.597624112282368e-07,1.250847166955893e-06,-2.0109670530732426e-06,1.6507095325750664e-07,-1.2507184514454206e-06,2.011464704070043e-06,1.2953817701216438e-07,6.201983371312281e-13,-1.8665624601510444e-13
664,0.664,-0.4739278557114229,0.0,0.0,rev,3.349249618947651e-06,3,4.169692848439789e+17,6.38892631762461e-10,2.366152706955229e-06,2.3668669531412064e-06,1.2936303696843174e-07,-7.30663376338489e-12,-6.247363928263416e-10,1.335471733199256e-10,1.5929382033916934e-07,1.2493454502188195e-06,-2.003107600068166e-06,1.645841188295259e-07,-1.2492171522215934e-06,2.0036036904279297e-06,1.293630369667195e-07,6.372125049836086e-13,-1.9226634173641344e-13
665,0.665,-0.4722444889779559,0.0,0.0,rev,3.3386652362225096e-06,3,1.8805579956822982e+17,6.375106460085293e-10,2.3586690177949867e-06,2.3593805713584217e-06,1.2918566921807291e-07,-7.306622628766221e-12,-6.233995073628984e-10,1.331896815059963e-10,1.5882465263782754e-07,1.2478221705497505e-06,-1.995252890213406e-06,1.6409668497849228e-07,-1.2476942727601692e-06,1.995747469046155e-06,1.2918566921634743e-07,6.39502339971898e-13,-1.919783776394013e-13
666,0.666,-0.470561122244489,0.0,0.0,rev,3.3280752280689263e-06,3,6.023346690363283e+17,6.360544908741665e-10,2.3511814027046333e-06,2.3518902531900856e-06,1.2900607600445822e-07,-7.306610916007861e-12,-6.219889273767487e-10,1.328220727847551e-10,1.583549076351168e-07,1.2462773532409543e-06,-1.9874029461713905e-06,1.6360865139137173e-07,-1.2461498565263796e-06,1.987896000126693e-06,1.2900607600275748e-07,6.348394032684723e-13,-1.8918547284307863e-13
667,0.667,-0.46887775551102207,0.0,0.0,rev,3.317479549375664e-06,3,3.932285312844353e+17,6.345642692076884e-10,2.3436898368665538e-06,2.3443959598511684e-06,1.288242595782766e-07,-7.306598923940387e-12,-6.205458143865306e-10,1.3244363938902382e-10,1.5788458483105027e-07,1.2447109241711662e-06,-1.9795578356171517e-06,1.6312001774557026e-07,-1.2445838366847983e-06,1.980049330153194e-06,1.2882425957649761e-07,6.485922909860165e-13,-1.941086180679008e-13
668,0.668,-0.4671943887775551,0.0,0.0,rev,3.3068781551220677e-06,3,2.629774310616598e+17,6.331484213006611e-10,2.3361942636739195e-06,2.3368976844440554e-06,1.286402221845558e-07,-7.306587527191491e-12,-6.191750775291771e-10,1.320824005723864e-10,1.5741368371542197e-07,1.2431228767900704e-06,-1.9717175464561976e-06,1.6263078370798752e-07,-1.2429962035348519e-06,1.972207507781182e-06,1.2864022218282907e-07,6.390860063376635e-13,-1.8928261735773333e-13
669,0.669,-0.4655110220440882,0.0,0.0,rev,3.2962710003094994e-06,3,2.919513105615071e+17,6.317437701077002e-10,2.3286946655622184e-06,2.3293953811169432e-06,1.2845396605132903e-07,-7.306576225217641e-12,-6.17814681358464e-10,1.317263242928135e-10,1.569422037697402e-07,1.2415134303389586e-06,-1.9638819700740218e-06,1.6214094893548197e-07,-1.2413871570970958e-06,1.9643704030659903e-06,1.284539660495292e-07,6.52214393603856e-13,-1.9238777237973181e-13
670,0.67,-0.46382765531062126,0.0,0.0,rev,3.285658040010394e-06,3,1.3378931862446435e+17,6.302823410925337e-10,2.321191032244307e-06,2.321888996840096e-06,1.2826549345250552e-07,-7.306564464310752e-12,-6.163995026203795e-10,1.3135485060766783e-10,1.5647014446697346e-07,1.2398822484965821e-06,-1.9560513571798e-06,1.616505130819626e-07,-1.2397563935173661e-06,1.956538195384966e-06,1.2826549345072072e-07,6.494665916179088e-13,-1.898689538926135e-13
671,0.671,-0.46214428857715434,0.0,0.0,rev,3.2750392293767275e-06,3,2.3857788747224426e+17,6.287068569468438e-10,2.31368326779167e-06,2.3143785643102914e-06,1.2807480660181537e-07,-7.306551800850553e-12,-6.148723041138338e-10,1.3096173451243587e-10,1.5599750526915517e-07,1.2382297395405195e-06,-1.948225385864366e-06,1.6115947578383603e-07,-1.2381042678866194e-06,1.94871074922498e-06,1.280748066000066e-07,6.523531714819342e-13,-1.9428209041549849e-13
672,0.672,-0.46046092184368737,0.0,0.0,rev,3.26441452356032e-06,3,2.8125981432679366e+17,6.272972994962963e-10,2.3061714116917513e-06,2.306863980751798e-06,1.2788190777154395e-07,-7.306540454381004e-12,-6.135076283803054e-10,1.3060209164139636e-10,1.5552428562740486e-07,1.2365555697307906e-06,-1.940404364984827e-06,1.606678366734982e-07,-1.236430520482057e-06,1.9408881575117e-06,1.2788190776979814e-07,6.404599073306372e-13,-1.9059059885861984e-13
673,0.673,-0.45877755511022045,0.0,0.0,rev,3.25378387779108e-06,3,3.287587666756388e+17,6.258322990656857e-10,2.298655396431406e-06,2.2993452506036344e-06,1.2768679920170097e-07,-7.30652867546143e-12,-6.120878439513922e-10,1.3023498945941014e-10,1.550504849866738e-07,1.2348598681030665e-06,-1.9325881829290736e-06,1.601755953738191e-07,-1.2347352206509843e-06,1.9330704319822645e-06,1.2768679919991882e-07,6.470102231759256e-13,-1.91027749174566e-13
674,0.674,-0.45709418837675353,0.0,0.0,rev,3.2431472473843585e-06,3,1.2701015474151915e+17,6.243149496013072e-10,2.2911351984731072e-06,2.291822334400328e-06,1.2748948313101304e-07,-7.306516476545863e-12,-6.106172442676971e-10,1.2985511971264074e-10,1.545761027806227e-07,1.2331427336267908e-06,-1.924776798653549e-06,1.596827514964937e-07,-1.2330184985948067e-06,1.9252574927665356e-06,1.274894831291458e-07,6.614570002838605e-13,-1.96412330843998e-13
675,0.675,-0.45541082164328656,0.0,0.0,rev,3.2325045876839577e-06,3,4.2298299259128986e+17,6.22989602148064e-10,2.2836107947911305e-06,2.2842951921357436e-06,1.27289961822349e-07,-7.306505809012925e-12,-6.093339582902146e-10,1.2951751476864004e-10,1.5410113843176492e-07,1.2314039939953503e-06,-1.9169703453086884e-06,1.591893046451528e-07,-1.2312801845326682e-06,1.917449451036002e-06,1.272899618205521e-07,6.482175907152055e-13,-1.9305737564145886e-13
676,0.676,-0.45372745490981964,0.0,0.0,rev,3.2218558540452186e-06,3,1.917065825070138e+17,6.214420148570211e-10,2.276082114231471e-06,2.2767638321130514e-06,1.2708823750747165e-07,-7.306493368865022e-12,-6.078338249393411e-10,1.2913107388934364e-10,1.536255913579634e-07,1.2296439026587835e-06,-1.9091686256217377e-06,1.5869525441545929e-07,-1.2295204785961467e-06,1.9096462384841917e-06,1.270882375056391e-07,6.551564846191127e-13,-1.912220382038754e-13
677,0.677,-0.4520440881763527,0.0,0.0,rev,3.211201001951371e-06,3,5.3786065479200536e+16,6.199128075660809e-10,2.2685491609869497e-06,2.269228187309648e-06,1.2688431245183647e-07,-7.30648107807285e-12,-6.063513389303887e-10,1.2874998289724715e-10,1.531494609628399e-07,1.227862248806555e-06,-1.901371830120846e-06,1.582006003929508e-07,-1.2277392289761213e-06,1.901847922876343e-06,1.2688431244997684e-07,6.630390680939513e-13,-1.7971735211119721e-13
678,0.678,-0.4503607214428858,0.0,0.0,rev,3.2005399869185175e-06,3,1.0277263718417304e+17,6.184525346625297e-10,2.261011923009063e-06,2.261688207036431e-06,1.266781889041728e-07,-7.30646933532423e-12,-6.049362746840536e-10,1.2838324153774394e-10,1.5267274664168168e-07,1.2260590639412428e-06,-1.8935799745850579e-06,1.5770534215319453e-07,-1.2259364618322222e-06,1.8940544771611778e-06,1.2667818890220175e-07,6.818851039369633e-13,-1.8549745073315194e-13
679,0.679,-0.44867735470941883,0.0,0.0,rev,3.1898727644733703e-06,3,2.1990769707696346e+17,6.17050472760132e-10,2.2534703211634184e-06,2.2541439077000993e-06,1.2646986910668552e-07,-7.306458058880483e-12,-6.03577790178611e-10,1.280302808215339e-10,1.5219544778046278e-07,1.2242344656701598e-06,-1.8857929385551753e-06,1.572094792620681e-07,-1.22411227521102e-06,1.8862659075351285e-06,1.2646986910470163e-07,6.82356948722429e-13,-1.9024365416342448e-13
680,0.68,-0.4469939879759519,0.0,0.0,rev,3.1791992902514313e-06,3,9.867416490512627e+16,6.155859681577604e-10,2.245924354701013e-06,2.246595227525954e-06,1.262593553268997e-07,-7.306446284090194e-12,-6.021584012666503e-10,1.2766346313419774e-10,1.5171756375722166e-07,1.222388286245546e-06,-1.8780108800367512e-06,1.5671301128054795e-07,-1.222266507894254e-06,1.8784822948640645e-06,1.2625935532492127e-07,6.8063610303426e-13,-1.9058365996471593e-13
681,0.681,-0.445310621242485,0.0,0.0,rev,3.1685195199145275e-06,3,1.612587259884944e+17,6.1407586933883e-10,2.2383739846099888e-06,2.239042142989768e-06,1.2604664980554762e-07,-7.30643415447251e-12,-6.006936198454937e-10,1.2729086534823963e-10,1.512390939386202e-07,1.2205206752213815e-06,-1.8702337053963514e-06,1.5621593775552203e-07,-1.2203993026566051e-06,1.870703568433718e-06,1.2604664980357694e-07,6.780270789263909e-13,-1.9254042804561777e-13
682,0.682,-0.443627254509018,0.0,0.0,rev,3.1578334091726995e-06,3,4.3794259317314746e+17,6.126467153723295e-10,2.2308191802316766e-06,2.2314846222519254e-06,1.258317547955507e-07,-7.306422663425025e-12,-5.993085212124827e-10,1.2693270046160166e-10,1.5076003768107705e-07,1.2186316257281615e-06,-1.862461432272644e-06,1.5571825822529213e-07,-1.2185106843531912e-06,1.8629297237199305e-06,1.2583175479363458e-07,6.671607710728722e-13,-1.926583892419842e-13
683,0.683,-0.4419438877755511,0.0,0.0,rev,3.147140913807604e-06,3,1.2554974226671467e+17,6.111123307048599e-10,2.2232599138741076e-06,2.2239226306912197e-06,1.256146725642419e-07,-7.306410333073767e-12,-5.978207217455234e-10,1.265514984472027e-10,1.5028039433433893e-07,1.2167210338698276e-06,-1.8546941455283017e-06,1.552199722233587e-07,-1.216600486825259e-06,1.8551608779240891e-06,1.2561467256226955e-07,6.771389005066908e-13,-1.9233226122850056e-13
684,0.684,-0.4402605210420842,0.0,0.0,rev,3.1364419896550533e-06,3,1.9058509255267776e+17,6.097187252526053e-10,2.215696150445632e-06,2.2163561410410494e-06,1.2539540535625812e-07,-7.306399134543816e-12,-5.964693964438661e-10,1.262053864192758e-10,1.4980016323444007e-07,1.2147889893940333e-06,-1.8469317944747043e-06,1.5472107926727208e-07,-1.2146688526948335e-06,1.8473969551381642e-06,1.253954053543329e-07,6.70019595361282e-13,-1.8413742752798612e-13
685,0.685,-0.43857715430861727,0.0,0.0,rev,3.125736592565367e-06,3,3.061166602725565e+17,6.08176624878351e-10,2.2081278216410287e-06,2.2087851594039407e-06,1.2517395541844108e-07,-7.306386743126777e-12,-5.949740110311463e-10,1.2582269254268752e-10,1.4931934371233937e-07,1.2128356280810548e-06,-1.839174257528553e-06,1.5422157886996781e-07,-1.2127158992708553e-06,1.8396379352116077e-06,1.2517395541639875e-07,6.903921878631536e-13,-1.8613929841926335e-13
686,0.686,-0.4368937875751503,0.0,0.0,rev,3.115024678510594e-06,3,7.103160763935345e+17,6.067951889511072e-10,2.2005549764056368e-06,2.2012095746710915e-06,1.2495032501890035e-07,-7.306375635917565e-12,-5.936350751245545e-10,1.2547675398710822e-10,1.4883793508492329e-07,1.2108608027361356e-06,-1.8314217399770238e-06,1.5372147053299174e-07,-1.2107414997797328e-06,1.8318838177766583e-06,1.2495032501683095e-07,6.94846957749462e-13,-1.8529622280993863e-13
687,0.687,-0.4352104208416834,0.0,0.0,rev,3.1043062034606265e-06,3,3.3226384570835744e+17,6.053169893790586e-10,2.1929775362922287e-06,2.193629403238987e-06,1.247245164292243e-07,-7.30636376824482e-12,-5.922006149350345e-10,1.251147727088231e-10,1.48355936664128e-07,1.2088643773985885e-06,-1.8236742877486556e-06,1.5322075375360592e-07,-1.208745497971453e-06,1.8241347758615745e-06,1.247245164271272e-07,6.989686607283829e-13,-1.8589990657957856e-13
688,0.6880000000000001,-0.43352705410821646,0.0,0.0,rev,3.0935811234373834e-06,3,7.155184405832558e+17,6.038337975363735e-10,2.1853954653738175e-06,2.18604461897446e-06,1.244965318762398e-07,-7.306351847513402e-12,-5.907625638679193e-10,1.2474560273645352e-10,1.478733477483791e-07,1.2068467302936425e-06,-1.8159316569413275e-06,1.527194280108173e-07,-1.2067282544880875e-06,1.816390589128719e-06,1.244965318741362e-07,6.976225153110249e-13,-1.9263757256027247e-13
689,0.6890000000000001,-0.4318436873747495,0.0,0.0,rev,3.082849394574689e-06,3,5.802465474507076e+17,6.02425884372783e-10,2.1778087369039015e-06,2.178455186722192e-06,1.2426637365270097e-07,-7.306340534223721e-12,-5.893972844506212e-10,1.2439616003945275e-10,1.4739016762800237e-07,1.2048074566478606e-06,-1.8081941337774743e-06,1.5221749278318194e-07,-1.2046894027062383e-06,1.8086515082942067e-06,1.2426637365067844e-07,6.85423939827956e-13,-1.8126819489872048e-13
690,0.6900000000000001,-0.43016032064128257,0.0,0.0,rev,3.0721109729744476e-06,3,9.322179046966964e+17,6.008934618660553e-10,2.170217344528075e-06,2.1708610509740153e-06,1.2403404399825653e-07,-7.306328228621708e-12,-5.879104130607216e-10,1.2401982218968044e-10,1.4690639558497163e-07,1.202746834266799e-06,-1.8004615758432374e-06,1.517149475351455e-07,-1.2026291829059232e-06,1.8009173567250236e-06,1.2403404399616118e-07,6.96123714227781e-13,-1.8761381337384364e-13
691,0.6910000000000001,-0.42847695390781565,0.0,0.0,rev,3.0613658148815922e-06,3,2.782613619979681e+17,5.994125745796042e-10,2.162621220303217e-06,2.163262217887407e-06,1.2379954517396342e-07,-7.306316335537975e-12,-5.864736699751072e-10,1.236555163819375e-10,1.4642203088869126e-07,1.2006648411264087e-06,-1.7927339653889263e-06,1.512117917213838e-07,-1.200547605523239e-06,1.7931881842840613e-06,1.2379954517187773e-07,6.942779684493416e-13,-1.8545928681668045e-13
692,0.6920000000000001,-0.4267935871743487,0.0,0.0,rev,3.050613876520036e-06,3,2.4484208531594038e+17,5.979731517567e-10,2.1550203436887114e-06,2.155658646250865e-06,1.2356287944357778e-07,-7.306304772214756e-12,-5.850774604382325e-10,1.2329993276383178e-10,1.459370728006316e-07,1.1985614723347693e-06,-1.7850113303644055e-06,1.5070802478911377e-07,-1.198444652530939e-06,1.7854640027847868e-06,1.2356287944144598e-07,7.026462744974538e-13,-1.8195167594825534e-13
693,0.6930000000000001,-0.42511022044088176,0.0,0.0,rev,3.039855114227327e-06,3,2.2553335817854397e+17,5.963998359590725e-10,2.1474147044619946e-06,2.1480502847416132e-06,1.233240490867395e-07,-7.306292143919659e-12,-5.83550320912285e-10,1.2291625356430913e-10,1.4545152057441855e-07,1.196436549534552e-06,-1.7772938279980721e-06,1.5020364617971937e-07,-1.1963201463904838e-06,1.7777449192145356e-06,1.2332404908451265e-07,7.160660953076103e-13,-1.9104856585627772e-13
694,0.6940000000000001,-0.42342685370741484,0.0,0.0,rev,3.0290894843412098e-06,3,6.869851160040959e+17,5.94901426250116e-10,2.139804247936072e-06,2.140437126382021e-06,1.2308305634411088e-07,-7.306280117957632e-12,-5.820957708901897e-10,1.2255137182837217e-10,1.4496537344965179e-07,1.1942903406086947e-06,-1.7695812618567786e-06,1.4969865531659605e-07,-1.1941743413984574e-06,1.7700308039513002e-06,1.230830563419854e-07,6.991351941820767e-13,-1.8554602299047929e-13
695,0.6950000000000001,-0.4217434869739479,0.0,0.0,rev,3.018316943299329e-06,3,9.424495459663537e+17,5.935684524367177e-10,2.1321889600727113e-06,2.1328191237280627e-06,1.2283990348500757e-07,-7.306269404711385e-12,-5.808032908782845e-10,1.2221973433312883e-10,1.4447863065801065e-07,1.1921227788258548e-06,-1.7618737091357195e-06,1.491930516185514e-07,-1.1920072134491422e-06,1.7623216650129725e-06,1.2283990348287816e-07,6.993572387870017e-13,-1.8453988337441274e-13
696,0.6960000000000001,-0.42006012024048095,0.0,0.0,rev,3.007537447554387e-06,3,5.876628591512806e+17,5.92034460672051e-10,2.1245688046331066e-06,2.125196251675803e-06,1.2259459278500956e-07,-7.306257088865567e-12,-5.793145789467768e-10,1.2184432629513964e-10,1.4399129142550084e-07,1.1899337993004355e-06,-1.7541712193785974e-06,1.486868344996928e-07,-1.1898186448172643e-06,1.754617601025521e-06,1.2259459278281845e-07,7.087386233450843e-13,-1.8688522951393338e-13
697,0.6970000000000001,-0.41837675350701403,0.0,0.0,rev,2.996750953645793e-06,3,2.5425740770171866e+17,5.905489080906929e-10,2.116943741726995e-06,2.1175684887217274e-06,1.2234712650751566e-07,-7.306245162204918e-12,-5.778728658784038e-10,1.2148079070462003e-10,1.4350335496277187e-07,1.1877234192270159e-06,-1.746473782274216e-06,1.4818000335775824e-07,-1.1876086785655993e-06,1.7469186064690556e-06,1.2234712650536155e-07,7.031736304341507e-13,-1.8069226670469618e-13
698,0.6980000000000001,-0.4166933867735471,0.0,0.0,rev,2.98595741815334e-06,3,1.01948696617077e+18,5.890063370419602e-10,2.1093137704927018e-06,2.1099357744988413e-06,1.2209750692102542e-07,-7.306232789541718e-12,-5.763746598053121e-10,1.2110877578574986e-10,1.4301482047404455e-07,1.1854916436571106e-06,-1.7387814429462023e-06,1.4767255758476683e-07,-1.1853773227155084e-06,1.739224652262672e-06,1.220975069188153e-07,7.111672362114518e-13,-1.8424844983044864e-13
699,0.6990000000000001,-0.41501002004008014,0.0,0.0,rev,2.9751567976962727e-06,3,8.184517538797929e+17,5.875216090887911e-10,2.1016788136026058e-06,2.102298125076218e-06,1.2184573628838125e-07,-7.306220866785362e-12,-5.749339702237899e-10,1.2074431732234103e-10,1.4252568715152818e-07,1.18323854228497e-06,-1.7310941095444177e-06,1.4716449656049357e-07,-1.1831246351512448e-06,1.7315357678515664e-06,1.2184573628610352e-07,7.214090436136189e-13,-1.8608725671498405e-13
700,0.7000000000000001,-0.4133266533066132,0.0,0.0,rev,2.964349048976774e-06,3,4.3758025000258016e+17,5.860768680942016e-10,2.094038875931886e-06,2.094655474496189e-06,1.215918168812284e-07,-7.306209275682109e-12,-5.735310386334458e-10,1.2039461094737192e-10,1.42035954179266e-07,1.1809640925106168e-06,-1.723411852644352e-06,1.4665581965768963e-07,-1.1808506088506476e-06,1.7238519272183561e-06,1.215918168789944e-07,7.152334280391415e-13,-1.7808671204377902e-13
701,0.7010000000000001,-0.4116432865731463,0.0,0.0,rev,2.9535341287319e-06,3,1.0463641518387009e+18,5.845720044546094e-10,2.086393908174391e-06,2.0870078110370447e-06,1.2133575096742128e-07,-7.306197192810056e-12,-5.72070640858513e-10,1.2002595445315123e-10,1.4154562073200872e-07,1.1786683508027695e-06,-1.7157346228757753e-06,1.4614652623964962e-07,-1.1785552796184096e-06,1.7161731407644432e-06,1.213357509650484e-07,7.374933996828759e-13,-1.7870427360122676e-13
702,0.7020000000000001,-0.4099599198396794,0.0,0.0,rev,2.9427119937547047e-06,3,2.986524537694946e+17,5.830577297624525e-10,2.078743914090739e-06,2.079355069959669e-06,1.2107754083729683e-07,-7.306185048528114e-12,-5.705997289245923e-10,1.1966154456199973e-10,1.4105468597408938e-07,1.1763510923620824e-06,-1.7080626286622436e-06,1.456366156620205e-07,-1.1762384426738937e-06,1.7084995197896857e-06,1.210775408348993e-07,7.40546513000595e-13,-1.7933918239343427e-13
703,0.7030000000000001,-0.4082765531062124,0.0,0.0,rev,2.9318826009127456e-06,3,3.5840681824475206e+17,5.815773087618078e-10,2.0710888111260285e-06,2.071697272923319e-06,1.2081718873312648e-07,-7.30617316518526e-12,-5.691627065484983e-10,1.193004584010282e-10,1.4056314905875944e-07,1.1740126779763438e-06,-1.7003955706390572e-06,1.451260872643695e-07,-1.1739004483479754e-06,1.7008308989437115e-06,1.2081718873075407e-07,7.343292640626942e-13,-1.8442192217804632e-13
704,0.704,-0.4065931863727455,0.0,0.0,rev,2.9210459070868148e-06,3,4.206407868612884e+17,5.801716818622197e-10,2.0634286075893813e-06,2.0640343507637454e-06,1.205546969573671e-07,-7.306161886584225e-12,-5.677978347912171e-10,1.1895973789366465e-10,1.4007100913113014e-07,1.1716527724831005e-06,-1.6927337391781094e-06,1.446149403849349e-07,-1.1715409753421113e-06,1.6931674646190886e-06,1.205546969550705e-07,7.234352006335598e-13,-1.7428419818443786e-13
705,0.705,-0.4049098196392786,0.0,0.0,rev,2.9102018692800803e-06,3,2.5523340713865104e+17,5.785684316836593e-10,2.0557632481382484e-06,2.056366298211461e-06,1.2029006776960186e-07,-7.306149028107925e-12,-5.662405301587459e-10,1.1857365783685125e-10,1.3957826532809958e-07,1.1692715925146202e-06,-1.6850769665455179e-06,1.441031743492583e-07,-1.1691602060937e-06,1.6855091337780737e-06,1.2029006776713938e-07,7.485123632022805e-13,-1.793218351586745e-13
706,0.706,-0.4032264529058116,0.0,0.0,rev,2.8993504444791737e-06,3,5.997444350608314e+17,5.770889269506398e-10,2.0480927259932314e-06,2.048693061254989e-06,1.2002330344240698e-07,-7.30613715864847e-12,-5.648037055411281e-10,1.1821600642836216e-10,1.3908491677193479e-07,1.1668691460714475e-06,-1.6774252877965745e-06,1.4359078847006583e-07,-1.166758178766658e-06,1.6778558629935991e-06,1.2002330343995612e-07,7.465139617579553e-13,-1.7618545511410844e-13
707,0.707,-0.4015430861723447,0.0,0.0,rev,2.888491589763902e-06,3,6.505363974777396e+17,5.756228173704598e-10,2.040417000043183e-06,2.041014620454952e-06,1.1975440626161903e-07,-7.306125396576911e-12,-5.633799121662619e-10,1.1786145670544812e-10,1.3859096257911444e-07,1.164445343385112e-06,-1.6697787642155903e-06,1.4307778205589532e-07,-1.164334802544742e-06,1.6702077406047233e-06,1.1975440625913622e-07,7.495809528634823e-13,-1.8106002808160326e-13
708,0.708,-0.39985971943887777,0.0,0.0,rev,2.877625262266563e-06,3,7.098186692936305e+17,5.741127246053706e-10,2.0327360459507316e-06,2.033330939660653e-06,1.1948337851180876e-07,-7.306113279082386e-12,-5.619136354134691e-10,1.1749513861847305e-10,1.3809640185580786e-07,1.1620001265436053e-06,-1.6621374558725699e-06,1.4256415440513047e-07,-1.1618899957432927e-06,1.6625648287665884e-06,1.1948337850939236e-07,7.391032230685823e-13,-1.7654280815015966e-13
709,0.709,-0.39817635270541085,0.0,0.0,rev,2.866751419181705e-06,3,5.3602072824253606e+17,5.725123956650039e-10,2.0250498078544996e-06,2.025642014320781e-06,1.192102224508441e-07,-7.306100459609307e-12,-5.603575659041127e-10,1.171173019676175e-10,1.3760123369754432e-07,1.1595337413294882e-06,-1.654501171802214e-06,1.4204990480282778e-07,-1.1594240264811706e-06,1.6549269837504155e-06,1.1921022244836808e-07,7.470274399068444e-13,-1.7967571874777377e-13
710,0.71,-0.3964929859719439,0.0,0.0,rev,2.855870017743913e-06,3,6.425844440527937e+17,5.710822650910161e-10,2.017358293270038e-06,2.017947776491502e-06,1.189349403718978e-07,-7.30608898306726e-12,-5.589689908852558e-10,1.1677003808330255e-10,1.3710545718822462e-07,1.1570460243179315e-06,-1.646870084325014e-06,1.4153503252659224e-07,-1.1569367349417714e-06,1.6472942829248716e-06,1.1893494036942849e-07,7.468886620287662e-13,-1.7184864642416642e-13
711,0.711,-0.39480961923847696,0.0,0.0,rev,2.8449810152469043e-06,3,7.965551045286573e+17,5.69466200302467e-10,2.009661432976773e-06,2.010248235199375e-06,1.1865753455679099e-07,-7.306076033680502e-12,-5.57398002754006e-10,1.1638660174506654e-10,1.3660907140693535e-07,1.154537002397149e-06,-1.6392441388943246e-06,1.410195368481317e-07,-1.1544281323244698e-06,1.6396667785398278e-06,1.1865753455419421e-07,7.652628530863126e-13,-1.750058431504442e-13
712,0.712,-0.39312625250501004,0.0,0.0,rev,2.834084369049021e-06,3,6.375985257162436e+17,5.679751760929058e-10,2.0019592433394503e-06,2.0025433138112956e-06,1.1837800728850153e-07,-7.306064074382615e-12,-5.559496925322538e-10,1.1602741684102469e-10,1.3611207541714173e-07,1.1520066494422054e-06,-1.631623423023476e-06,1.4050341702401558e-07,-1.1518982046682114e-06,1.6320444355399921e-06,1.1837800728585853e-07,7.709805016631321e-13,-1.7701465293562535e-13
713,0.713,-0.39144288577154307,0.0,0.0,rev,2.823180036561877e-06,3,3.9511917904073306e+17,5.665753939407756e-10,1.9942516519531227e-06,1.994833024609892e-06,1.1809636083231167e-07,-7.306052841587534e-12,-5.545905124026973e-10,1.1568777880111014e-10,1.356144682748348e-07,1.1494551809682063e-06,-1.6240077445189849e-06,1.399866723016618e-07,-1.149347168258319e-06,1.6244271650242559e-06,1.1809636082972834e-07,7.615436059538183e-13,-1.7382970063373193e-13
714,0.714,-0.38975951903807615,0.0,0.0,rev,2.8122679752650274e-06,3,2.4575139153436726e+17,5.649946917340174e-10,1.986538655419808e-06,1.987117311049865e-06,1.1781259750583342e-07,-7.306040176962665e-12,-5.530537295489468e-10,1.1531346710835777e-10,1.351162490297037e-07,1.1468822485802277e-06,-1.6163973943980614e-06,1.3946930192800286e-07,-1.1467746496712783e-06,1.6168152103951394e-06,1.1781259750323431e-07,7.636807852762217e-13,-1.7089801795933113e-13
715,0.715,-0.38807615230460923,0.0,0.0,rev,2.801348142683563e-06,3,7.744103690635997e+17,5.63533505946866e-10,1.978820208695657e-06,1.9793961581232466e-06,1.1752671956301329e-07,-7.30602846299993e-12,-5.516337803213034e-10,1.149643713560522e-10,1.3461741671470705e-07,1.1442881880791012e-06,-1.608792128300618e-06,1.389513051267401e-07,-1.1441810270490516e-06,1.60920833422451e-06,1.1752671956031555e-07,7.767952947546064e-13,-1.7521054052060947e-13
716,0.716,-0.3863927855711423,0.0,0.0,rev,2.790420496392248e-06,3,2.779609167535487e+17,5.620324867278449e-10,1.9710962876225593e-06,1.971669530138086e-06,1.1723872931359715e-07,-7.306016426052945e-12,-5.501754954395643e-10,1.1460393745110764e-10,1.341179703584045e-07,1.1416727651175629e-06,-1.601192131661655e-06,1.3843268112341904e-07,-1.1415660218783152e-06,1.6016067390482724e-06,1.172387293109259e-07,7.723821582317214e-13,-1.72552944155413e-13
717,0.717,-0.38470941883767534,0.0,0.0,rev,2.7794849940561594e-06,3,7.958226206066935e+17,5.603916668089519e-10,1.9633668587317267e-06,1.9639374008216445e-06,1.1694862903165463e-07,-7.306003284972043e-12,-5.48579704232055e-10,1.1421799617217232e-10,1.33617908978028e-07,1.139036137826066e-06,-1.5935972995373415e-06,1.3791342912859802e-07,-1.1389298276015536e-06,1.5940103036717057e-06,1.1694862902893364e-07,7.788214517745473e-13,-1.7282703046461734e-13
718,0.718,-0.3830260521042084,0.0,0.0,rev,2.768541593339252e-06,3,4.14484072393046e+17,5.588909499088072e-10,1.95563190197224e-06,1.956199730373849e-06,1.1665642101518251e-07,-7.305991251638182e-12,-5.471215425156828e-10,1.1385839493449623e-10,1.331172315779691e-07,1.1363782025930469e-06,-1.586007729911798e-06,1.3739354834297173e-07,-1.1362723098817806e-06,1.5864191236190928e-06,1.1665642101246417e-07,7.772255061766487e-13,-1.7362153381661471e-13
719,0.719,-0.3813426853707415,0.0,0.0,rev,2.757590252043108e-06,3,1.0252180628407414e+18,5.573696034759778e-10,1.947891373903966e-06,1.948456502696625e-06,1.1636210754388442e-07,-7.305979070986763e-12,-5.456416030807931e-10,1.1350215212146963e-10,1.3261593715620099e-07,1.1336990792878976e-06,-1.578423332114498e-06,1.368730379589855e-07,-1.1335936227069299e-06,1.5788331175076165e-06,1.1636210754123286e-07,7.668726764720191e-13,-1.702561702732197e-13
720,0.72,-0.37965931863727453,0.0,0.0,rev,2.746630927954909e-06,3,9.774824643259085e+17,5.558845129492951e-10,1.9401452587834275e-06,1.940707673917811e-06,1.1606569091492087e-07,-7.30596716707689e-12,-5.441982402903944e-10,1.1314808812112886e-10,1.3211402469917977e-07,1.130998717367715e-06,-1.570844171447372e-06,1.3635189715972932e-07,-1.1308936877230114e-06,1.57125233581773e-06,1.1606569091217935e-07,7.789741074404333e-13,-1.720221187717641e-13
721,0.721,-0.3779759519038076,0.0,0.0,rev,2.735663578989622e-06,3,2.5724215410327184e+17,5.543118016962818e-10,1.932393511969392e-06,1.932953229285732e-06,1.1576717341800333e-07,-7.305954561625213e-12,-5.42669610636981e-10,1.1277362377271061e-10,1.3161149318479598e-07,1.1282771579940176e-06,-1.563270211675516e-06,1.3583012511921618e-07,-1.1281725429829192e-06,1.5636767814915242e-06,1.157671734153596e-07,7.617240171953199e-13,-1.785897818518123e-13
722,0.722,-0.3762925851703407,0.0,0.0,rev,2.7246881630486687e-06,3,8.471373615680488e+17,5.527922716935681e-10,1.9246361232199813e-06,1.9251931195609954e-06,1.1546655736617408e-07,-7.305942389642647e-12,-5.411919575676327e-10,1.124152299025738e-10,1.3110834157924457e-07,1.1255341551413833e-06,-1.5557016665099233e-06,1.3530772100249743e-07,-1.1254299779744903e-06,1.5561065943303642e-06,1.1546655736371565e-07,7.361611320533257e-13,-1.6062498553459648e-13
723,0.723,-0.3746092184368738,0.0,0.0,rev,2.7137046381610574e-06,3,1.441310001346891e+18,5.511581720109386e-10,1.916873030003157e-06,1.9174273480501606e-06,1.15163845009397e-07,-7.305929305392362e-12,-5.396023627923796e-10,1.120323347980623e-10,1.3060456883963636e-07,1.122770273163931e-06,-1.5481380989598725e-06,1.34784683958975e-07,-1.1226665130315006e-06,1.5485414507007689e-06,1.1516384500661099e-07,7.832345882974323e-13,-1.6804613256482526e-13
724,0.724,-0.3729258517034068,0.0,0.0,rev,2.702712962370937e-06,3,3.1328012721327846e+17,5.495799497116984e-10,1.9091042384615707e-06,1.909655849322132e-06,1.1485903868480342e-07,-7.305916668904869e-12,-5.380670718008185e-10,1.1166275543095239e-10,1.301001739125352e-07,1.1199850053489335e-06,-1.5405799316664526e-06,1.3426101313726217e-07,-1.1198816652624455e-06,1.540981667318142e-06,1.1485903868198494e-07,7.868844464908875e-13,-1.6812939929167214e-13
725,0.725,-0.3712424849699399,0.0,0.0,rev,2.6917130938048274e-06,3,4.709801530965961e+17,5.481183177017556e-10,1.9013297025315588e-06,1.9018786102868111e-06,1.1455214066714794e-07,-7.30590496153311e-12,-5.366456289762622e-10,1.1131838506539538e-10,1.2959515573364027e-07,1.1171786082342372e-06,-1.5330269699659338e-06,1.3373670766858465e-07,-1.117075705048265e-06,1.5334270802615235e-06,1.1455214066430122e-07,7.904094045940724e-13,-1.656799697435929e-13
726,0.726,-0.36955911823647297,0.0,0.0,rev,2.680704990656617e-06,3,8.875999579302063e+17,5.465544061210375e-10,1.89354938493752e-06,1.8940956092407033e-06,1.142431532626882e-07,-7.30589243210264e-12,-5.351249738466679e-10,1.1094865998151349e-10,1.2908951323201782e-07,1.1143510114663968e-06,-1.5254792669894268e-06,1.3321176668113298e-07,-1.114248550038166e-06,1.525877770629236e-06,1.1424315325985901e-07,7.855660566491451e-13,-1.7122067652586281e-13
727,0.727,-0.367875751503006,0.0,0.0,rev,2.6696886111379837e-06,3,3.1841993796475e+17,5.450923567409294e-10,1.8857632913229935e-06,1.8863067814747238e-06,1.1393207878082407e-07,-7.30588072115746e-12,-5.337031285662652e-10,1.1060412308250278e-10,1.2858324532296225e-07,1.1115021001234515e-06,-1.5179369622433936e-06,1.3268618928998993e-07,-1.111400063855128e-06,1.5183338062073337e-06,1.1393207877811891e-07,7.664702206255924e-13,-1.700931062664779e-13
728,0.728,-0.3661923847695391,0.0,0.0,rev,2.6586639135811378e-06,3,4.368192889598611e+17,5.434726915153809e-10,1.8779713473519661e-06,1.8785121425400876e-06,1.1361891950945639e-07,-7.305867752924219e-12,-5.321274827024824e-10,1.1022491946954815e-10,1.2807635091522277e-07,1.108632030601131e-06,-1.5103998975557476e-06,1.3215997460156762e-07,-1.1085304287283826e-06,1.5107951215724558e-06,1.136189195068006e-07,7.573247584602427e-13,-1.73076830645158e-13
729,0.729,-0.36450901803607216,0.0,0.0,rev,2.6476308563566267e-06,3,1.3202044109713754e+18,5.419021578164055e-10,1.8701735516495836e-06,1.8707116349642905e-06,1.1330367775755972e-07,-7.305855179818612e-12,-5.305994445897744e-10,1.09858101782212e-10,1.2756882890388586e-07,1.1057407115697138e-06,-1.5028681864884263e-06,1.316331217112199e-07,-1.1056395471525926e-06,1.5032617650401203e-06,1.1330367775497448e-07,7.459588502456427e-13,-1.714010877673644e-13
730,0.73,-0.36282565130260525,0.0,0.0,rev,2.63658939788824e-06,3,1.7396320460143846e+18,5.402939603551075e-10,1.8623698603321467e-06,1.862905243931202e-06,1.12986355809711e-07,-7.305842304189895e-12,-5.290348627923214e-10,1.0948197209925681e-10,1.2706067817585897e-07,1.1028283712286036e-06,-1.4953416547225373e-06,1.3110562970373698e-07,-1.1027276367453487e-06,1.4957336062562665e-06,1.1298635580718219e-07,7.37257477290143e-13,-1.6701917626704699e-13
731,0.731,-0.36114228456913827,0.0,0.0,rev,2.6255394966674995e-06,3,7.546350987894822e+17,5.387613416446736e-10,1.854560244595669e-06,1.8550929395834157e-06,1.1266695598203451e-07,-7.305830034560312e-12,-5.275437205132238e-10,1.091239251738152e-10,1.2655189760700322e-07,1.0998948603985204e-06,-1.4878204240148518e-06,1.305774976565099e-07,-1.0997945575769164e-06,1.488210758838343e-06,1.126669559795129e-07,7.34939886726238e-13,-1.6752918496898417e-13
732,0.732,-0.35945891783567135,0.0,0.0,rev,2.61448111126463e-06,3,3.3153096348999e+17,5.371404152917877e-10,1.846744676792621e-06,1.8472746910979482e-06,1.1234548058024561e-07,-7.30581706283306e-12,-5.259661595147236e-10,1.0874764283519411e-10,1.2604248606533827e-07,1.0969401906257836e-06,-1.4803044994723957e-06,1.3004872463817538e-07,-1.0968403159755669e-06,1.4806932277962315e-06,1.1234548057770086e-07,7.392420009466605e-13,-1.5907761219402516e-13
733,0.733,-0.35777555110220444,0.0,0.0,rev,2.6034142003036365e-06,3,3.38565181079729e+17,5.355097156475206e-10,1.8389231350105924e-06,1.839450461922363e-06,1.1202193190794246e-07,-7.305804017175714e-12,-5.243786811021112e-10,1.0837102742966565e-10,1.2553244240642923e-07,1.0939644012053495e-06,-1.4727938726366574e-06,1.2951930970500283e-07,-1.0938649370184628e-06,1.4731809969727172e-06,1.1202193190522314e-07,7.632922072176029e-13,-1.631958457259941e-13
734,0.734,-0.35609218436873746,0.0,0.0,rev,2.59233872245132e-06,3,5.216572368827883e+17,5.340067059381581e-10,1.831095596287311e-06,1.831620216594799e-06,1.1169631227493675e-07,-7.30579198361686e-12,-5.229164080911008e-10,1.0801952388117542e-10,1.2502176547540623e-07,1.0909674251838308e-06,-1.46528861255657e-06,1.2898925190379186e-07,-1.0908684171528904e-06,1.4656740726336215e-06,1.116963122722763e-07,7.528838663617421e-13,-1.6580833928081518e-13
735,0.735,-0.35440881763527055,0.0,0.0,rev,2.58125463649819e-06,3,4.0749707220580397e+17,5.324550354509176e-10,1.8232620331808538e-06,1.8237839243957763e-06,1.1136862400065637e-07,-7.305779563043359e-12,-5.214065325331863e-10,1.0765787566979768e-10,1.2451045411027353e-07,1.087949184769288e-06,-1.457788791223158e-06,1.2845855027538588e-07,-1.0878506170042268e-06,1.4581725682610847e-06,1.1136862399808868e-07,7.371742105632961e-13,-1.688059414473031e-13
736,0.736,-0.3527254509018036,0.0,0.0,rev,2.5701619012238066e-06,3,4.9351452684443923e+17,5.308141121334928e-10,1.8154223910332262e-06,1.8159415817589915e-06,1.110388693773725e-07,-7.305766440253075e-12,-5.198086266977597e-10,1.0728112148639113e-10,1.2399850713683096e-07,1.0849098854293082e-06,-1.4502942351779513e-06,1.2792720384588117e-07,-1.0848117531353507e-06,1.4506763660916688e-06,1.1103886937491928e-07,7.197020757132577e-13,-1.638168767303938e-13
737,0.737,-0.35104208416833665,0.0,0.0,rev,2.5590604755542967e-06,3,4.563547896018035e+17,5.292319672506393e-10,1.807576647718992e-06,1.8080931527443434e-06,1.1070705071358294e-07,-7.30575378175596e-12,-5.182685131749354e-10,1.0691515034411125e-10,1.2348592336945008e-07,1.0818495508047032e-06,-1.4428049464609849e-06,1.2739521163193336e-07,-1.081751852496926e-06,1.4431854484693585e-06,1.1070705071106405e-07,7.269324031611291e-13,-1.7113394035206397e-13
738,0.738,-0.34935871743486974,0.0,0.0,rev,2.5479503184248336e-06,3,3.3649295786391494e+17,5.276927089884141e-10,1.7997247741970565e-06,1.8002386083833227e-06,1.1037317033159453e-07,-7.30574145405168e-12,-5.167713132414598e-10,1.0655341886600667e-10,1.229727016142279e-07,1.0787680620114037e-06,-1.435321025380909e-06,1.2686257264366645e-07,-1.0786707956150776e-06,1.4356999162301598e-06,1.1037317032927375e-07,6.9784455991595e-13,-1.591053677696408e-13
739,0.739,-0.3476753507014028,0.0,0.0,rev,2.5368313888589633e-06,3,8.072144081898157e+17,5.260986033446246e-10,1.791866765445253e-06,1.792377895843633e-06,1.1003723053709207e-07,-7.305728703069155e-12,-5.152191971669051e-10,1.0618637219517169e-10,1.2245884066738904e-07,1.0756655248120306e-06,-1.4278424339472795e-06,1.2632928587969427e-07,-1.0755686944419196e-06,1.428219666779057e-06,1.1003723053463069e-07,7.171763183322355e-13,-1.6536771951791707e-13
740,0.74,-0.3459919839679359,0.0,0.0,rev,2.5257036459386347e-06,3,7.693870081406588e+17,5.24502130723027e-10,1.7840025729916395e-06,1.784511005765967e-06,1.0969923365536259e-07,-7.3057159376606e-12,-5.136643731890045e-10,1.0582071330311749e-10,1.2194433931398226e-07,1.0725418055010372e-06,-1.4203692597358764e-06,1.2579535032998211e-07,-1.0724454128502314e-06,1.4207448384533083e-06,1.0969923365300412e-07,7.020634074095256e-13,-1.5669063269108108e-13
741,0.741,-0.3443086172344689,0.0,0.0,rev,2.5145670488229386e-06,3,4.430672878387943e+17,5.22817104706349e-10,1.7761321671494614e-06,1.7766379101601286e-06,1.0935918199761496e-07,-7.305702462266382e-12,-5.120234722322259e-10,1.054339393569137e-10,1.214291963297377e-07,1.0693969737241016e-06,-1.4129014608427193e-06,1.252607649738034e-07,-1.0693010146639592e-06,1.4132753958853717e-06,1.0935918199515383e-07,7.15344450341604e-13,-1.6302237337839642e-13
742,0.742,-0.342625250501002,0.0,0.0,rev,2.5034215567487414e-06,3,1.1535135778076833e+18,5.212350572668275e-10,1.7682555204656702e-06,1.7687585788295614e-06,1.09017077872317e-07,-7.305689805225104e-12,-5.104833344232729e-10,1.0506844005941929e-10,1.2091341047746328e-07,1.0662311086262477e-06,-1.4054389904302744e-06,1.2472552877766392e-07,-1.0661355840102527e-06,1.4058112850455495e-06,1.0901707786997758e-07,6.929873341832149e-13,-1.7275070263167436e-13
743,0.743,-0.3409418837675351,0.0,0.0,rev,2.4922671290080764e-06,3,2.4693987754105037e+17,5.196173345902761e-10,1.7603726202428089e-06,1.7608729669978005e-06,1.0867292361860719e-07,-7.30567686499689e-12,-5.08908238466832e-10,1.0469577982341605e-10,1.2039698051376778e-07,1.0630439732095542e-06,-1.3979820600446002e-06,1.241896407051659e-07,-1.0629488940289145e-06,1.3983526692962212e-06,1.0867292361650244e-07,6.556005738289628e-13,-1.66269775725425e-13
744,0.744,-0.3392585170340681,0.0,0.0,rev,2.4811037249643273e-06,3,9.632139798028982e+17,5.180206028609249e-10,1.7524834109551384e-06,1.7529810727493357e-06,1.0832672152403404e-07,-7.30566409543258e-12,-5.073533208138636e-10,1.0432919111957872e-10,1.1987990518145459e-07,1.0598359365884824e-06,-1.390530366990328e-06,1.2365309970109011e-07,-1.059741312967044e-06,1.3908993140923642e-06,1.0832672152208017e-07,6.275951980327932e-13,-1.7157109066801013e-13
745,0.745,-0.3375751503006012,0.0,0.0,rev,2.4699313040650897e-06,3,4.902821134739477e+17,5.163616125098098e-10,1.7445878817902472e-06,1.7450828496230238e-06,1.0797847393607996e-07,-7.305650830711337e-12,-5.057375056932711e-10,1.0394959198967157e-10,1.1936218321625207e-07,1.0566067048800587e-06,-1.3830841687004214e-06,1.2311590470961898e-07,-1.0565125125039376e-06,1.3834514581215207e-06,1.079784739343439e-07,5.89764348468691e-13,-1.6460444118848727e-13
746,0.746,-0.3358917835671343,0.0,0.0,rev,2.4587498258091664e-06,3,3.5726916926216966e+17,5.147589648560653e-10,1.7366860012786403e-06,1.7371782718226421e-06,1.0762818315813019e-07,-7.30563801809393e-12,-5.041763864038762e-10,1.0358373880858807e-10,1.1884381334036456e-07,1.0533564645948124e-06,-1.3756433307962612e-06,1.2257805465711123e-07,-1.0532627219145274e-06,1.3760089415532084e-06,1.0762818315647006e-07,5.757894161462218e-13,-1.6068743557973164e-13
747,0.747,-0.33420841683366737,0.0,0.0,rev,2.447559249789872e-06,3,4.7668288425413805e+17,5.132012040965341e-10,1.7287777325219502e-06,1.7292673191491748e-06,1.0727585150152092e-07,-7.305625556770204e-12,-5.026597367507879e-10,1.0322447757671327e-10,1.183247942670591e-07,1.0500853581882352e-06,-1.368207744475991e-06,1.2203954846211148e-07,-1.049992063462124e-06,1.368571692077214e-06,1.072758514998932e-07,5.655198531684391e-13,-1.7151557951677887e-13
748,0.748,-0.3325250501002004,0.0,0.0,rev,2.4363595356546404e-06,3,1.6569442122156385e+18,5.115626431228783e-10,1.7208630576845062e-06,1.7213499524518155e-06,1.0692148133010033e-07,-7.305612459285029e-12,-5.010633886970428e-10,1.0285157447942339e-10,1.1780512470204189e-07,1.046792930808893e-06,-1.360777783440681e-06,1.215003850412616e-07,-1.046700071977158e-06,1.3611400642710159e-06,1.0692148132863971e-07,5.328931740322673e-13,-1.6842777172954015e-13
749,0.749,-0.3308416833667335,0.0,0.0,rev,2.4251506431342512e-06,3,9.728983001953403e+17,5.098842615837094e-10,1.7129419399544436e-06,1.7134261516219806e-06,1.0656507493315642e-07,-7.305599044387492e-12,-4.994281880416063e-10,1.0246986592576945e-10,1.1728480333678264e-07,1.0434795882849346e-06,-1.3533531369874785e-06,1.2096056328954437e-07,-1.0433871756310165e-06,1.353713751470198e-06,1.065650749318408e-07,5.038608419383195e-13,-1.6285583992470265e-13
750,0.75,-0.32915831663326656,0.0,0.0,rev,2.413932532045002e-06,3,9.159811552378633e+17,5.082693227230981e-10,1.7050143594694651e-06,1.7054958797040258e-06,1.0620663464685942e-07,-7.305586139205266e-12,-4.978545457834382e-10,1.0210379070008102e-10,1.1676382885324388e-07,1.0401452081240659e-06,-1.3459339212179566e-06,1.204200820975946e-07,-1.0400532460957956e-06,1.3462928525401208e-06,1.0620663464565649e-07,4.769795669545829e-13,-1.6735918206833844e-13
751,0.751,-0.3274749498997996,0.0,0.0,rev,2.4027051622388893e-06,3,4.968169319438718e+17,5.066024692994497e-10,1.697080282470622e-06,1.697559113749288e-06,1.0584616280013253e-07,-7.305572815535824e-12,-4.962306416472773e-10,1.0172433728694585e-10,1.1624219992485068e-07,1.0367897832347372e-06,-1.338520146089428e-06,1.1987894034698403e-07,-1.036698265483027e-06,1.3388773994205128e-06,1.0584616279909079e-07,4.390099395124025e-13,-1.667346816169868e-13
752,0.752,-0.32579158316633267,0.0,0.0,rev,2.391468493689823e-06,3,8.662395668856808e+17,5.049570759441983e-10,1.6891396934323493e-06,1.6896158126953057e-06,1.0548366172385455e-07,-7.305559664846392e-12,-4.946274986816768e-10,1.0135045580561552e-10,1.1571991521296355e-07,1.0334132779163396e-06,-1.3311118668909994e-06,1.1933713690772127e-07,-1.0333222014713428e-06,1.3314674123729442e-06,1.0548366172294708e-07,4.039268919342476e-13,-1.6820225767766317e-13
753,0.753,-0.32410821643286575,0.0,0.0,rev,2.3802224864141823e-06,3,4.2086481069146035e+17,5.03301848710079e-10,1.6811925383747241e-06,1.6816659740134252e-06,1.0511913373687271e-07,-7.305546440160691e-12,-4.930143186060443e-10,1.0097653962981568e-10,1.1519697336908127e-07,1.0300158062789833e-06,-1.3237089737661023e-06,1.1879467063900258e-07,-1.0299251885087513e-06,1.3240628310082214e-06,1.0511913373614846e-07,3.5579872381674704e-13,-1.602259991351218e-13
754,0.754,-0.32242484969939883,0.0,0.0,rev,2.368967100533056e-06,3,4.397520027153055e+17,5.017204950430998e-10,1.6732388072510148e-06,1.673709551365348e-06,1.0475258117175247e-07,-7.305533800245361e-12,-4.91473655175878e-10,1.0061675104200418e-10,1.1467337303368016e-07,1.0265973532375128e-06,-1.3163115124975588e-06,1.1825154039068915e-07,-1.026507183657377e-06,1.3166636766565043e-06,1.0475258117113218e-07,3.2411573425150664e-13,-1.578112640565621e-13
755,0.755,-0.32074148296593186,0.0,0.0,rev,2.3577022962202114e-06,3,5.598170830046685e+17,5.00023764149447e-10,1.6652784696236647e-06,1.665746518952259e-06,1.0438400636394757e-07,-7.305520249306392e-12,-4.898195269525951e-10,1.002358474000431e-10,1.1414911283955244e-07,1.023157876950398e-06,-1.3089195239832097e-06,1.177077450054588e-07,-1.0230681679740394e-06,1.309269978211347e-06,1.0438400636342183e-07,2.893379980051236e-13,-1.6137438607621846e-13
756,0.756,-0.31905811623246494,0.0,0.0,rev,2.346428033747544e-06,3,7.574065659617361e+17,4.983012644727141e-10,1.657311487923255e-06,1.6577768581586763e-06,1.0401341165142783e-07,-7.3055064872974e-12,-4.881407465739951e-10,9.984683913000225e-11,1.1362419140635288e-07,1.0196973213374982e-06,-1.301533051438486e-06,1.1716328331350709e-07,-1.01960805387602e-06,1.3018818275714605e-06,1.0401341165106407e-07,2.278038868652743e-13,-1.5420130450305436e-13
757,0.757,-0.317374749498998,0.0,0.0,rev,2.335144273439043e-06,3,9.543538688382542e+17,4.966176148611662e-10,1.6493378443679792e-06,1.6498005306675664e-06,1.036407993538428e-07,-7.305493035236293e-12,-4.86499883781133e-10,9.946631712720588e-11,1.130986073430745e-07,1.0162158328511084e-06,-1.2941520045745003e-06,1.1661815413271108e-07,-1.0161270200259587e-06,1.2944990831556535e-06,1.0364079935358663e-07,1.7887080705492053e-13,-1.4527615221915369e-13
758,0.758,-0.31569138276553105,0.0,0.0,rev,2.3238509757567325e-06,3,2.844529360116886e+17,4.949394155144549e-10,1.6413575314229886e-06,1.6418174881392232e-06,1.0326617181699104e-07,-7.305479627022375e-12,-4.84864277200403e-10,9.908727310881105e-11,1.1257235925001807e-07,1.0127132914553028e-06,-1.2867765148624755e-06,1.160723562751969e-07,-1.0126249351261052e-06,1.2871218330948175e-06,1.0326617181680671e-07,1.3389289676979388e-13,-1.4191425812271063e-13
759,0.759,-0.31400801603206413,0.0,0.0,rev,2.312548101169254e-06,3,3.547403637206962e+17,4.932557551620242e-10,1.6333704742599334e-06,1.6338277495110763e-06,1.0288953136123623e-07,-7.305466187587352e-12,-4.832221654066382e-10,9.871276018813546e-11,1.1204544571577772e-07,1.009189873828198e-06,-1.2794063947163536e-06,1.1552588853913551e-07,-1.0091019802815904e-06,1.279750005876712e-06,1.0288953136112756e-07,7.668865542598269e-14,-1.2837647611618763e-13
760,0.76,-0.3123246492985972,0.0,0.0,rev,2.301235610274755e-06,3,2.836454722099585e+17,4.915558243925493e-10,1.625376680437382e-06,1.6258312515358853e-06,1.0251088034500359e-07,-7.305452609675677e-12,-4.815650239686775e-10,9.833049652296921e-11,1.1151786531993114e-07,1.005645336796257e-06,-1.2720418922362864e-06,1.1497874971777117e-07,-1.0055578992806957e-06,1.2723837694572637e-06,1.0251088034494824e-07,6.716849298982197e-15,-1.0630385460785874e-13
761,0.761,-0.3106412825651303,0.0,0.0,rev,2.2899134637275455e-06,3,4.5034573276565824e+17,4.898630304460321e-10,1.617376120222215e-06,1.617827968317268e-06,1.0213022109175735e-07,-7.305439092326858e-12,-4.799144710104786e-10,9.795161903802807e-11,1.1098961663002978e-07,1.0020798314192003e-06,-1.2646828973020274e-06,1.1443093858907596e-07,-1.0019928782245557e-06,1.2650229908386934e-06,1.0213022109169702e-07,-9.060807659722059e-14,-6.41518088650983e-14
762,0.762,-0.3089579158316633,0.0,0.0,rev,2.2785816223093666e-06,3,7.952859436407837e+17,4.877794837083411e-10,1.6093687175791797e-06,1.6098179205556765e-06,1.0174755590432908e-07,-7.305422469530262e-12,-4.778815121397884e-10,9.749213242260524e-11,1.1046069820623388e-07,9.98493852190363e-07,-1.257328966663973e-06,1.1388245392176906e-07,-9.984073268409777e-07,1.2576674177783298e-06,1.017475559042021e-07,-1.5296097721773094e-13,-4.940318987234349e-14
763,0.763,-0.3072745490981964,0.0,0.0,rev,2.2672400468191472e-06,3,3.8061290218848877e+17,4.863754671067832e-10,1.6013544950063117e-06,1.6018010300194832e-06,1.0136288714809147e-07,-7.305411241142399e-12,-4.765141024820618e-10,9.717013998988833e-11,1.099311085863903e-07,9.94886972499609e-07,-1.249980512645077e-06,1.133332944693056e-07,-9.948008980881218e-07,1.2503172706554433e-06,1.0136288714803774e-07,-5.4789506265251475e-14,-8.883692392824827e-14
764,0.764,-0.3055911823647295,0.0,0.0,rev,2.255888698216591e-06,3,2.417503148785993e+18,4.84342107992512e-10,1.5933333885324803e-06,1.593777305872111e-06,1.0097621714398533e-07,-7.305395023518719e-12,-4.745296534186538e-10,9.672392053960976e-11,1.0940084631921269e-07,9.91259556257229e-07,-1.2426372093116145e-06,1.1278345899099422e-07,-9.91173921077726e-07,1.2429723449322583e-06,1.0097621714389701e-07,-1.2270739979669543e-13,-5.269916447669942e-14
765,0.765,-0.3039078156312625,0.0,0.0,rev,2.2445275374613455e-06,3,5.326531098492892e+17,4.829096405665443e-10,1.5853054671358416e-06,1.5857466235830271e-06,1.0058754835869074e-07,-7.30538357371115e-12,-4.731339729724393e-10,9.63981117152457e-11,1.0886990992339014e-07,9.876100151018363e-07,-1.2353004593679273e-06,1.1223294623194111e-07,-9.875248559582106e-07,1.235633755952703e-06,1.0058754835857618e-07,-1.4246936963502321e-13,-5.243548650835095e-14
766,0.766,-0.3022244488977956,0.0,0.0,rev,2.2331565257066925e-06,3,3.559611219905654e+17,4.811199010665291e-10,1.5772705704333445e-06,1.5777090888746923e-06,1.0019688297091706e-07,-7.305369292682719e-12,-4.713878593021192e-10,9.600248374042053e-11,1.0833829791797846e-07,9.839403827330284e-07,-1.227968480371766e-06,1.116817549082745e-07,-9.83855666936151e-07,1.228300118609471e-06,1.0019688297083865e-07,-1.039585084683381e-13,-7.005160340689542e-14
767,0.767,-0.3005410821643287,0.0,0.0,rev,2.2217756240703403e-06,3,7.885829402359034e+17,4.793300771593831e-10,1.5692287356118577e-06,1.5696646094885832e-06,9.98042233820307e-08,-7.305355008994076e-12,-4.696418566541016e-10,9.56058635037671e-11,1.0780600880677996e-07,9.802499363747996e-07,-1.2206419423288484e-06,1.1112988374389262e-07,-9.80165680883327e-07,1.2209718969896644e-06,9.980422338186575e-08,-1.74124603624648e-13,-5.1078932750137085e-14
768,0.768,-0.29885771543086176,0.0,0.0,rev,2.2103847938552227e-06,3,5.2454907825917843e+17,4.777636276647345e-10,1.5611799236018814e-06,1.5616131697066714e-06,9.940957192050099e-08,-7.305342492877905e-12,-4.681151525437466e-10,9.525187583125927e-11,1.0727304108147223e-07,9.76538870010868e-07,-1.2133206846801081e-06,1.1057733144361909e-07,-9.764550368829283e-07,1.2136490046624204e-06,9.940957192043608e-08,4.468647674116255e-15,-1.1352030426792226e-13
769,0.769,-0.2971743486973948,0.0,0.0,rev,2.198983996424008e-06,3,9.212390361707308e+17,4.75924311348848e-10,1.5531241610909378e-06,1.5535546883675039e-06,9.901293103363511e-08,-7.305327814749841e-12,-4.663208170302413e-10,9.484449337016088e-11,1.0673939323472324e-07,9.728060001781835e-07,-1.2060057411611425e-06,1.1002409672503697e-07,-9.727226407130196e-07,1.206332264400145e-06,9.901293103355206e-08,-1.0672018824209317e-13,-7.112019306809714e-14
770,0.77,-0.29549098196392787,0.0,0.0,rev,2.1875731932092494e-06,3,2.958541538125686e+17,4.740322102850811e-10,1.5450613374392563e-06,1.5454892214921008e-06,9.861430293487517e-08,-7.305312726300489e-12,-4.644739298037548e-10,9.443059528768671e-11,1.0620506373282091e-07,9.690528975439539e-07,-1.1986957506593399e-06,1.094701782566712e-07,-9.689699976139776e-07,1.1990205826192812e-06,9.861430293468937e-08,-1.8121615319444118e-13,-6.171452238135089e-14
771,0.771,-0.29380761523046095,0.0,0.0,rev,2.176152345745689e-06,3,6.201621820677435e+17,4.724501077556644e-10,1.5369914636334874e-06,1.5374167035955938e-06,9.821369002542072e-08,-7.305300088939493e-12,-4.6293157675292296e-10,9.407492840285414e-11,1.0567005103692269e-07,9.652788992842165e-07,-1.191391306915035e-06,1.0891557472100788e-07,-9.65196445018579e-07,1.1917144543058256e-06,9.82136900253496e-08,-8.433531650808845e-14,-8.282263763703668e-14
772,0.772,-0.292124248496994,0.0,0.0,rev,2.164721415709973e-06,3,3.6570506004341903e+18,4.704697212449615e-10,1.5289145041131259e-06,1.5293371162595642e-06,9.781109464178957e-08,-7.30528430209824e-12,-4.60997998455448e-10,9.3644203502663e-11,1.0513435360579813e-07,9.614842109428867e-07,-1.1840922433184464e-06,1.0836028479151017e-07,-9.614021965753672e-07,1.1844137285041412e-06,9.781109464162412e-08,-1.6975310046518644e-13,-5.957560833547149e-14
773,0.773,-0.29044088176352706,0.0,0.0,rev,2.153280364771895e-06,3,3.2888713698385786e+17,4.688992384213445e-10,1.5208304722191375e-06,1.5212503916963308e-06,9.740651918205412e-08,-7.305271763747455e-12,-4.594663989554437e-10,9.329392813839377e-11,1.0459796987485741e-07,9.576681673992282e-07,-1.1767991634423214e-06,1.0780430712534346e-07,-9.575866266042787e-07,1.1771188717160652e-06,9.740651918197158e-08,-1.016547956922409e-13,-7.581435479409038e-14
774,0.774,-0.28875751503006014,0.0,0.0,rev,2.1418291548029966e-06,3,1.133196604988284e+18,4.669790403349866e-10,1.5127392776892216e-06,1.5131565664671668e-06,9.699996591897192e-08,-7.305256448782964e-12,-4.575922904481722e-10,9.287277891179002e-11,1.0406089827957436e-07,9.538317702617594e-07,-1.169511182397276e-06,1.0724764036697589e-07,-9.53750692173072e-07,1.1698291992670584e-06,9.699996591876204e-08,-1.932481952238163e-13,-5.808548086960741e-14
775,0.775,-0.2870741482965932,0.0,0.0,rev,2.1303677476851484e-06,3,4.844115709902846e+17,4.654176370837767e-10,1.5046409217206263e-06,1.5050555852528988e-06,9.659143723060588e-08,-7.305243981993228e-12,-4.56069602222664e-10,9.252420357652724e-11,1.0352313723414771e-07,9.499746405905451e-07,-1.1622286546150717e-06,1.0669028315098768e-07,-9.498940025526315e-07,1.16254500218127e-06,9.659143723054301e-08,-2.9407032364758834e-14,-1.0621017954015599e-13
776,0.776,-0.28539078156312625,0.0,0.0,rev,2.118896105423492e-06,3,1.083620803843955e+18,4.6345170396421543e-10,1.4965354129206692e-06,1.4969473859505728e-06,9.618093554061397e-08,-7.305228304180998e-12,-4.541506632566028e-10,9.209392276554595e-11,1.0298468515854603e-07,9.46095985818185e-07,-1.1549522857534633e-06,1.061322341218122e-07,-9.46015828243163e-07,1.1552668427242119e-06,9.618093554040761e-08,-1.9152734953564732e-13,-5.489705912076204e-14
777,0.777,-0.28370741482965933,0.0,0.0,rev,2.107414190155908e-06,3,4.3776373162262464e+17,4.618394151541574e-10,1.488422650591063e-06,1.4888320154627456e-06,9.576846305255723e-08,-7.305215444394443e-12,-4.52577112938779e-10,9.174004611534059e-11,1.0244554043836627e-07,9.421975254164661e-07,-1.1476805832355552e-06,1.0557349186887186e-07,-9.421177908086609e-07,1.1479935001224018e-06,9.576846305247808e-08,-7.244205235679146e-15,-1.2291383189033667e-13
778,0.778,-0.2820240480961924,0.0,0.0,rev,2.0959219640717604e-06,3,3.926481868506157e+17,4.598685362236557e-10,1.4803026950559012e-06,1.4807093602189704e-06,9.53540223038244e-08,-7.305199727962805e-12,-4.506532542969399e-10,9.130908529275672e-11,1.0190570147600707e-07,9.382771191182582e-07,-1.1404154263844335e-06,1.0501405503086281e-07,-9.381978732930785e-07,1.1407265264884447e-06,9.535402230367814e-08,-1.535854776690826e-13,-6.562111964925066e-14
779,0.779,-0.28034068136272544,0.0,0.0,rev,2.0844193894897814e-06,3,6.311492335274042e+17,4.5805256363546325e-10,1.4721754501616685e-06,1.4725794629063089e-06,9.493761549911563e-08,-7.305185242296509e-12,-4.488810052827308e-10,9.09100017487674e-11,1.013651666380588e-07,9.343365148031801e-07,-1.1331553009877315e-06,1.0445392217883073e-07,-9.342577338561364e-07,1.1334646617539024e-06,9.493761549894127e-08,-1.715433350923945e-13,-6.066154523143297e-14
780,0.78,-0.2786573146292585,0.0,0.0,rev,2.0729064288136955e-06,3,3.673339319807426e+17,4.563425086720016e-10,1.4640408962732052e-06,1.4644422899958137e-06,9.451924502465381e-08,-7.305171606813063e-12,-4.472116461873288e-10,9.05365296621774e-11,1.008239342929213e-07,9.303753462780451e-07,-1.125900526366408e-06,1.0389309190356832e-07,-9.30297020224069e-07,1.126208195825762e-06,9.451924502454812e-08,-1.1513012765362873e-13,-8.201252177375551e-14
781,0.781,-0.2769739478957916,0.0,0.0,rev,2.061383044540469e-06,3,3.20402664319402e+17,4.542929227958536e-10,1.4558990380802718e-06,1.4562977838937638e-06,9.40989132770646e-08,-7.305155267785739e-12,-4.4521046051182456e-10,9.009073348442698e-11,1.0028200280270047e-07,9.263931849343154e-07,-1.1186515078004389e-06,1.0333156279067716e-07,-9.263153020466763e-07,1.11895745437407e-06,9.409891327682795e-08,-2.0174140136219876e-13,-6.197473090274741e-14
782,0.782,-0.27529058116232463,0.0,0.0,rev,2.049849199297276e-06,3,1.037350286794433e+18,4.5269720223457175e-10,1.4477498100487188e-06,1.448145957014255e-06,9.367662254848775e-08,-7.30514253584822e-12,-4.436534438434503e-10,8.973858461880369e-11,9.973937050219361e-08,9.223906962674278e-07,-1.1114076542417806e-06,1.0276933338913056e-07,-9.223132681757118e-07,1.1117119286391253e-06,9.367662254840958e-08,-4.7281623061223854e-14,-1.1138485966899481e-13
783,0.783,-0.2736072144288577,0.0,0.0,rev,2.0383048557959517e-06,3,5.966384407399133e+17,4.505924788012228e-10,1.4395932299229697e-06,1.4399867391724488e-06,9.325237527925276e-08,-7.305125766157581e-12,-4.4159758141870675e-10,8.928489891868452e-11,9.919603573885853e-08,9.183670049706105e-07,-1.104169759735818e-06,1.0220640227453639e-07,-9.182900510967817e-07,1.1044722913605698e-06,9.325237527900191e-08,-2.0433654768226006e-13,-7.09432512735475e-14
784,0.784,-0.2719238476953908,0.0,0.0,rev,2.0267499768494555e-06,3,2.277170526261335e+18,4.4894636694848667e-10,1.4314292643740782e-06,1.431820110788787e-06,9.282617379112023e-08,-7.305112629920649e-12,-4.3999156575103004e-10,8.892073882771356e-11,9.865199682522072e-08,9.143224571281361e-07,-1.0969375400723957e-06,1.016427679772347e-07,-9.142459589384089e-07,1.0972383077262338e-06,9.282617379100696e-08,-1.16531784222218e-13,-8.630769710027408e-14
785,0.785,-0.2702404809619239,0.0,0.0,rev,2.01518452539094e-06,3,8.174424264091862e+17,4.469361919678473e-10,1.423257858862256e-06,1.4236460742164233e-06,9.239802042327795e-08,-7.305096617503935e-12,-4.3802767923234454e-10,8.8489250649193e-11,9.81072520817812e-08,9.102573528679825e-07,-1.0897107191598643e-06,1.0107842903669529e-07,-9.101813284312366e-07,1.0900097454566438e-06,9.239802042297752e-08,-2.2512547381836612e-13,-6.955547249276606e-14
786,0.786,-0.2685571142284569,0.0,0.0,rev,2.003608464444617e-06,3,2.7088488236613168e+17,4.4523691200240185e-10,1.4150789841297276e-06,1.4154646061916348e-06,9.196791751120074e-08,-7.305083068364911e-12,-4.3636872761043666e-10,8.811854024237675e-11,9.756179980282566e-08,9.061719272382418e-07,-1.0824891061023134e-06,1.005133839669306e-07,-9.060963418322521e-07,1.0827864657184105e-06,9.196791751110541e-08,-5.746791931215967e-14,-1.19298668166401e-13
787,0.787,-0.26687374749499,0.0,0.0,rev,1.992021757190149e-06,3,5.4207505349487405e+17,4.4307413828654503e-10,1.406892661528122e-06,1.4072756335228934e-06,9.153586747986967e-08,-7.305065839555945e-12,-4.3425582574307953e-10,8.765389802878332e-11,9.701563829023987e-08,9.020654766836445e-07,-1.0752733618779597e-06,9.994763129776144e-08,-9.019903591117595e-07,1.0755689525895895e-06,9.153586747962497e-08,-1.9488577418513842e-13,-8.257283745649602e-14
788,0.788,-0.26519038076152307,0.0,0.0,rev,1.9804243668223942e-06,3,9.490376520689219e+17,4.4143354463539235e-10,1.3986988447275732e-06,1.3990791501513998e-06,9.110187270136397e-08,-7.305052759143778e-12,-4.3265406448472765e-10,8.729645478711134e-11,9.646876581480465e-08,8.979377706386238e-07,-1.068063666419261e-06,9.938116952402237e-08,-8.97863138074606e-07,1.0683574480571667e-06,9.110187270117142e-08,-1.7687240561059525e-13,-6.165033761273975e-14
789,0.789,-0.2635070140280561,0.0,0.0,rev,1.9688162567556654e-06,3,2.7066513468996986e+17,4.3962967595638034e-10,1.3904974621830641e-06,1.390875176069408e-06,9.066593543050889e-08,-7.305038376577273e-12,-4.3089295412995776e-10,8.690310970838055e-11,9.59211806488938e-08,8.937901482958255e-07,-1.0608588455821022e-06,9.881399713030974e-08,-8.93715983010801e-07,1.0611509275726405e-06,9.066593543038927e-08,-1.2040368702059823e-13,-8.479848767617426e-14
790,0.79,-0.2618236472945892,0.0,0.0,rev,1.957197390419934e-06,3,4.3350715780761024e+17,4.375812457370789e-10,1.3822885645326708e-06,1.3826636089366338e-06,9.022805812930379e-08,-7.305022064390305e-12,-4.2889119079153604e-10,8.6465772042299e-11,9.537288105622738e-08,8.896214394663038e-07,-1.053659994323941e-06,9.824611261317207e-08,-8.895477496134729e-07,1.053950263528447e-06,9.02280581289509e-08,-2.3994695119711196e-13,-7.815623148665907e-14
791,0.791,-0.26014028056112226,0.0,0.0,rev,1.9455677314327068e-06,3,4.451965612393986e+17,4.3581315435947586e-10,1.3740720382646638e-06,1.3744445106015302e-06,8.978824308123729e-08,-7.305007972091403e-12,-4.27164535514446e-10,8.60825299930923e-11,9.482386527593294e-08,8.854325279430975e-07,-1.0464662628939525e-06,9.767751442809759e-08,-8.853592831647994e-07,1.0467548689219175e-06,8.97882430811278e-08,-9.181544413650045e-14,-1.0597946131785108e-13
792,0.792,-0.25845691382765534,0.0,0.0,rev,1.9339272434981084e-06,3,1.0265048153151791e+18,4.336854361432883e-10,1.3658479397707164e-06,1.3662177735352445e-06,8.934649272144099e-08,-7.304991020818077e-12,-4.2508597770246626e-10,8.562479891782715e-11,9.427413155474704e-08,8.812226156423852e-07,-1.0392784441023983e-06,9.710820105235658e-08,-8.81149855636032e-07,1.0395652619843432e-06,8.934649272110691e-08,-2.288308431630526e-13,-8.56328896681191e-14
793,0.793,-0.25677354709418837,0.0,0.0,rev,1.922275890402994e-06,3,8.591176603135421e+17,4.3201554432844244e-10,1.3576162064734252e-06,1.3579834088055825e-06,8.890280938569074e-08,-7.304977705407206e-12,-4.234557201415745e-10,8.526031269884271e-11,9.372367810908961e-08,8.769919639731172e-07,-1.0320962800861033e-06,9.653817092458159e-08,-8.769196733343643e-07,1.0323813281268301e-06,8.89028093855148e-08,-1.6013579351437102e-13,-7.511352650979575e-14
794,0.794,-0.25509018036072145,0.0,0.0,rev,1.9106136361260227e-06,3,6.833724627948961e+17,4.3000076279345044e-10,1.349376816245417e-06,1.3497413878241633e-06,8.845719543332533e-08,-7.304961661729683e-12,-4.2148673874004006e-10,8.483055230490422e-11,9.317250316226389e-08,8.727407148148569e-07,-1.0249196659151139e-06,9.59674224919831e-08,-8.726688916632641e-07,1.025202942518677e-06,8.845719543303292e-08,-2.1635471192382738e-13,-7.015915626240599e-14
795,0.795,-0.25340681362725453,0.0,0.0,rev,1.898940444673863e-06,3,7.902281423464932e+17,4.28164202090002e-10,1.3411297171108068e-06,1.3414917114624932e-06,8.800965318249648e-08,-7.304947031300162e-12,-4.196924925647938e-10,8.443597210305853e-11,9.262060491119528e-08,8.684693634797291e-07,-1.0177481546830291e-06,9.539595417253045e-08,-8.683979913076678e-07,1.0180297405001926e-06,8.8009653182384e-08,-9.192646643896296e-14,-1.0653630755363963e-13
796,0.796,-0.25172344689378756,0.0,0.0,rev,1.8872562802658338e-06,3,4.871751849352368e+17,4.2604621806925887e-10,1.3328749325126556e-06,1.3332343057976478e-06,8.75601850791754e-08,-7.304930167191819e-12,-4.1762252423610535e-10,8.398479134363868e-11,9.20679815573781e-08,8.6417699302066e-07,-1.0105826028714016e-06,9.482376440074489e-08,-8.641061106789971e-07,1.0108624027768687e-06,8.756018507878482e-08,-2.466915560717098e-13,-8.684372665435092e-14
797,0.797,-0.25004008016032064,0.0,0.0,rev,1.8755611071728023e-06,3,5.3015255500493536e+17,4.2422007112360855e-10,1.3246124078898606e-06,1.3249691746389153e-06,8.710879345678623e-08,-7.304915618633326e-12,-4.15838500786303e-10,8.359215403208609e-11,9.151463127577219e-08,8.598639486198656e-07,-1.00342268923026e-06,9.42508515748737e-08,-8.597935172161009e-07,1.0037007514562823e-06,8.710879345663483e-08,-1.3580803148727227e-13,-8.905723380969732e-14
798,0.798,-0.24835671342685373,0.0,0.0,rev,1.8638548898147866e-06,3,3.416588749847658e+17,4.221394075923972e-10,1.316342143217733e-06,1.3166962678390267e-06,8.665548068376319e-08,-7.30489905289234e-12,-4.1380488792486236e-10,8.314945953991071e-11,9.096055224372447e-08,8.555302390828023e-07,-9.96268450750848e-07,9.367721409846131e-08,-8.554602941718281e-07,9.965446936266442e-07,8.665548068332104e-08,-2.630118345336996e-13,-8.634065684631764e-14
799,0.799,-0.2466733466933868,0.0,0.0,rev,1.8521375927205407e-06,3,1.0402425671905268e+18,4.204482755887196e-10,1.3080640616069658e-06,1.30841561186986e-06,8.620024906805363e-08,-7.304885576254042e-12,-4.121530963741016e-10,8.278415453144561e-11,9.040574261235144e-08,8.511764969312829e-07,-9.891192860531084e-07,9.310285034425999e-08,-8.511070211242311e-07,9.893938099844735e-07,8.620024906789966e-08,-1.2406742300186124e-13,-1.0559435270618422e-13
800,0.8,-0.2449899799599199,0.0,0.0,rev,1.840409180556811e-06,3,1.074499984425035e+18,4.1824992669850667e-10,1.2997781982941838e-06,1.3001271217850717e-06,8.5743101079808e-08,-7.304868075918077e-12,-4.1000421547449095e-10,8.231757636645298e-11,8.985020054478238e-08,8.468016071336293e-07,-9.819762443047386e-07,9.252775871183872e-08,-8.467326054750757e-07,9.82248971236055e-07,8.574310107933803e-08,-2.7029767313280217e-13,-8.678821550311966e-14
801,0.801,-0.24330661322645286,0.0,0.0,rev,1.8286696181375383e-06,3,3.256412873436155e+17,4.1645305565093857e-10,1.291484476894461e-06,1.2918308238702029e-06,8.528403898512674e-08,-7.304853766461103e-12,-4.0824821908452824e-10,8.193398737255109e-11,8.929392416567908e-08,8.424066577569778e-07,-9.748383312802034e-07,9.195193754434076e-08,-8.423381172850686e-07,9.751093348192574e-07,8.528403898497408e-08,-1.1005085731596864e-13,-1.1802711585851e-13
802,0.802,-0.24162324649298594,0.0,0.0,rev,1.8169188703801933e-06,3,2.507082127665052e+18,4.143035896777253e-10,1.2831829184818873e-06,1.283526647645462e-06,8.482306523865713e-08,-7.304836647448783e-12,-4.0614780982828336e-10,8.147429259031114e-11,8.873691161404039e-08,8.37990696903046e-07,-9.677064403551539e-07,9.137538521646165e-08,-8.37922656218848e-07,9.679756279926122e-07,8.482306523812975e-08,-2.83398304823379e-13,-9.568387748792873e-14
803,0.803,-0.23993987975951903,0.0,0.0,rev,1.8051569023026807e-06,3,2.9045780355421984e+17,4.124674546806415e-10,1.274873464331902e-06,1.275214602101967e-06,8.436018213532566e-08,-7.304822029698286e-12,-4.043530631853143e-10,8.108416021945786e-11,8.81791609960503e-08,8.335545344934081e-07,-9.60579837207265e-07,9.079810005627574e-08,-8.334869493892283e-07,9.608472779989996e-07,8.436018213516763e-08,-1.3126999487411695e-13,-9.710635073822971e-14
804,0.804,-0.2382565130260521,0.0,0.0,rev,1.7933836791232224e-06,3,2.1016879379313823e+18,4.103080705774955e-10,1.2665561146412672e-06,1.2668946380191e-06,8.389539210292106e-08,-7.304804834744169e-12,-4.0224265064614517e-10,8.062383399787265e-11,8.762067042628636e-08,8.290975172242643e-07,-9.534591320983776e-07,9.022008041224442e-08,-8.290304233521395e-07,9.537247601318355e-07,8.38953921023929e-08,-2.8411994978938537e-13,-8.88490669925801e-14
805,0.805,-0.2365731462925852,0.0,0.0,rev,1.7815991661193497e-06,3,2.8014306629449635e+17,4.084798061981219e-10,1.2582308056763638e-06,1.2585667697643803e-06,8.342869742044244e-08,-7.304790279859399e-12,-4.004555393885556e-10,8.023560982284295e-11,8.706143798818417e-08,8.246206452955374e-07,-9.463434142639726e-07,8.96413245889465e-08,-8.245540026180498e-07,9.466073334005176e-07,8.342869742029583e-08,-1.1024514634527804e-13,-1.1094944407652463e-13
806,0.806,-0.23488977955911827,0.0,0.0,rev,1.7698033287554793e-06,3,1.0008751282176748e+18,4.061140718010593e-10,1.2498975673088719e-06,1.2502309188673067e-06,8.296010058401643e-08,-7.304771463234234e-12,-3.981414789869242e-10,7.974109567099319e-11,8.650146177958334e-08,8.201224942286367e-07,-9.392340072286731e-07,8.906183092513886e-08,-8.200563408611306e-07,9.394961088676768e-07,8.2960100583433e-08,-2.9445890170620714e-13,-1.004873267929085e-13
807,0.807,-0.23320641282565135,0.0,0.0,rev,1.7579961326183583e-06,3,1.0014640468636009e+18,4.0440103926699943e-10,1.241556339237844e-06,1.2418870965261687e-06,8.248960383606196e-08,-7.304757817083467e-12,-3.96467767470321e-10,7.937348694975199e-11,8.5940739854548e-08,8.156044302987109e-07,-9.321296830441805e-07,8.848159769359323e-08,-8.155387494213073e-07,9.323900018662346e-07,8.248960383588317e-08,-1.395827897709978e-13,-1.0006578898824614e-13
808,0.808,-0.23152304609218433,0.0,0.0,rev,1.7461775433920203e-06,3,3.225378667161762e+17,4.021684336711232e-10,1.2332071139698815e-06,1.2335352620347005e-06,8.201720964651152e-08,-7.304740054087879e-12,-3.9428440980898705e-10,7.890433445512102e-11,8.537927029068544e-08,8.110653919729538e-07,-9.250314027611783e-07,8.790062321095331e-08,-8.110002070876865e-07,9.252898936149001e-07,8.201720964591051e-08,-3.0005165019275637e-13,-9.249892518603531e-14
809,0.809,-0.2298396793587174,0.0,0.0,rev,1.7343475269766674e-06,3,6.300494395497673e+17,4.002748753439695e-10,1.224849824300729e-06,1.2251754340399695e-06,8.154292026627214e-08,-7.304724978198437e-12,-3.92433551800464e-10,7.850174676971022e-11,8.48170511235282e-08,8.065066929296982e-07,-9.179379685947398e-07,8.731890573291137e-08,-8.064419529801858e-07,9.181947665665158e-07,8.15429202661074e-08,-1.0583200982239305e-13,-1.2517417657953445e-13
810,0.81,-0.2281563126252505,0.0,0.0,rev,1.7225060493520693e-06,3,2.8073638209549994e+17,3.9803621535568507e-10,1.2164845230646684e-06,1.216807511779446e-06,8.106673820306517e-08,-7.304707162792686e-12,-3.9024461787051656e-10,7.802953422286762e-11,8.425408040525e-08,8.019267483880266e-07,-9.1085088516768e-07,8.673644355509871e-08,-8.018625117373057e-07,9.111058239044678e-07,8.106673820243351e-08,-3.0213331836392854e-13,-1.0549547346805355e-13
811,0.811,-0.22647294589178357,0.0,0.0,rev,1.7106530766286702e-06,3,3.4561607111922925e+17,3.9612510758041563e-10,1.2081111223156896e-06,1.2084315349902681e-06,8.058866571809915e-08,-7.304691950610349e-12,-3.883762781861644e-10,7.762479548034662e-11,8.369035615132715e-08,7.973267775185366e-07,-9.037690069935156e-07,8.61532349148446e-08,-7.97263010894611e-07,9.040221713718655e-07,8.058866571788746e-08,-1.5761003613334879e-13,-9.632745989751612e-14
812,0.812,-0.22478957915831665,0.0,0.0,rev,1.6987885751281153e-06,3,4.171297780727575e+17,3.939781919059538e-10,1.1997296350942885e-06,1.200047443140015e-06,8.010870524877124e-08,-7.304674874108495e-12,-3.862762210787851e-10,7.717602251711142e-11,8.312587638718935e-08,7.927060327803104e-07,-8.966930531636996e-07,8.556927807527176e-08,-7.92642765812257e-07,8.969443741069227e-07,8.010870524812857e-08,-3.0828117836279034e-13,-8.904682546884146e-14
813,0.8130000000000001,-0.22310621242484974,0.0,0.0,rev,1.6869125112437442e-06,3,1.3762705325141857e+18,3.92045324322567e-10,1.191339980110545e-06,1.1916552697820429e-06,7.962685904914105e-08,-7.304659491672535e-12,-3.843863222510735e-10,7.67680502500312e-11,8.256063910798136e-08,7.88065840508223e-07,-8.896217848636256e-07,8.49845712534083e-08,-7.880030178097908e-07,8.898714224936377e-07,7.962685904897827e-08,-9.735268147181841e-14,-1.2823943296158546e-13
814,0.8140000000000001,-0.22142284569138282,0.0,0.0,rev,1.6750248515595528e-06,3,6.662180116772622e+17,3.8967708946870474e-10,1.1829422272172806e-06,1.183254897976685e-06,7.91431296719552e-08,-7.304640656121478e-12,-3.82069650223249e-10,7.627357773154486e-11,8.199464232300957e-08,7.834040783027962e-07,-8.825572172174723e-07,8.439911270763885e-08,-7.833417695890521e-07,8.8280497018145e-07,7.914312967123833e-08,-3.165107065328243e-13,-1.1528625276646665e-13
815,0.8150000000000001,-0.2197394789579158,0.0,0.0,rev,1.6631255627670408e-06,3,4.6831504281495565e+17,3.8777049337512087e-10,1.174536275833721e-06,1.1748463808374414e-06,7.86575193293613e-08,-7.304625483326173e-12,-3.802053576487663e-10,7.587149658538905e-11,8.142788399827556e-08,7.78722523131492e-07,-8.754976841343631e-07,8.381290062300845e-08,-7.786606870258117e-07,8.757436558357035e-07,7.865751932911867e-08,-1.7330581414398694e-13,-9.019174296298615e-14
816,0.8160000000000001,-0.21805611222444887,0.0,0.0,rev,1.6512146117705742e-06,3,2.0144141559138426e+17,3.8561239209553875e-10,1.1661221565234533e-06,1.166429641181951e-06,7.817003047822574e-08,-7.30460831780645e-12,-3.780943405584658e-10,7.542035052043872e-11,8.086036211703278e-08,7.740202137979102e-07,-8.684441227882478e-07,8.322593322368346e-08,-7.739588756480731e-07,8.686882125782946e-07,7.817003047765355e-08,-2.8603508450686377e-13,-8.741792012489924e-14
817,0.8170000000000001,-0.21637274549098195,0.0,0.0,rev,1.6392919655746402e-06,3,6.098770635113198e+17,3.8359788705987415e-10,1.1576997491813614e-06,1.1580047522455496e-06,7.768066537024995e-08,-7.304592291863678e-12,-3.7612401474623747e-10,7.499804943744692e-11,8.029207462980324e-08,7.692984988413865e-07,-8.613952122496493e-07,8.263820868345788e-08,-7.692376177703686e-07,8.616376385092717e-07,7.768066537002822e-08,-1.3834766665610232e-13,-1.2372915192404577e-13
818,0.8180000000000001,-0.21468937875751504,0.0,0.0,rev,1.627357591353207e-06,3,2.8882364950716026e+17,3.8124505632979726e-10,1.1492691711486645e-06,1.1495715503884174e-06,7.718942655539503e-08,-7.304573574447247e-12,-3.7382277221637006e-10,7.45048397976511e-11,7.9723019499412e-08,7.645552832086233e-07,-8.543530223698026e-07,8.204972521551677e-08,-7.644949037780013e-07,8.54593549093341e-07,7.718942655456565e-08,-3.388817004790212e-13,-1.1487685802613612e-13
819,0.8190000000000001,-0.21300601202404812,0.0,0.0,rev,1.6154114564072666e-06,3,4.5375395008011846e+17,3.793212595972441e-10,1.1408302862521152e-06,1.1411301252069349e-06,7.669631622412018e-08,-7.30455826377086e-12,-3.7194170486587463e-10,7.409878266528835e-11,7.915319464708993e-08,7.597925823984997e-07,-8.473156115282321e-07,8.146048095977228e-08,-7.597326839720031e-07,8.475543649827388e-07,7.669631622385844e-08,-1.7291723608536813e-13,-1.0123325788757853e-13
820,0.8200000000000001,-0.2113226452905812,0.0,0.0,rev,1.6034535282493224e-06,3,4.2353160291740634e+17,3.7696136597226937e-10,1.1323831376368098e-06,1.1326803878447899e-06,7.620133688407007e-08,-7.30453950540568e-12,-3.6963214780638687e-10,7.361107556835833e-11,7.85825980150944e-08,7.550088665514432e-07,-8.402844501251283e-07,8.087047410550619e-08,-7.549494631595155e-07,8.405213474393936e-07,7.620133688331815e-08,-3.2440716779547074e-13,-9.671950740308688e-14
821,0.8210000000000001,-0.20963927855711428,0.0,0.0,rev,1.5914837745022053e-06,3,3.839101819759833e+17,3.749963751416122e-10,1.123927633467439e-06,1.1242223840019664e-06,7.570449074342885e-08,-7.304523871268587e-12,-3.6771036649591027e-10,7.319844036457468e-11,7.80112275022998e-08,7.502059207464828e-07,-8.332578533276624e-07,8.027970277277146e-08,-7.501469854245824e-07,8.334930343273372e-07,7.570449074320593e-08,-1.3657130981670207e-13,-1.228808721442931e-13
822,0.8220000000000001,-0.20795591182364725,0.0,0.0,rev,1.579502162962662e-06,3,2.394395850540466e+17,3.7262967309516366e-10,1.1154638515279762e-06,1.1157559905661035e-06,7.520578037013226e-08,-7.304505067825372e-12,-3.6539331716572976e-10,7.271341861958547e-11,7.74390810305976e-08,7.453814819327609e-07,-8.26238003959201e-07,7.968816513679964e-08,-7.453230417009404e-07,8.264712882677383e-07,7.52057803692042e-08,-3.542166560066562e-13,-1.1883029282788726e-13
823,0.8230000000000001,-0.20627254509018034,0.0,0.0,rev,1.5675086615972774e-06,3,8.059297011238895e+17,3.7058853459149194e-10,1.106991666729933e-06,1.1072812870013063e-06,7.470520794323443e-08,-7.304488822580476e-12,-3.6339752301078887e-10,7.228240922474427e-11,7.686615647590351e-08,7.405376741057013e-07,-8.192228618808528e-07,7.909585929288253e-08,-7.404797175841749e-07,8.194543803241583e-07,7.470520794296e-08,-1.759703494030873e-13,-1.0018375018461256e-13
824,0.8240000000000001,-0.20458917835671342,0.0,0.0,rev,1.5555032385283252e-06,3,3.046504154861916e+17,3.6826380368291983e-10,1.0985111403643585e-06,1.098798167083613e-06,7.42027759788545e-08,-7.30447034000393e-12,-3.611226682270763e-10,7.180036426523984e-11,7.629245173311109e-08,7.356728276286528e-07,-8.122140592245475e-07,7.850278338535336e-08,-7.356153781251651e-07,8.124436844808569e-07,7.420277597808998e-08,-3.2403246752465975e-13,-9.198718176062215e-14
825,0.8250000000000001,-0.2029058116232465,0.0,0.0,rev,1.5434858620269554e-06,3,3.3314837955519354e+17,3.6628219769209674e-10,1.0900221603127625e-06,1.090306697770878e-06,7.369848667039792e-08,-7.304454582385314e-12,-3.5918385106470385e-10,7.138805518946967e-11,7.57179646570664e-08,7.307889227092801e-07,-8.052096933386377e-07,7.790893549056373e-08,-7.30731928556827e-07,8.05437608733528e-07,7.369848667013704e-08,-1.4623025013094093e-13,-1.3064375969928932e-13
826,0.8260000000000001,-0.20122244488977958,0.0,0.0,rev,1.531456500576355e-06,3,1.0536133710442766e+18,3.6387096922370644e-10,1.0815248127074613e-06,1.081806748563448e-06,7.319234260606575e-08,-7.304435421123619e-12,-3.5682348655668994e-10,7.089236142565625e-11,7.514269312540518e-08,7.258834076664944e-07,-7.982122365926547e-07,7.731431374284898e-08,-7.258269336188339e-07,7.984382258893752e-07,7.319234260501468e-08,-3.7445047063044967e-13,-1.1682668721313405e-13
827,0.8270000000000001,-0.19953907815631267,0.0,0.0,rev,1.5194151227801182e-06,3,3.335084374097777e+17,3.6181385052484584e-10,1.073018972748251e-06,1.0732983995155637e-06,7.268434593003155e-08,-7.30441905382657e-12,-3.548115690144016e-10,7.046033201341118e-11,7.456663496613926e-08,7.209588246057108e-07,-7.912192528311546e-07,7.671891618828304e-08,-7.209028209040347e-07,7.914434819455973e-07,7.268434592972001e-08,-1.7680301667155618e-13,-1.1843651059884053e-13
828,0.8280000000000001,-0.19785571142284575,0.0,0.0,rev,1.5073616974239767e-06,3,2.6786698913882272e+17,3.594124631935818e-10,1.0645047032386208e-06,1.0647815438541097e-06,7.217449919527048e-08,-7.30439996519795e-12,-3.5246135263872214e-10,6.996398599357079e-11,7.39897880317052e-08,7.160130336969495e-07,-7.842328162352419e-07,7.612274093357442e-08,-7.159575467347024e-07,7.844551330182803e-07,7.217449919426908e-08,-3.6357028498912314e-13,-1.1121659149182506e-13
829,0.8290000000000001,-0.19617234468937872,0.0,0.0,rev,1.4952961934841958e-06,3,3.252891723414142e+17,3.573087373874246e-10,1.055981889572578e-06,1.0562562520114287e-06,7.166280458012239e-08,-7.30438324362937e-12,-3.5040233388461406e-10,6.952973613527647e-11,7.341215013044557e-08,7.110481656177892e-07,-7.772508690828683e-07,7.552578600907697e-08,-7.109931527415903e-07,7.774714543412609e-07,7.166280457982513e-08,-1.6787959911113148e-13,-1.2008796734797045e-13
830,0.8300000000000001,-0.1944889779559118,0.0,0.0,rev,1.4832185801207148e-06,3,2.800436296780384e+17,3.548862969369518e-10,1.047450625888126e-06,1.0477223863877573e-06,7.114926464512507e-08,-7.304363994567416e-12,-3.480308333192461e-10,6.903237703692611e-11,7.283371909169083e-08,7.060619756221742e-07,-7.702756322364168e-07,7.492804949990075e-08,-7.060074763767799e-07,7.704942761865841e-07,7.114926464401771e-08,-3.794603520290707e-13,-1.1655953979783362e-13
831,0.8310000000000001,-0.19280561122244488,0.0,0.0,rev,1.4711288266198443e-06,3,4.139192018093751e+18,3.527859168463967e-10,1.038910759894537e-06,1.0391800555280902e-06,7.063388154397036e-08,-7.304347285651391e-12,-3.4597631703991993e-10,6.859254830793304e-11,7.225449269961233e-08,7.010568621387825e-07,-7.633047434396634e-07,7.432952941096762e-08,-7.010028343773511e-07,7.635216663984257e-07,7.063388154361205e-08,-1.8957058145474548e-13,-1.211617611796001e-13
832,0.8320000000000001,-0.19112224448897797,0.0,0.0,rev,1.4590269024980936e-06,3,5.209846870678288e+17,3.5036953514273865e-10,1.030362403028934e-06,1.0306291050472354e-06,7.011665785207861e-08,-7.304328090534848e-12,-3.4361022013817966e-10,6.809900560122983e-11,7.167446876184776e-08,6.960303882003194e-07,-7.563406314650689e-07,7.37302238078082e-08,-6.959768841241498e-07,7.565556047195443e-07,7.011665785099533e-08,-3.747835375378372e-13,-1.0699600927477348e-13
833,0.833,-0.18943887775551105,0.0,0.0,rev,1.4469127773903858e-06,3,1.7678395161654464e+18,3.482012279932502e-10,1.0218054008035541e-06,1.0220696462039777e-06,6.959759571011862e-08,-7.304310859264192e-12,-3.41487627238124e-10,6.765310534007085e-11,7.10936450397575e-08,6.909851186856497e-07,-7.493807687025678e-07,7.313013067226137e-08,-6.90932069884187e-07,7.495940371193832e-07,6.959759570977242e-08,-1.732780585683713e-13,-1.3477066684863814e-13
834,0.834,-0.18775551102204413,0.0,0.0,rev,1.4347864211953055e-06,3,3.2989286338606784e+17,3.4573281472587047e-10,1.01323986820483e-06,1.0135015215719472e-06,6.907669771247065e-08,-7.30429124846623e-12,-3.3907074543926274e-10,6.714801631391154e-11,7.051201931820421e-08,6.859183457330609e-07,-7.424278474291168e-07,7.252924804963047e-08,-6.858658183339639e-07,7.426391597856186e-07,6.907669771121271e-08,-3.9709902033280287e-13,-1.2688808337379953e-13
835,0.835,-0.1860721442885772,0.0,0.0,rev,1.4226478039380185e-06,3,3.3478463332585517e+17,3.4356284123787577e-10,1.004665661880463e-06,1.0049248318154783e-06,6.855396599150986e-08,-7.304273999275534e-12,-3.3694691741609217e-10,6.669968743988619e-11,6.992958933483719e-08,6.80832701827061e-07,-7.354792837463431e-07,7.192757389830382e-08,-6.807806460992771e-07,7.356888293355568e-07,6.855396599112696e-08,-2.0021484470333917e-13,-1.1141088052113446e-13
836,0.836,-0.18438877755511018,0.0,0.0,rev,1.4104968958361964e-06,3,4.464323306078154e+17,3.411279547498484e-10,9.960828527123957e-07,9.963394640590857e-07,6.802940309935233e-08,-7.304254652698911e-12,-3.345630187820414e-10,6.620057280137814e-11,6.934635284962955e-08,6.757259734396781e-07,-7.285372616641639e-07,7.132510623574174e-08,-6.756744462890762e-07,7.28744879566201e-07,6.802940309835563e-08,-3.544109450359656e-13,-1.0001374728396684e-13
837,0.837,-0.18270541082164327,0.0,0.0,rev,1.3983336673004107e-06,3,1.0465045226329098e+18,3.3896527389581197e-10,9.874913316310508e-07,9.877454852545938e-07,6.750301119994475e-08,-7.304237470053241e-12,-3.3244553377526076e-10,6.575767708127955e-11,6.876230757942858e-08,6.706004209086625e-07,-7.215995777298811e-07,7.072184300322476e-08,-6.705493546255159e-07,7.218054638019611e-07,6.750301119956759e-08,-1.8188228700921627e-13,-1.335615645858823e-13
838,0.838,-0.18102204408817635,0.0,0.0,rev,1.3861580889436038e-06,3,7.2993303963805e+17,3.3644454972887613e-10,9.788911933838588e-07,9.791427592454332e-07,6.697479288219951e-08,-7.304217446591415e-12,-3.299771124745665e-10,6.524330381507681e-11,6.817745126405366e-08,6.654533618519198e-07,-7.14668893141146e-07,7.011778220216251e-08,-6.654028294403314e-07,7.148727957997925e-07,6.697479288083326e-08,-4.0906167342313893e-13,-1.2521060577252996e-13
839,0.839,-0.17933867735470943,0.0,0.0,rev,1.3739701315597046e-06,3,3.145633555616395e+17,3.342056591122591e-10,9.702822789808226e-07,9.705314033993654e-07,6.64447502531894e-08,-7.30419964836455e-12,-3.2778587049503427e-10,6.478035469159593e-11,6.759178159317695e-08,6.602876848893491e-07,-7.077423437584773e-07,6.951292174272126e-08,-6.60237625633997e-07,7.079445150520725e-07,6.644475025280522e-08,-1.9539925233402755e-13,-1.1346132366973904e-13
840,0.84,-0.1776553106212425,0.0,0.0,rev,1.3617697661369433e-06,3,3.9108166895014445e+17,3.317473729209601e-10,9.616647063504022e-07,9.619112588703105e-07,6.591288589399882e-08,-7.304180129178495e-12,-3.2537782104075097e-10,6.42825168095662e-11,6.700529628187859e-08,6.551007856459012e-07,-7.008225583957084e-07,6.890725960170866e-08,-6.55051250728067e-07,7.010227659892676e-07,6.59128858928233e-08,-3.786276847606018e-13,-1.0771418479382788e-13
841,0.841,-0.1759719438877756,0.0,0.0,rev,1.3495569638734767e-06,3,3.478419034840796e+17,3.294476328124194e-10,9.530383176613321e-07,9.532824425249785e-07,6.537920194161738e-08,-7.304161865348207e-12,-3.2312538235379495e-10,6.381519618292586e-11,6.641799300108127e-08,6.498951971717348e-07,-6.93906995086202e-07,6.830079367403691e-08,-6.498461302614778e-07,6.941054846304473e-07,6.537920194118747e-08,-1.9720336474904343e-13,-1.316256131866922e-13
842,0.842,-0.17428857715430868,0.0,0.0,rev,1.337331696142985e-06,3,4.030153701023965e+17,3.2691976132460915e-10,9.444032423069591e-07,9.446447845593606e-07,6.484370098201722e-08,-7.304141777882454e-12,-3.2065053476998395e-10,6.329624324674654e-11,6.582986944197171e-08,6.446682037503093e-07,-6.869984129839746e-07,6.769352191399853e-08,-6.446196768941648e-07,6.871948982981047e-07,6.484370098057541e-08,-4.153899446635023e-13,-1.2015041739310561e-13
843,0.843,-0.17260521042084165,0.0,0.0,rev,1.325093934513509e-06,3,4.3679797065625056e+17,3.2464159571435044e-10,9.357593074707007e-07,9.359984173102923e-07,6.430638511771615e-08,-7.304123672685555e-12,-3.184203083497761e-10,6.282772219146082e-11,6.524092324931624e-08,6.3942271993217e-07,-6.800938822590363e-07,6.708544218842114e-08,-6.393746555463653e-07,6.802886376375272e-07,6.430638511727723e-08,-2.0271284650874577e-13,-1.239286451237831e-13
844,0.844,-0.17092184368737473,0.0,0.0,rev,1.312843650806546e-06,3,1.4556085110551375e+18,3.2211539760936997e-10,9.271066375369441e-07,9.273431766511321e-07,6.376725694476054e-08,-7.304103610286683e-12,-3.159460132753922e-10,6.231449384275223e-11,6.465115209305672e-08,6.341558869485397e-07,-6.731962989697804e-07,6.647655243198869e-08,-6.34108371158626e-07,6.733890471968818e-07,6.376725694336303e-08,-4.066191827689636e-13,-1.1354805984353789e-13
845,0.845,-0.1692384769539078,0.0,0.0,rev,1.3005808169722955e-06,3,1.1624799670255386e+18,3.197971888712019e-10,9.184450672027625e-07,9.186791879527056e-07,6.322631856713038e-08,-7.30408520047556e-12,-3.136753504509593e-10,6.184389111929534e-11,6.406055359498948e-08,6.288705850371334e-07,-6.66302764677773e-07,6.586685048971364e-08,-6.288235332232994e-07,6.664937902550738e-07,6.322631856662349e-08,-2.1577184483589917e-13,-1.3244266794387727e-13
846,0.846,-0.1675551102204409,0.0,0.0,rev,1.2883054052451655e-06,3,1.3302390153147185e+18,3.172162103240251e-10,9.097747311364933e-07,9.100062773803929e-07,6.26835725815511e-08,-7.304064702595874e-12,-3.111473856343139e-10,6.131948421250755e-11,6.346912540178661e-08,6.235639133933546e-07,-6.594162399037318e-07,6.525633427398576e-08,-6.235173969013075e-07,6.59605254277329e-07,6.268357258010318e-08,-4.1006087414530157e-13,-1.1563840163208994e-13
847,0.847,-0.16587174348697398,0.0,0.0,rev,1.2760173880259079e-06,3,1.124218448301505e+18,3.149175983660258e-10,9.010954477099065e-07,9.013245872310583e-07,6.213902107864225e-08,-7.304046448479996e-12,-3.088958889022053e-10,6.085289216972711e-11,6.287686511022903e-08,6.182388476716483e-07,-6.525337025373168e-07,6.464500160470821e-08,-6.181928084159072e-07,6.527209870516026e-07,6.213902107811078e-08,-2.2311319458623302e-13,-1.2755942135900256e-13
848,0.848,-0.16418837675350706,0.0,0.0,rev,1.263716737913367e-06,3,1.289496425133123e+18,3.1228816059311413e-10,8.92407352441775e-07,8.926339433838021e-07,6.159266665319055e-08,-7.304025571685414e-12,-3.0631987918416925e-10,6.032145616341467e-11,6.228377034536465e-08,6.128925098825011e-07,-6.45658103003155e-07,6.403285037330022e-08,-6.128470139143971e-07,6.458433931613716e-07,6.159266665174939e-08,-4.082706395180935e-13,-1.0414238915679164e-13
849,0.849,-0.16250501002004014,0.0,0.0,rev,1.251403427780017e-06,3,7.502378915210418e+17,3.099549016902342e-10,8.837102860706951e-07,8.839344664106453e-07,6.104451139711908e-08,-7.30400703603696e-12,-3.040349838209777e-10,5.984497619682116e-11,6.16898386797557e-08,6.075278281975072e-07,-6.387864834797585e-07,6.341987837665586e-08,-6.074827886559664e-07,6.389700473591331e-07,6.104451139655573e-08,-2.2017110357097636e-13,-1.4248671686978298e-13
850,0.85,-0.1608216432865731,0.0,0.0,rev,1.239077430645927e-06,3,8.237599976091973e+17,3.07332695999216e-10,8.750043690805536e-07,8.752259978055741e-07,6.049455791974712e-08,-7.303986212976031e-12,-3.014663726985667e-10,5.931326957364647e-11,6.109506771575439e-08,6.021416877957653e-07,-6.319220097680822e-07,6.280608348567895e-08,-6.020971941647635e-07,6.321035610490355e-07,6.049455791807047e-08,-4.318628787913781e-13,-1.278699368612024e-13
851,0.851,-0.1591382765531062,0.0,0.0,rev,1.2267387197707036e-06,3,4.1975681663746906e+17,3.049015541855498e-10,8.66289445788248e-07,8.665086551614337e-07,5.994280829191324e-08,-7.303966916321413e-12,-2.9908406393858167e-10,5.88245910315699e-11,6.049945500313768e-08,5.967372467344245e-07,-6.250614995248482e-07,6.219146347367402e-08,-5.966932244902412e-07,6.252412871748936e-07,5.994280829139182e-08,-2.266381526894179e-13,-1.0557700547142446e-13
852,0.852,-0.15745490981963928,0.0,0.0,rev,1.2143872686757313e-06,3,4.795876039030574e+17,3.0229480459427897e-10,8.575656090171018e-07,8.577823082606761e-07,5.938926507095056e-08,-7.303946208324616e-12,-2.965312171157586e-10,5.829269705825979e-11,5.990299811569324e-08,5.913119554834534e-07,-6.18207550817651e-07,6.157601617951058e-08,-5.912684724329598e-07,6.183853783064963e-07,5.938926506987692e-08,-3.4831859618833505e-13,-7.87373638511113e-14
853,0.853,-0.15577154308617236,0.0,0.0,rev,1.2020230510500291e-06,3,4.4071589687746886e+17,2.9983780238840905e-10,8.488327590961592e-07,8.490470193504256e-07,5.883393043366226e-08,-7.303926703564591e-12,-2.9412378522303273e-10,5.779757228374649e-11,5.93056945871568e-08,5.858676951978059e-07,-6.113582674896478e-07,6.095973937050988e-08,-5.858247012491269e-07,6.115342759405173e-07,5.883393043311433e-08,-2.328970349907422e-13,-1.0115866477811153e-13
854,0.854,-0.15408817635270544,0.0,0.0,rev,1.1896460408190925e-06,3,2.7827836664106957e+18,2.9723733917035764e-10,8.400909367428525e-07,8.403027108574459e-07,5.827680683299736e-08,-7.303906061609895e-12,-2.9157562128623304e-10,5.727430335555894e-11,5.870754196162499e-08,5.804030997133558e-07,-6.045150522174247e-07,6.034263084798145e-08,-5.803606360557656e-07,6.046891307884272e-07,5.8276806832105445e-08,-3.172601070744463e-13,-5.746271514173174e-14
855,0.855,-0.15240480961923852,0.0,0.0,rev,1.1772562121701483e-06,3,5.916646998226587e+17,2.9469613861722367e-10,8.313400846048484e-07,8.315494034621031e-07,5.771789651758917e-08,-7.303885897064143e-12,-2.890848992478934e-10,5.676608488824897e-11,5.810853775465635e-08,5.749191714435331e-07,-5.976769030316409e-07,5.972468836815527e-08,-5.748772009470104e-07,5.978491246366735e-07,5.7717896516957715e-08,-2.621514116896151e-13,-6.457161194628469e-14
856,0.856,-0.1507214428857716,0.0,0.0,rev,1.1648535395055283e-06,3,2.1415897569747366e+17,2.921551151353949e-10,8.225801900244069e-07,8.22787073549076e-07,5.715720185509306e-08,-7.303865716080658e-12,-2.8659588591217755e-10,5.625000465414587e-11,5.750867947956228e-08,5.694154857419087e-07,-5.90844248006539e-07,5.910590969544384e-08,-5.693740168372097e-07,5.910146265442062e-07,5.715720185445158e-08,-2.497724249650446e-13,-1.046159686657333e-13
857,0.857,-0.14903807615230458,0.0,0.0,rev,1.152437997427142e-06,3,2.924799483270241e+17,2.894774636895482e-10,8.138112646643074e-07,8.14015673499385e-07,5.6594725191510913e-08,-7.30384446423577e-12,-2.8397175843436484e-10,5.5712622015757773e-11,5.690796463783214e-08,5.638918682132621e-07,-5.840173105467472e-07,5.848629258109598e-08,-5.638509208635845e-07,5.841857661087468e-07,5.659472519071457e-08,-2.938621568304711e-13,-6.150288611728172e-14
858,0.858,-0.14735470941883766,0.0,0.0,rev,1.1400095607936684e-06,3,3.219374051910507e+17,2.8692272365820693e-10,8.050332548180108e-07,8.05235221272961e-07,5.6030468808754254e-08,-7.303824187378743e-12,-2.814681205123848e-10,5.519964346722972e-11,5.63063907108848e-08,5.583488322594143e-07,-5.771955589248257e-07,5.78658347516104e-08,-5.583084095941993e-07,5.773621277183061e-07,5.603046880811529e-08,-2.5932034297682094e-13,-6.600275881396556e-14
859,0.859,-0.14567134268537074,0.0,0.0,rev,1.1275682047332875e-06,3,5.914389806702223e+17,2.843638013702514e-10,7.962461583459823e-07,7.964456837886781e-07,5.546443505821573e-08,-7.303803869784726e-12,-2.789609888573241e-10,5.468265423802521e-11,5.570395517668774e-08,5.527861109480559e-07,-5.703792857400525e-07,5.7244533936213904e-08,-5.527461964457969e-07,5.705439797901168e-07,5.546443505753338e-08,-2.5462965069777965e-13,-1.0419443086107094e-13
860,0.86,-0.14398797595190382,0.0,0.0,rev,1.1151139045524022e-06,3,2.6769934278958288e+17,2.816242387017111e-10,7.87449966661548e-07,7.876470346817666e-07,5.4896626268276806e-08,-7.303782124357857e-12,-2.762763004482416e-10,5.4131990556705034e-11,5.51006555009206e-08,5.472036646511635e-07,-5.635685558572079e-07,5.6622387850396743e-08,-5.471642636964424e-07,5.637313411285816e-07,5.4896626267477214e-08,-2.9196089990080054e-13,-5.0487392044828994e-14
861,0.861,-0.1423046092184369,0.0,0.0,rev,1.102646635867787e-06,3,2.9300539656752026e+17,2.7898724227654104e-10,7.786446475716421e-07,7.788392714638836e-07,5.432704474115139e-08,-7.303761206085131e-12,-2.736909318970526e-10,5.360793059461244e-11,5.449648913052059e-08,5.416016857079375e-07,-5.567631757782965e-07,5.5999394189512925e-08,-5.415627977040094e-07,5.569240655312058e-07,5.432704474034598e-08,-2.9226621123257246e-13,-4.5732514997176565e-14
862,0.862,-0.14062124248497,0.0,0.0,rev,1.0901663744693583e-06,3,8.972642585375274e+17,2.763090128328712e-10,7.698301953945148e-07,7.70022365536794e-07,5.375569280511409e-08,-7.303739943069996e-12,-2.710666647740001e-10,5.3067779337556686e-11,5.389145350713704e-08,5.359800900953116e-07,-5.499632569558321e-07,5.537555064608911e-08,-5.359417200936911e-07,5.501222268555761e-07,5.375569280420679e-08,-3.073929999430902e-13,-5.52665552211451e-14
863,0.863,-0.13893787575150307,0.0,0.0,rev,1.0776730964649566e-06,3,3.6681095490527955e+17,2.7367342795073766e-10,7.610065724929932e-07,7.611963206191252e-07,5.3182572762091156e-08,-7.303719025617833e-12,-2.684835331487334e-10,5.2539445016819286e-11,5.328554605638223e-08,5.30339041883432e-07,-5.431686244741774e-07,5.4750854895112984e-08,-5.303011956295234e-07,5.433257074041742e-07,5.318257276127051e-08,-2.919053887495693e-13,-4.559894128952635e-14
864,0.864,-0.13725450901803604,0.0,0.0,rev,1.0651667781573958e-06,3,1.3013014570883776e+17,2.7095478040585397e-10,7.521737872529674e-07,7.523610947660414e-07,5.260768694482968e-08,-7.303697453356263e-12,-2.6581856941293447e-10,5.1996511263308065e-11,5.267876419629923e-08,5.246783600157401e-07,-5.36379504235962e-07,5.412530460697114e-08,-5.246410245754451e-07,5.36534680753431e-07,5.260768694390346e-08,-3.081424004847122e-13,-5.0003404195031464e-14
865,0.865,-0.13557114228456912,0.0,0.0,rev,1.052647396122121e-06,3,2.5673541825778214e+17,2.682349787267374e-10,7.433318066673664e-07,7.435166877284331e-07,5.20310376472229e-08,-7.303675870056794e-12,-2.6315262035420117e-10,5.145248810345393e-11,5.207110532846593e-08,5.189982386633041e-07,-5.295956977333094e-07,5.349889743302147e-08,-5.189614201081549e-07,5.297489757832841e-07,5.203103764626017e-08,-3.134159598516817e-13,-4.4200754167889045e-14
866,0.866,-0.1338877755511022,0.0,0.0,rev,1.0401149272039315e-06,3,1.5059118763592983e+18,2.6550528897435767e-10,7.344806183947826e-07,7.346630790076449e-07,5.1452627190507836e-08,-7.303654205971558e-12,-2.6047712424481784e-10,5.09056269359931e-11,5.146256684517419e-08,5.13298544599361e-07,-5.22817355415317e-07,5.287163101812583e-08,-5.13262249708657e-07,5.229687307234387e-07,5.145262718943283e-08,-3.302358386747528e-13,-3.959506333917062e-14
867,0.867,-0.1322044088176353,0.0,0.0,rev,1.0275693484867222e-06,3,5.1789376055341446e+17,2.627956517461106e-10,7.256202194749113e-07,7.258002390512465e-07,5.0872457874642374e-08,-7.303632704490179e-12,-2.578209390771691e-10,5.036442096706395e-11,5.0853146125281135e-08,5.075793617428936e-07,-5.16044428293394e-07,5.224350299249587e-08,-5.075435927301419e-07,5.161938636602525e-07,5.087245787345116e-08,-3.44432815602147e-13,-5.065739494547472e-14
868,0.868,-0.13052104208416837,0.0,0.0,rev,1.0150106373192801e-06,3,1.616829965388426e+17,2.6004837677233207e-10,7.167505695147514e-07,7.169281761369197e-07,5.0290531985674496e-08,-7.303610912105921e-12,-2.5512715898234894e-10,4.9819155745201016e-11,5.024284053583107e-08,5.018409225954201e-07,-5.092766677192162e-07,5.161451097390808e-08,-5.018056651109881e-07,5.094242107109292e-07,5.0290531984497e-08,-3.4217073618947325e-13,-3.677613769070831e-14
869,0.869,-0.12883767535070145,0.0,0.0,rev,1.0024387713165837e-06,3,5.672238983300747e+16,2.572853948646522e-10,7.078716730942661e-07,7.080468539242179e-07,4.970685185836417e-08,-7.303588986155156e-12,-2.524187109331777e-10,4.926688917938904e-11,4.963164743398198e-08,4.960828189209954e-07,-5.025145191073221e-07,5.0984652574906816e-08,-4.960480966056946e-07,5.02660122157772e-07,4.970685185706933e-08,-3.55201978941011e-13,-5.0556780983868066e-14
870,0.87,-0.12715430861723453,0.0,0.0,rev,9.898537283491073e-07,3,4.206567005253406e+17,2.544985033459686e-10,6.98983494769262e-07,6.991562764642263e-07,4.912141974706715e-08,-7.303566872374834e-12,-2.4968660645996454e-10,4.8710827038611626e-11,4.901956416060677e-08,4.903055972199644e-07,-4.957574302258405e-07,5.035392538561982e-08,-4.9027139103347e-07,4.959011436281302e-07,4.9121419745884976e-08,-3.382016888764383e-13,-4.1950817819547126e-14
871,0.871,-0.1254709418837675,0.0,0.0,rev,9.772554865826043e-07,3,4.1724246447668634e+17,2.517331728108805e-10,6.900860414954986e-07,6.902564058105924e-07,4.8534237984416823e-08,-7.303544932183327e-12,-2.469753776490613e-10,4.816026744070001e-11,4.840658804860125e-08,4.845088098434647e-07,-4.890058896214744e-07,4.972232699529221e-08,-4.844751312349516e-07,4.891476701116004e-07,4.85342379830984e-08,-3.538419557358452e-13,-5.266100056022793e-14
872,0.872,-0.12378757515030059,0.0,0.0,rev,9.646440244204833e-07,3,7.955671409138334e+16,2.488718205833118e-10,6.81179279189417e-07,6.813472454459076e-07,4.794530883437532e-08,-7.30352223416203e-12,-2.441696150823347e-10,4.7592443874755475e-11,4.7792716416829955e-08,4.786928273908808e-07,-4.822595189926671e-07,4.908985497395779e-08,-4.786596608172267e-07,4.823994031108447e-07,4.794530883313494e-08,-3.4208746946262636e-13,-4.378442053365461e-14
873,0.873,-0.12210420841683367,0.0,0.0,rev,9.520193205657875e-07,3,1.1547802765005602e+17,2.4604672342521834e-10,6.722632053548086e-07,6.724287676017463e-07,4.7354634611921706e-08,-7.303499818493872e-12,-2.413998150679886e-10,4.702954692348271e-11,4.717794657223345e-08,4.728573261281177e-07,-4.7551867235484657e-07,4.8456506884639334e-08,-4.728246904978084e-07,4.7565662666948505e-07,4.7354634610484556e-08,-3.6587399776522034e-13,-4.741346204539809e-14
874,0.874,-0.12042084168336675,0.0,0.0,rev,9.393813539730219e-07,3,2.2572282389371574e+17,2.431967991932156e-10,6.633378000726215e-07,6.635009623575975e-07,4.676221757852618e-08,-7.303477208405183e-12,-2.3860540453168877e-10,4.646292378618355e-11,4.656227580897407e-08,4.6700262577858975e-07,-4.6878304042763386e-07,4.782228027367198e-08,-4.669705138127256e-07,4.68919071683338e-07,4.676221757710853e-08,-3.612249388496025e-13,-4.5836598405735174e-14
875,0.875,-0.11873747494989983,0.0,0.0,rev,9.267301039240201e-07,3,2.7512479330642986e+17,2.403374891065963e-10,6.544030447185434e-07,6.545638189310531e-07,4.61680600243506e-08,-7.30345452801276e-12,-2.3580136107592686e-10,4.589647412123199e-11,4.594570140996448e-08,4.611286403763404e-07,-4.620527182946921e-07,4.7187172679117506e-08,-4.6109707037972347e-07,4.621868188031675e-07,4.616806002293479e-08,-3.592126596174694e-13,-4.118927421359331e-14
876,0.876,-0.11705410821643292,0.0,0.0,rev,9.140655499060287e-07,3,5.0220968284687085e+17,2.374947471409666e-10,6.454589348826316e-07,6.456173126153215e-07,4.5572164232179895e-08,-7.303431964246185e-12,-2.330148036328028e-10,4.5326770115039494e-11,4.5328220645562426e-08,4.5523534879243766e-07,-4.5532775694301364e-07,4.655118162648574e-08,-4.5520432574719383e-07,4.554599034589657e-07,4.5572164230675995e-08,-3.670674875166924e-13,-4.830684463552615e-14
877,0.877,-0.115370741482966,0.0,0.0,rev,9.013876717699505e-07,3,4.568255299568223e+17,2.34558133825201e-10,6.365054427368226e-07,6.366614426815554e-07,4.497453246422954e-08,-7.303408668696083e-12,-2.301350117417389e-10,4.4744326299639425e-11,4.4709830774477164e-08,4.493229557381295e-07,-4.486079481155758e-07,4.591430462849216e-08,-4.4929245871655477e-07,4.487381817588898e-07,4.497453246281265e-08,-3.5463298964089063e-13,-4.102967965380344e-14
878,0.878,-0.11368737474949897,0.0,0.0,rev,8.886964496133415e-07,3,1.1287032084463699e+18,2.316744428862466e-10,6.275425664967202e-07,6.276961826152579e-07,4.437516701099175e-08,-7.303385792242002e-12,-2.2730711410345883e-10,4.417220755836837e-11,4.4090529042086876e-08,4.433912265955353e-07,-4.4189355979940004e-07,4.52765391875488e-08,-4.433612815837873e-07,4.420218395750908e-07,4.4375167009409605e-08,-3.713973573127305e-13,-4.980044154834218e-14
879,0.879,-0.11200400801603205,0.0,0.0,rev,8.759918638124681e-07,3,3.908990578378242e+17,2.2871952076534307e-10,6.185702804349182e-07,6.187215303355439e-07,4.377407012069623e-08,-7.303362346025915e-12,-2.2440970262604942e-10,4.358400446102806e-11,4.3470312682368735e-08,4.3744045615662364e-07,-4.351842955233054e-07,4.463788279170301e-08,-4.3741105430067373e-07,4.35310648957965e-07,4.3774070119047325e-08,-3.7633784977231244e-13,-5.223252386166166e-14
880,0.88,-0.11032064128256514,0.0,0.0,rev,8.632738951022515e-07,3,3.874128631307572e+17,2.257943987129696e-10,6.095885888654056e-07,6.097374541490665e-07,4.317124407289255e-08,-7.303339143517088e-12,-2.2154081867620246e-10,4.3005085603731175e-11,4.2849178916456296e-08,4.3147047987246445e-07,-4.2848036190673566e-07,4.3998332919481695e-08,-4.314416080300476e-07,4.2860476963391125e-07,4.317124407148333e-08,-3.4656999492455043e-13,-3.955689942269913e-14
881,0.881,-0.10863727454909822,0.0,0.0,rev,8.50542524422681e-07,3,2.4981967429192045e+17,2.2283917144158827e-10,6.005974651604342e-07,6.007439536463644e-07,4.256669113527965e-08,-7.303315695262828e-12,-2.1864294576234844e-10,4.241721557329825e-11,4.2227124954548214e-08,4.254812512524686e-07,-4.2178180367086204e-07,4.3357887037934156e-08,-4.254529218858383e-07,4.2190425778021456e-07,4.256669113357419e-08,-3.7778113970432514e-13,-4.97241137153992e-14
882,0.882,-0.1069539078156313,0.0,0.0,rev,8.377977331079189e-07,3,4.5272555083404294e+17,2.1984463761126876e-10,5.915968904607812e-07,5.917410211924021e-07,4.1960413539558044e-08,-7.303291944882504e-12,-2.1570560268524552e-10,4.182606344604878e-11,4.1604147992113925e-08,4.1947309530054877e-07,-4.150883014392148e-07,4.2716542597222924e-08,-4.194453141551091e-07,4.152088168424273e-07,4.196041353795603e-08,-3.64777652528403e-13,-3.71508379615193e-14
883,0.883,-0.10527054108216438,0.0,0.0,rev,8.250395027082366e-07,3,2.801383202170377e+17,2.168170885610291e-10,5.825868652224819e-07,5.827286301371483e-07,4.135241357077831e-08,-7.303267925886856e-12,-2.127363649823133e-10,4.122561320096807e-11,4.098024521536181e-08,4.1344567803386356e-07,-4.0840022814264687e-07,4.207429704314905e-08,-4.1341843727560335e-07,4.0851879470893415e-07,4.1352413568967755e-08,-3.8347103270552907e-13,-5.1876905549086416e-14
884,0.884,-0.10358717434869735,0.0,0.0,rev,8.122678151284003e-07,3,9.519238239395456e+17,2.138236094877325e-10,5.735673607594115e-07,5.737067834493632e-07,4.074269343818144e-08,-7.303244175268303e-12,-2.0980064040221347e-10,4.063114428243253e-11,4.03554137932155e-08,4.0739948233697865e-07,-4.0171708912822846e-07,4.1431147798799714e-08,-4.0737278383939923e-07,4.018337322261867e-07,4.074269343661754e-08,-3.5513259000197195e-13,-3.6278272053102967e-14
885,0.885,-0.10190380761523044,0.0,0.0,rev,7.994826525897218e-07,3,3.406162035205888e+17,2.1081755025354828e-10,5.64538392903214e-07,5.646754400743588e-07,4.013125543692947e-08,-7.303220332455508e-12,-2.068518481501691e-10,4.003767456461915e-11,3.972965088897066e-08,4.013339569911012e-07,-3.95039500389327e-07,4.078709228908861e-08,-4.0130782071046145e-07,3.951541455715635e-07,4.013125543512038e-08,-3.770733725261266e-13,-5.4936957760709504e-14
886,0.886,-0.10022044088176352,0.0,0.0,rev,7.866839975849453e-07,3,3.383193802833366e+17,2.0776341555898534e-10,5.55499901817878e-07,5.556346349940121e-07,3.951810175087013e-08,-7.303196102998643e-12,-2.0385623224206117e-10,3.943268628292529e-11,3.910295364671277e-08,3.952498294490514e-07,-3.883666724324719e-07,4.014212791147852e-08,-3.9522422939919366e-07,3.8847942759878684e-07,3.951810174926048e-08,-3.5552116806059075e-13,-2.872355131522397e-14
887,0.887,-0.0985370741482966,0.0,0.0,rev,7.738718329683542e-07,3,5.355327550830989e+17,2.0467838104054974e-10,5.464519423982094e-07,5.465842889691255e-07,3.8903234697133596e-08,-7.303171628855135e-12,-2.008302048966959e-10,3.8821799941413104e-11,3.8475319206153894e-08,3.8914616851820627e-07,-3.8169966556228507e-07,3.9496252070356634e-08,-3.891211316012222e-07,3.818103926842009e-07,3.890323469495389e-08,-4.0699388303977457e-13,-6.28577051520196e-14
888,0.888,-0.09685370741482968,0.0,0.0,rev,7.610461418602008e-07,3,1.197676972895553e+18,2.0159573287789666e-10,5.37394429155305e-07,5.375244634934602e-07,3.828665640101097e-08,-7.303147187798851e-12,-1.9780517328260583e-10,3.821801902725852e-11,3.784674468253349e-08,3.830242835192732e-07,-3.7503705768715534e-07,3.884946213105062e-08,-3.8299977109940153e-07,3.7514589626419514e-07,3.8286656399519236e-08,-3.3738289939577726e-13,-1.999442278410868e-14
889,0.889,-0.09517034068136276,0.0,0.0,rev,7.482069077896117e-07,3,8.324896676685952e+17,1.985149771476925e-10,5.283274127655175e-07,5.284550845027527e-07,3.766836921847694e-08,-7.30312274404265e-12,-1.9478342029588536e-10,3.760691064114141e-11,3.721722719365072e-08,3.768826776218148e-07,-3.6838048318027505e-07,3.820175548036268e-08,-3.768587461053241e-07,3.684872965231678e-07,3.7668369216282033e-08,-4.0109582322145343e-13,-6.69273664266612e-14
890,0.89,-0.09348697394789585,0.0,0.0,rev,7.353541144872238e-07,3,4.8460427386936083e+17,1.9539634823304977e-10,5.192508184816209e-07,5.193762036450217e-07,3.704837522763903e-08,-7.303098013936373e-12,-1.9172320502025553e-10,3.69947336653631e-11,3.6586763828316136e-08,3.7072314525155026e-07,-3.6172803427603206e-07,3.755312945474143e-08,-3.706997345406804e-07,3.618329866006409e-07,3.7048375226160086e-08,-3.30971361428567e-13,-6.5867450382839365e-15
891,0.891,-0.09180360721442882,0.0,0.0,rev,7.224877461031774e-07,3,2.202050786532235e+17,1.9226605785995567e-10,5.101647267896508e-07,5.102877179181794e-07,3.6426676824957676e-08,-7.303073175833395e-12,-1.8865273752888267e-10,3.637370959985731e-11,3.595535168214833e-08,3.6454358798287956e-07,-3.5508200969119885e-07,3.6903581423332124e-08,-3.645207687086316e-07,3.5518486724006593e-07,3.642667682238977e-08,-4.224537386576799e-13,-9.280944068823516e-14
892,0.892,-0.0901202404809619,0.0,0.0,rev,7.096077870602483e-07,3,4.045951405389267e+17,1.8907981430364778e-10,5.010689884382863e-07,5.011897544437302e-07,3.580327598743535e-08,-7.30304790868176e-12,-1.8552599213850218e-10,3.57483972979189e-11,3.5322987812937896e-08,3.5834689851577117e-07,-3.4843926017408267e-07,3.6253108684958085e-08,-3.583245791749512e-07,3.4854035351611357e-07,3.580327598613898e-08,-3.0454805344248825e-13,8.876580026573322e-15
893,0.893,-0.08843687374749498,0.0,0.0,rev,6.967142222339336e-07,3,1.1133160693229362e+18,1.859598115857589e-10,4.919637788222895e-07,4.920821163130202e-07,3.5178175247960126e-08,-7.303023167484645e-12,-1.824640265268851e-10,3.513682400591023e-11,3.4689669299294425e-08,3.5212922051830464e-07,-3.4180403533923265e-07,3.5601708603895346e-08,-3.521075150059172e-07,3.41902947363637e-07,3.5178175245026434e-08,-4.415634524690404e-13,-1.068901911427389e-13
894,0.894,-0.08675350701402806,0.0,0.0,rev,6.838070366006591e-07,3,4.981368650617155e+17,1.8268255260646213e-10,4.828488605135548e-07,4.829650196646907e-07,3.455137642275369e-08,-7.302997172731708e-12,-1.7924818400405496e-10,3.44915901395737e-11,3.4055393166369704e-08,3.458952829368811e-07,-3.3517115857056856e-07,3.494937843494088e-08,-3.4587406857328196e-07,3.3526836989983266e-07,3.455137642162006e-08,-2.788880237858393e-13,2.3630403189756066e-14
895,0.895,-0.08507014028056115,0.0,0.0,rev,6.708862158182818e-07,3,4.097803114682479e+17,1.7956275292718017e-10,4.7372448511184006e-07,4.738381924289453e-07,3.3922882150309015e-08,-7.302972429364072e-12,-1.7618647686623579e-10,3.3878816418919655e-11,3.3420156472584114e-08,3.396398234670195e-07,-3.2854645219682066e-07,3.429611553187446e-08,-3.396192421248334e-07,3.2864141467914276e-07,3.392288214717155e-08,-4.4132753007630754e-13,-1.345121930507176e-13
896,0.896,-0.08338677354709423,0.0,0.0,rev,6.579517454805228e-07,3,4.779654171881004e+17,1.7625484398446882e-10,4.6459035166355895e-07,4.6470191518174816e-07,3.329269413313692e-08,-7.302946186695179e-12,-1.7294060801475997e-10,3.3226241202832796e-11,3.2783956212437726e-08,3.333688438009186e-07,-3.2192331549107944e-07,3.364191711135142e-08,-3.3334871882978456e-07,3.2201665025460846e-07,3.329269413227897e-08,-2.358530037938067e-13,3.872770160118222e-14
897,0.897,-0.08170340681362731,0.0,0.0,rev,6.450036119465383e-07,3,4.171321356067045e+17,1.7306772495029655e-10,4.554467715454609e-07,4.5555585707575576e-07,3.266081512200037e-08,-7.302920903767555e-12,-1.6981299005847106e-10,3.259836151014994e-11,3.2146789427154565e-08,3.270755940740222e-07,-3.153092155358528e-07,3.298678051996737e-08,-3.2705613466077477e-07,3.154002156113833e-07,3.266081511829233e-08,-4.669042930061096e-13,-1.5561510413597546e-13
898,0.898,-0.08002004008016028,0.0,0.0,rev,6.320418015298466e-07,3,6.110821130141439e+17,1.6974809949937204e-10,4.4629339018894777e-07,4.464003532803811e-07,3.2027246704693625e-08,-7.302894579836439e-12,-1.6655426170186782e-10,3.194938064110531e-11,3.1508653077726026e-08,3.207673136135236e-07,-3.086961700843327e-07,3.2330702933595404e-08,-3.207483251985166e-07,3.087855452235666e-07,3.202724670375504e-08,-2.4236168627567167e-13,3.716818519627907e-14
899,0.899,-0.07833667334669336,0.0,0.0,rev,6.190663012677739e-07,3,1.8246994439392704e+17,1.6652035495542036e-10,4.3713055268798037e-07,4.3723504022761953e-07,3.1391991656890245e-08,-7.302868977895031e-12,-1.633861049926688e-10,3.1315769422057826e-11,3.0869544183412807e-08,3.144368708740686e-07,-3.0209211437925987e-07,3.167368167990983e-08,-3.1441853071134673e-07,3.0217916181796145e-07,3.139199165322354e-08,-4.556077737305486e-13,-1.5043868928366066e-13
900,0.9,-0.07665330661322645,0.0,0.0,rev,6.060770981840244e-07,3,1.0591457505032503e+18,1.6313395096152695e-10,4.2795788393513795e-07,4.280602746256681e-07,3.0755051546666746e-08,-7.302842120650796e-12,-1.600617364344581e-10,3.065281362069072e-11,3.0229459678796107e-08,3.080915912945237e-07,-2.9548891952724254e-07,3.1015713908454465e-08,-3.080737127555966e-07,2.95574375940022e-07,3.0755051545785375e-08,-2.285671651947041e-13,4.438810430329454e-14
901,0.901,-0.07496993987975953,0.0,0.0,rev,5.930741800758885e-07,3,2.276013163002764e+17,1.599133243272265e-10,4.187757535092068e-07,4.1887566946110474e-07,3.011642918281479e-08,-7.30281658448679e-12,-1.5689934594609323e-10,3.002557924514093e-11,2.9588396559410887e-08,3.01723792166253e-07,-2.888951570328979e-07,3.035679692710894e-08,-3.0170658399386596e-07,2.8897824921880755e-07,3.011642917892798e-08,-4.619082893952964e-13,-1.440635805094459e-13
902,0.902,-0.07328657314629261,0.0,0.0,rev,5.800575346487792e-07,3,5.721020207098298e+17,1.5646239513730104e-10,4.0958375949192224e-07,4.096816092719676e-07,2.9476126053683518e-08,-7.302789209228968e-12,-1.535116634504563e-10,2.934824605560493e-11,2.8946351731270704e-08,2.953416627857197e-07,-2.8230173039489603e-07,2.9696927852152286e-08,-2.9532491060968447e-07,2.823832690249106e-07,2.947612605260363e-08,-2.460393000447425e-13,5.591534180116042e-14
903,0.903,-0.07160320641282569,0.0,0.0,rev,5.670271504324662e-07,3,4.686328226714253e+17,1.5319423229817757e-10,4.003823127085498e-07,4.0047766680517073e-07,2.8834145028586103e-08,-7.302763279591689e-12,-1.5030348146649608e-10,2.870550325217991e-11,2.830332216807941e-08,2.8893663503448686e-07,-2.7571822431432524e-07,2.903610397571684e-08,-2.8892055337764733e-07,2.7579735334404276e-07,2.883414502462431e-08,-4.51388926236973e-13,-1.57219723351254e-13
904,0.904,-0.06991983967935878,0.0,0.0,rev,5.53983015873825e-07,3,2.4346374683721085e+17,1.4972858489741537e-10,3.9117097380612217e-07,3.912642650721602e-07,2.8190487528987054e-08,-7.302735790434405e-12,-1.4690054207788794e-10,2.8027663523388924e-11,2.765930474589037e-08,2.825175579382333e-07,-2.691347674790845e-07,2.837432238054643e-08,-2.8250193899459486e-07,2.692123277567293e-07,2.819048752788145e-08,-2.4263924203182796e-13,5.883141196427744e-14
905,0.905,-0.06823647294589175,0.0,0.0,rev,5.409251202802629e-07,3,3.4431375699582355e+17,1.4640340636376104e-10,3.8195015704847224e-07,3.8204097450944006e-07,2.7545156430565008e-08,-7.302709413854897e-12,-1.436353449374428e-10,2.73772809977757e-11,2.7014296414984305e-08,2.7607565694642844e-07,-2.6256119648598863e-07,2.7711580337085062e-08,-2.760607212687338e-07,2.626363506674778e-07,2.754515642655884e-08,-4.367894934631522e-13,-1.7296233889574353e-13
906,0.906,-0.06655310621242483,0.0,0.0,rev,5.278534527806503e-07,3,1.0141748348350706e+18,1.428557714143229e-10,3.7271942203644146e-07,3.728082201351979e-07,2.6898153117447778e-08,-7.302681275976255e-12,-1.401510851817278e-10,2.668549409223786e-11,2.6368294023243904e-08,2.696200999408038e-07,-2.559872698815191e-07,2.7047874898755517e-08,-2.6960560448735515e-07,2.560609292587279e-07,2.68981531164601e-08,-2.2257196086172826e-13,5.995898222366236e-14
907,0.907,-0.06486973947895791,0.0,0.0,rev,5.147680035144893e-07,3,4.206387977427759e+17,1.3953853382778357e-10,3.634792264750876e-07,3.635655300825383e-07,2.624948053135137e-08,-7.302654963612433e-12,-1.3689291540608384e-10,2.6038497746849742e-11,2.5721294499131082e-08,2.631411269299333e-07,-2.4942395716182064e-07,2.6383203320652502e-08,-2.6312733760608387e-07,2.494951411372015e-07,2.6249480527287307e-08,-4.31418789581528e-13,-1.650363873340055e-13
908,0.908,-0.06318637274549099,0.0,0.0,rev,5.016687623299371e-07,3,3.000257705800757e+17,1.359577219252353e-10,3.542290783999799e-07,3.5431338199787166e-07,2.559913995195832e-08,-7.302626552936242e-12,-1.3337607754349e-10,2.5337634768085593e-11,2.5073294659599495e-08,2.56649051927349e-07,-2.4285970028764536e-07,2.5717562618842845e-08,-2.5663570382000733e-07,2.429294036557228e-07,2.559913995086417e-08,-2.2984392167302303e-13,5.6484331101280816e-14
909,0.909,-0.061503006012024075,0.0,0.0,rev,4.885557201554885e-07,3,2.8779632602186086e+17,1.3260153191661783e-10,3.4496947261589744e-07,3.4505126802136146e-07,2.4947134373349053e-08,-7.302599939611025e-12,-1.3007818953914008e-10,2.4688112665316453e-11,2.4424291411279287e-08,2.5013331721862597e-07,-2.3630639992000546e-07,2.505095003200512e-08,-2.501206788144139e-07,2.3637358882722115e-07,2.4947134369468864e-08,-4.1618097856854774e-13,-1.4280243654241076e-13
910,0.91,-0.05981963927855716,0.0,0.0,rev,4.754288675895386e-07,3,1.9165730656353457e+18,1.289703429507795e-10,3.3569987008399525e-07,3.3577971393105096e-07,2.429346500793891e-08,-7.30257112820884e-12,-1.2651102214433774e-10,2.3978805052671248e-11,2.377428154080192e-08,2.436049042625621e-07,-2.2975168537109347e-07,2.4383362542414836e-08,-2.435927003580085e-07,2.2981745854272484e-07,2.429346500674062e-08,-2.321060010856968e-13,6.594030876883039e-14
911,0.911,-0.05813627254509024,0.0,0.0,rev,4.622881964139574e-07,3,7.816314503724744e+17,1.2555605217983227e-10,3.264208309326209e-07,3.2649814776051056e-07,2.363813490021098e-08,-7.302544031201342e-12,-1.2315697420217653e-10,2.3309972008167534e-11,2.3123261933410755e-08,2.370524740738511e-07,-2.232084186579164e-07,2.3714797372621628e-08,-2.370409855900757e-07,2.232716283523395e-07,2.3638134896324653e-08,-3.997219222284798e-13,-1.5476855907969878e-13
912,0.912,-0.05645290581162321,0.0,0.0,rev,4.4913369795984224e-07,3,5.756537923286115e+17,1.218712200498713e-10,3.171317601976442e-07,3.17207152237681e-07,2.2981145178017105e-08,-7.30251479064462e-12,-1.1953627844507597e-10,2.2590831982860493e-11,2.2471229343854137e-08,2.3048787192031517e-07,-2.1666319040269943e-07,2.3045251468330356e-08,-2.3047681257937214e-07,2.1672501627351126e-07,2.298114517690419e-08,-2.1975476993674192e-13,5.347805531741301e-14
913,0.913,-0.05476953907815629,0.0,0.0,rev,4.3596536484511365e-07,3,7.52092764387245e+17,1.1845143923022985e-10,3.078332521853054e-07,3.079061223877845e-07,2.2322498940001705e-08,-7.302487664335075e-12,-1.1617450924872319e-10,2.1929444371515672e-11,2.1818180635489733e-08,2.238989127989477e-07,-2.1012985269158735e-07,2.2374722035737946e-08,-2.2388860327487992e-07,2.101890704611642e-07,2.2322498936526703e-08,-3.7089775695164917e-13,-1.3257624165152748e-13
914,0.914,-0.053086172344689375,0.0,0.0,rev,4.2278318916806797e-07,3,6.371760706886254e+17,1.1469145429626866e-10,2.98524692677428e-07,2.9859566132437717e-07,2.1662197236144384e-08,-7.302457819340937e-12,-1.1247922558632606e-10,2.1194990207362707e-11,2.1164112533140006e-08,2.172982851225691e-07,-2.035940268318992e-07,2.170320598638413e-08,-2.172883853887586e-07,2.0365190248755605e-07,2.1662197235014134e-08,-2.1709023467764155e-13,4.2885833773098625e-14
915,0.915,-0.05140280561122246,0.0,0.0,rev,4.095871644170058e-07,3,4.026615307054734e+17,1.1124819607908865e-10,2.8920670897524743e-07,2.892751322657944e-07,2.1000243220398146e-08,-7.302430488631754e-12,-1.0909448171225744e-10,2.0523881205658512e-11,2.0509021877416137e-08,2.1067289433795988e-07,-1.9707062726137536e-07,2.103070050948028e-08,-2.1066375126971293e-07,1.9712583718134447e-07,2.1000243217324405e-08,-3.406719351062293e-13,-1.141985811470292e-13
916,0.916,-0.04971943887775554,0.0,0.0,rev,3.9637728347306213e-07,3,3.665149035404746e+17,1.074565208604757e-10,2.7987864879058107e-07,2.7994517752122214e-07,2.0336637882166887e-08,-7.302400397098088e-12,-1.0536595033971974e-10,1.9788767846584676e-11,1.9852905363395966e-08,2.0403602919022434e-07,-1.9054453282568717e-07,2.0357202483962088e-08,-2.040272955305955e-07,1.905983982170012e-07,2.033663788096134e-08,-2.1202484212778927e-13,6.386731421503811e-14
917,0.917,-0.04803607214428862,0.0,0.0,rev,3.83153540683435e-07,3,8.554929291466331e+17,1.0396054137226256e-10,2.705411546717538e-07,2.7060514628692673e-07,1.967138435300608e-08,-7.302372639934286e-12,-1.0192827484822864e-10,1.9107493365311257e-11,1.919575980527365e-08,1.9737466788738445e-07,-1.8403064867833496e-07,1.968270907229893e-08,-1.97366692537837e-07,1.8408184276896833e-07,1.9671384349722865e-08,-3.3728575488112256e-13,-1.2413334249394836e-13
918,0.918,-0.046352705410821704,0.0,0.0,rev,3.6991592970686326e-07,3,1.107005774622813e+18,1.0011308842685677e-10,2.6119355663118784e-07,2.612556996616817e-07,1.9004483599880315e-08,-7.302342096587952e-12,-9.81435089447702e-11,1.8361860643079098e-11,1.853758186992157e-08,1.9070219610395345e-07,-1.7751367407947694e-07,1.9007217125556566e-08,-1.9069461473092408e-07,1.7756359484838447e-07,1.9004483598829537e-08,-1.932343174360085e-13,5.098525768243434e-14
919,0.919,-0.044669338677354675,0.0,0.0,rev,3.566644458489275e-07,3,6.934998080248265e+17,9.658892643255276e-11,2.5183654235911816e-07,2.5189614305018094e-07,1.8335938818307426e-08,-7.30231410635774e-12,-9.467670918084092e-11,1.7675340358014324e-11,1.7878368350328097e-08,1.8400460765483073e-07,-1.710096850307541e-07,1.833072379121261e-08,-1.839978220966043e-07,1.7105687040441797e-07,1.8335938815895142e-08,-2.79359868571305e-13,-1.0208327239080717e-13
920,0.92,-0.04298597194388776,0.0,0.0,rev,3.433990835324876e-07,3,2.1370755827833935e+18,9.267476586769163e-11,2.424694062140854e-07,2.425271743090517e-07,1.7665750881179235e-08,-7.302283015484016e-12,-9.082506621793662e-11,1.6914379619148434e-11,1.7218115881006866e-08,1.772963097584901e-07,-1.6450218229963065e-07,1.7653225882626332e-08,-1.7728992345034111e-07,1.6454809916022217e-07,1.766575087976692e-08,-2.1528612226262567e-13,5.959122084675528e-14
921,0.921,-0.04130260521042084,0.0,0.0,rev,3.3011983893249226e-07,3,3.355315669100273e+17,8.912095391668945e-11,2.3309285271963483e-07,2.3314808321469723e-07,1.6993922990452723e-08,-7.302254790996255e-12,-8.73262157030652e-11,1.6228171584309337e-11,1.655682122920846e-08,1.7056295866652027e-07,-1.5800767953072503e-07,1.697472052371586e-08,-1.7055736591109483e-07,1.580508541682013e-07,1.6993922988195866e-08,-2.611799665430681e-13,-9.214504159693604e-14
922,0.922,-0.03961923847695392,0.0,0.0,rev,3.168267073438791e-07,3,6.450533212460205e+17,8.51721522816541e-11,2.2370616906534802e-07,2.237595760411322e-07,1.632045600059019e-08,-7.30222340355512e-12,-8.343868651561337e-11,1.5458287427883022e-11,1.5894481001972284e-08,1.6381902558787464e-07,-1.5150954559700613e-07,1.6295204500806774e-08,-1.6381384254637865e-07,1.5155144067469095e-07,1.6320455998856257e-08,-2.320227343588499e-13,5.256038659862128e-14
923,0.923,-0.037935871743487004,0.0,0.0,rev,3.0351968587735776e-07,3,9.374794124574931e+17,8.155941107778005e-11,2.1431006362184136e-07,2.1436094005159536e-07,1.564535310406953e-08,-7.302194676168016e-12,-7.988093346511516e-11,1.47530321292777e-11,1.523109194061476e-08,1.5705006926186593e-07,-1.4502445639524852e-07,1.5614674912720068e-08,-1.57045675422407e-07,1.4506360804245055e-07,1.5645353102374588e-08,-2.1965762542208722e-13,-6.918424166890702e-14
924,0.924,-0.036252505010020086,0.0,0.0,rev,2.901987706606449e-07,3,8.28737849594112e+17,7.76028351457768e-11,2.049038664821831e-07,2.049528397711062e-07,1.496861520517195e-08,-7.302163235363805e-12,-7.598050834334291e-11,1.3994312653142771e-11,1.456665062789245e-08,1.502697728750224e-07,-1.3853664695279155e-07,1.493312852715988e-08,-1.5026582089738838e-07,1.3857435286757092e-07,1.4968615203168224e-08,-2.2211399386407038e-13,1.0320563847976416e-13
925,0.925,-0.03456913827655317,0.0,0.0,rev,2.768639596736632e-07,3,1.9074263493346982e+17,7.392311904511007e-11,1.9548815829627492e-07,1.9553469144232571e-07,1.4290245275617326e-08,-7.302133948643788e-12,-7.23539891195335e-11,1.327428444941603e-11,1.3901153765103936e-08,1.4346616512839194e-07,-1.3205997660692415e-07,1.4250562387821856e-08,-1.4346297103062788e-07,1.3209509064360248e-07,1.429024527321002e-08,-2.392946951701447e-13,-1.0742448597333976e-13
926,0.926,-0.03288577154308614,0.0,0.0,rev,2.6351524992059044e-07,3,2.588467797020921e+17,6.9886614093638e-11,1.8606234545251978e-07,1.8610708452581976e-07,1.3610244324735016e-08,-7.302101825581008e-12,-6.83721360777989e-11,1.2492763767912862e-11,1.323459791517195e-08,1.3665142607754976e-07,-1.2558037093546304e-07,1.356697325271351e-08,-1.3664864501744534e-07,1.2561421879053736e-07,1.3610244322861046e-08,-2.204070259637092e-13,4.930604535768879e-14
927,0.927,-0.031202404809619222,0.0,0.0,rev,2.501526404365131e-07,3,8.350550484365948e+17,6.616927529600064e-11,1.7662710705801654e-07,1.7666933829506106e-07,1.2928615459036876e-08,-7.30207220401828e-12,-6.470442931449938e-11,1.1763909291140351e-11,1.2566979762457196e-08,1.2981172770043514e-07,-1.1911390061097871e-07,1.288235816014505e-08,-1.2980975044873944e-07,1.1914498995041489e-07,1.2928615458243689e-08,-1.3931911180264933e-13,-3.316270869024862e-14
928,0.928,-0.029519038076152304,0.0,0.0,rev,2.3677612912254231e-07,3,2.301024744313705e+17,6.219650798806345e-11,1.6718184380367678e-07,1.672220491527671e-07,1.2245359668127103e-08,-7.302040550899966e-12,-6.077969724738175e-11,1.0996099863991304e-11,1.1898295840580227e-08,1.2295930210820538e-07,-1.1264639132591014e-07,1.2196713839176562e-08,-1.229578709682766e-07,1.126757110531118e-07,1.2245359666507694e-08,-5.305478278927467e-14,1.9195235678726164e-13
929,0.929,-0.027835671342685386,0.0,0.0,rev,2.2338571565623926e-07,3,7.066901432921531e+17,5.838839860709688e-11,1.5772691115026938e-07,1.5776486098837183e-07,1.156047950388831e-08,-7.302010182518876e-12,-5.7014322082937774e-11,1.0259279537017107e-11,1.1228542770376631e-08,1.1608697148696168e-07,-1.0618622028890634e-07,1.151003722435198e-08,-1.1608621887371218e-07,1.0621327691667792e-07,1.1560479495880744e-08,-3.446132268436486e-13,-2.5765153899293125e-13
930,0.93,-0.02615230460921847,0.0,0.0,rev,2.0998139929014192e-07,3,4.9623264181233414e+17,5.440085153780653e-11,1.4826213110424552e-07,1.4829795076547307e-07,1.0873976622294496e-08,-7.301978334556515e-12,-5.306830322404643e-11,9.480978502285353e-12,1.0557717105821957e-08,1.0919827451300046e-07,-9.972928843859918e-08,1.0822325118648408e-08,-1.0919814420057294e-07,9.97543221289976e-08,1.0873976622018024e-08,-7.750744490664374e-14,-2.301978052621223e-15
931,0.931,-0.02446893787575155,0.0,0.0,rev,1.9656318017012392e-07,3,3.587969414068351e+17,5.041410502192516e-11,1.3878755875945021e-07,1.3882126345779404e-07,1.0185853061207237e-08,-7.301946473121037e-12,-4.911583292854793e-11,8.711975585384835e-12,9.885815405326207e-09,1.0229237846354211e-07,-9.327661244090679e-08,1.0133574356117579e-08,-1.0229285296592394e-07,9.329965750676239e-08,1.0185853060496554e-08,3.9218628344883655e-14,1.1375275721370315e-13
932,0.932,-0.022785571142284633,0.0,0.0,rev,1.8313105881286861e-07,3,1.837482969612079e+18,4.6381858396848796e-11,1.293031739843935e-07,1.2933481986367176e-07,9.496110732231053e-09,-7.301914165008027e-12,-4.511330718715012e-11,7.92138576954926e-12,9.212834209743937e-09,9.536956163680443e-08,-8.682788262687202e-08,9.443781746813559e-09,-9.537061167186334e-08,8.684904746064648e-08,9.496110729633198e-09,3.7719827261639693e-14,2.1889781653960938e-13
933,0.933,-0.021102204408817604,0.0,0.0,rev,1.6968503650187816e-07,3,5.914109870154737e+17,4.2457573163146896e-11,1.1980907885090503e-07,1.1983851960811173e-07,8.804751730290135e-09,-7.301882658426414e-12,-4.120876383184591e-11,7.1530281697818054e-12,8.538770057359252e-09,8.842770172351466e-08,-8.038561033485436e-08,8.752944112762751e-09,-8.842943263059899e-08,8.04045533278619e-08,8.804751730159317e-09,-4.599098879509711e-14,-1.3728601588880451e-14
934,0.934,-0.019418837675350686,0.0,0.0,rev,1.5622511415900643e-07,3,3.46297744177303e+17,3.832910423764577e-11,1.1030505227979463e-07,1.1033258508010137e-07,8.111777608411542e-09,-7.301849426412218e-12,-3.708786056044744e-11,6.347741776657756e-12,7.863619437812528e-09,8.147149669485154e-08,-7.394432550295038e-08,8.061058186810027e-09,-8.147375463868345e-08,7.396165206674521e-08,8.111777604829221e-09,-1.1546319456101628e-13,2.1162759045179058e-13
935,0.935,-0.01773547094188377,0.0,0.0,rev,1.4275129469715424e-07,3,3.214439484945883e+17,3.4444887462268576e-11,1.0079144209148058e-07,1.0081667239384922e-07,7.417190830395456e-09,-7.301818035847648e-12,-3.319510291643901e-11,5.587384721561506e-12,7.187378886059426e-09,7.449397732700591e-08,-6.751224870815697e-08,7.368120817153915e-09,-7.44969725421929e-08,6.752713017921241e-08,7.417190826505124e-09,-1.8232637621906633e-13,-1.5642175055230467e-13
936,0.936,-0.01605210420841685,0.0,0.0,rev,1.292635798031176e-07,3,7.189066927214866e+17,3.0375874441897395e-11,9.12679452913726e-08,9.129108696300797e-08,6.7209928006759e-09,-7.301784959158118e-12,-2.909459652367108e-11,4.783527740581661e-12,6.510044855836767e-09,6.75013035883465e-08,-6.10821673449613e-08,6.674128692480575e-09,-6.750492628770921e-08,6.109503655760129e-08,6.720992799673848e-09,8.185119249048967e-14,8.227966918905594e-14
937,0.937,-0.014368737474949933,0.0,0.0,rev,1.1576197218749216e-07,3,2.5888624879420768e+17,2.6203489576795928e-11,8.173449381203153e-08,8.175590057158316e-08,6.023185298098608e-09,-7.301750737227104e-12,-2.4853952229619836e-11,3.948209814641501e-12,5.831613807207703e-09,6.049495202692379e-08,-5.465236077584201e-08,5.979078536048555e-09,-6.049902977894872e-08,5.466393046549278e-08,6.0231852925282114e-09,-2.508548924140541e-13,6.461324530970813e-14
938,0.9380000000000001,-0.012685370741483015,0.0,0.0,rev,1.0224647702144866e-07,3,4.045716940916789e+17,2.2358931717130902e-11,7.21916202382975e-08,7.22105878146946e-08,5.323771050816673e-09,-7.301718791644196e-12,-2.0893689556267248e-11,3.1718239146272253e-12,5.152082255415399e-09,5.3464248625512134e-08,-4.823546620458252e-08,5.282967198829332e-09,-5.346916154280734e-08,4.824425368921137e-08,5.323771049387968e-09,8.84153861235859e-14,8.599371215112228e-14
939,0.9390000000000001,-0.011002004008016097,0.0,0.0,rev,8.871709594416855e-08,3,5.633067464303361e+17,1.8285024283590898e-11,6.263863041463354e-08,6.265584516451644e-08,4.622750796201859e-09,-7.301684176425197e-12,-1.6600545590939042e-11,2.3343965649402776e-12,4.471446563161254e-09,4.642342524979748e-08,-4.1814707626985914e-08,4.585791231429699e-09,-4.642880112315506e-08,4.1822145788183995e-08,4.6227507879250766e-09,-2.560035516907533e-13,1.0481025769504271e-13
940,0.9400000000000001,-0.009318637274549069,0.0,0.0,rev,7.517383618080217e-08,3,2.057932414433506e+17,1.4629704473112778e-11,5.307619258360803e-08,5.3091014432975946e-08,3.92012747434573e-09,-7.301651771035748e-12,-1.2582360500723588e-11,1.5486570359435348e-12,3.7897032325626274e-09,3.935878390565195e-08,-3.540630590798122e-08,3.887547489739004e-09,-3.9364991488710643e-08,3.5411018527164995e-08,3.9201274731728095e-09,7.395473122784324e-14,6.104665384309982e-14
941,0.9410000000000001,-0.007635270541082151,0.0,0.0,rev,6.161669964324607e-08,3,7.729418062926875e+17,1.1022601666095097e-11,4.350366979085824e-08,4.351673521013112e-08,3.2159018653490007e-09,-7.30161664751757e-12,-8.228055389802869e-12,6.951592079751379e-13,3.1068486005158735e-09,3.2283927732523754e-08,-2.899421989305262e-08,3.1882325031854906e-09,-3.229058712778121e-08,2.899757575725026e-08,3.2159018537530737e-09,-2.5135449277513544e-13,1.0678784245765627e-13
942,0.9420000000000001,-0.005951903807615233,0.0,0.0,rev,4.8045695904201104e-08,3,3.3674622153936134e+17,8.395382106762574e-12,3.3921694377641274e-08,3.3932388497218994e-08,2.510076863409957e-09,-7.301583704606307e-12,-4.142335779944162e-12,-1.0183520693374248e-13,2.4228791390371817e-09,2.518530429346244e-08,-2.2594500520556338e-08,2.4878430966158355e-09,-2.5192817346142427e-08,2.259512292546173e-08,2.5100768580930784e-09,1.4097056855177925e-13,8.257630690344797e-14
943,0.9430000000000001,-0.004268537074148315,0.0,0.0,rev,3.44608263539254e-08,3,3.9302340451649837e+17,7.36933946368218e-12,2.4329617722022737e-08,2.4338624480318542e-08,1.802653209719414e-09,-7.301548117284652e-12,2.7318772244377953e-13,-9.591286098675766e-13,1.7377911530092707e-09,1.807679122362016e-08,-1.6190738076626854e-08,1.78637576667432e-09,-1.8084775600668568e-08,1.6190070867283524e-08,1.8026531907176918e-09,-2.512157148970573e-13,7.346900865456973e-14
944,0.9440000000000001,-0.0025851703406813975,0.0,0.0,rev,2.086210617423232e-08,3,5.738791793515851e+17,8.718729695570285e-12,1.4728150779298543e-08,1.4734752717085528e-08,1.0936338497336237e-09,-7.301514641801422e-12,4.4218691208630645e-12,-1.7751633496487784e-12,1.0515810897432637e-09,1.0944175808658141e-08,-9.799878492033898e-09,1.083827317597458e-09,-1.0953016854609032e-08,9.79641147369481e-09,1.0936338128212751e-09,2.3073210009272316e-13,1.6583089068600287e-13
945,0.9450000000000001,-0.0009018036072144797,0.0,0.0,rev,7.249543022614516e-09,3,3.2894910030312205e+17,1.1786486237649332e-11,5.1166228104256655e-09,5.121445320403064e-09,3.8301953140057907e-10,-7.301478797828784e-12,8.866964454345982e-12,-2.6432189770275727e-12,3.6424522497722274e-10,3.801004899717242e-09,-3.405806241196796e-09,3.801942194414838e-10,-3.81036668883894e-09,3.400846985968098e-09,3.8301943017910273e-10,-1.7623402737143579e-13,2.1559490304134954e-13
946,0.9460000000000001,0.0007815631262524381,0.0,0.0,rev,6.376937256216805e-09,3,1.6983547427057507e+17,1.536365040051094e-11,4.504430546638494e-09,4.501870047923284e-09,3.291872568820752e-10,-7.30144493617794e-12,1.3067066526040172e-11,-3.4615643684787756e-12,-3.242200391253526e-10,-3.364346648493388e-09,2.977574103946168e-09,-3.2452678380371027e-10,3.354166007440984e-09,-2.985144333111922e-09,-3.291872303438793e-10,1.3047896096907152e-13,2.1149748619109232e-14
947,0.9470000000000001,0.002464929859719467,0.0,0.0,rev,2.001716186424985e-08,3,2.7137780474543286e+17,1.9557544814641057e-11,1.4135451615818136e-08,1.4134623299327596e-08,1.0429853330652933e-09,-7.301408265607024e-12,1.7614177477698334e-11,-4.350603211022985e-12,-1.0138184423795929e-09,-1.0540638493983234e-08,9.36365872339362e-09,-1.0303392233577331e-09,1.0529935492997744e-08,-9.372642925664643e-09,-1.042985298414409e-09,-2.0318469129421146e-13,1.7605882030036213e-13
948,0.9480000000000001,0.004148296593186385,0.0,0.0,rev,3.367123851780431e-08,3,5.2920073386061997e+17,2.3644027105045556e-11,2.377592980293656e-08,2.3777405954925478e-08,1.7583720719343723e-09,-7.301373844676207e-12,2.188267102243291e-11,-5.184463969243325e-12,-1.7045536125720247e-09,-1.773970776525191e-08,1.5738236984474963e-08,-1.7372463838444976e-09,1.7728150787654773e-08,-1.5749910431406278e-08,-1.7583720555052032e-09,2.1910251390977464e-13,9.88497478315864e-14
949,0.9490000000000001,0.0058316633266533024,0.0,0.0,rev,4.733912970018864e-08,3,3.5678996369612883e+17,2.8135977103798785e-11,3.342640235671345e-08,3.342963794706726e-08,2.4753467137305645e-09,-7.30133675755037e-12,2.6483083087613934e-11,-6.08029598891946e-12,-2.3964293234807558e-09,-2.494979541023401e-08,2.2115361403285405e-08,-2.445251832737364e-09,2.4937689087345394e-08,-2.2128558464784565e-08,-2.475346697408321e-09,-1.3350431871117507e-13,2.5096417999304066e-13
950,0.9500000000000001,0.00751503006012022,0.0,0.0,rev,6.102083040334225e-08,3,4.878591083738347e+17,3.2409544750744706e-11,4.3086353257273866e-08,4.3091830039655586e-08,3.193906629459851e-09,-7.301301888380305e-12,3.0808119944047974e-11,-6.9231009813819355e-12,-3.089449240254698e-09,-3.218160867651809e-08,2.8482155876863313e-08,-3.1543588985652717e-09,3.2168659958031753e-08,-2.8497949972061676e-08,-3.1939066242147086e-09,1.7721935030579061e-13,4.580710810664357e-14
951,0.9510000000000001,0.009198396793587138,0.0,0.0,rev,7.471632556540176e-08,3,3.690567111036303e+18,3.7064212550147415e-11,5.2756232784771645e-08,5.2763510497406305e-08,3.914050917954065e-09,-7.301264200655169e-12,3.5484016766562654e-11,-7.83147158234243e-12,-3.7836171554731254e-09,-3.9425284800720384e-08,3.485041258355359e-08,-3.864571155830181e-09,3.941176128507973e-08,-3.4867839081298424e-08,-3.9140509014218466e-09,2.270406085358445e-14,3.590270442055399e-13
952,0.9520000000000001,0.010881763527054056,0.0,0.0,rev,8.842560712675801e-08,3,6.69964281167693e+17,4.143789545170091e-11,6.243563130772719e-08,6.244507820754226e-08,4.6357771188943555e-09,-7.301228955825992e-12,3.985383377480556e-11,-8.686953933967345e-12,-4.47893677852384e-09,-4.6689571653324435e-08,4.1209599378755346e-08,-4.575891988633486e-09,4.6675215054081676e-08,-4.122951981905265e-08,-4.635777117334975e-09,4.62685445512534e-14,-1.1098240382256819e-13
953,0.9530000000000001,0.012565130260520974,0.0,0.0,rev,1.0214866127567292e-07,3,3.4209049578095386e+17,4.622251842990168e-11,7.21248923716327e-08,7.213616971207202e-08,5.359084207445565e-09,-7.301190551537452e-12,4.4618421804476505e-11,-9.613025653276708e-12,-5.1754119178386816e-09,-5.396686229147685e-08,4.756882367173976e-08,-5.2883249736433805e-09,5.395185617013132e-08,-4.759052232850003e-08,-5.359084178848547e-09,2.824129818890242e-13,4.761833288791095e-13
954,0.9540000000000001,0.014248496993988002,0.0,0.0,rev,1.1588547727682981e-07,3,2.4178668296222556e+18,5.0874296392798294e-11,8.182373746684395e-08,8.183704876884194e-08,6.083970023577564e-09,-7.301153311972153e-12,4.9238066748835685e-11,-1.0511896908482754e-11,-5.8730463340436394e-09,-6.126248521670652e-08,5.392160276618263e-08,-6.001873565499808e-09,6.124672699558964e-08,-5.394551415294213e-08,-6.0839699755146735e-09,5.482697629233257e-13,5.331290964250002e-13
955,0.9550000000000001,0.01593186372745492,0.0,0.0,rev,1.296360418060726e-07,3,9.999313091474988e+17,5.558974638853957e-11,9.153231757698668e-08,9.154754548828221e-08,6.810433098008659e-09,-7.301115645343431e-12,5.391246477026712e-11,-1.1417519707457302e-11,-6.571843844149568e-09,-6.857371273594204e-08,6.027123651553001e-08,-6.7165413212394645e-09,6.85572135797341e-08,-6.029717757732866e-08,-6.81043305563212e-09,5.09578490515139e-13,5.635023697658781e-13
956,0.9560000000000001,0.017615230460921838,0.0,0.0,rev,1.4340034179266502e-07,3,1.0575109657179551e+18,6.034628514999796e-11,1.012505430996834e-07,1.0126773104299761e-07,7.538471728492115e-09,-7.301077694376337e-12,5.861895517600413e-11,-1.2336388854894409e-11,-7.271808260527382e-09,-7.590147574343398e-08,6.66165089341364e-08,-7.43233177193574e-09,7.588423181492665e-08,-6.664455834415328e-08,-7.538471684458538e-09,5.719175133478416e-13,5.803465347176129e-13
957,0.9570000000000001,0.019298597194388756,0.0,0.0,rev,1.5717836335847345e-07,3,9.151471811230981e+17,6.515873248046679e-11,1.1097844531242673e-07,1.1099755457001712e-07,8.268084294482967e-09,-7.301039340248029e-12,6.337474121875797e-11,-1.3266401865941191e-11,-7.972943419894157e-09,-8.324540114179602e-08,7.295786925293202e-08,-8.149248480512714e-09,8.32273850115417e-08,-7.298800760308088e-08,-8.268084250430577e-09,6.035172361862351e-13,6.035102972923312e-13
958,0.9580000000000001,0.020981963927855674,0.0,0.0,rev,1.7097009203735454e-07,3,4.236813839708483e+17,7.000338045095912e-11,1.2071599157400667e-07,1.2073702830330805e-07,8.999269169146573e-09,-7.301000791434492e-12,6.816017542043973e-11,-1.4190107422429321e-11,-8.67525317301186e-09,-9.060549236578064e-08,7.929524170613433e-08,-8.867295021383036e-09,9.058671210371294e-08,-7.932747741329349e-08,-8.999269123154312e-09,6.606520885910072e-13,6.255655715659003e-13
959,0.9590000000000001,0.02266533066132259,0.0,0.0,rev,1.8477551284996941e-07,3,6.171226918062422e+17,7.490225859592281e-11,1.3046318030787486e-07,1.3048613266170198e-07,9.732024741466174e-09,-7.300961819607408e-12,7.299324165932486e-11,-1.513376923778509e-11,-9.378741386845354e-09,-9.798168224689485e-08,8.562867843259214e-08,-9.58647498554355e-09,9.796212549484373e-08,-8.566301584050917e-08,-9.732024694442984e-09,7.116945921481488e-13,6.393375412416802e-13
960,0.96,0.02434869739478951,0.0,0.0,rev,1.98594610143451e-07,3,4.371791622827613e+17,7.984698062597625e-11,1.4021999991205116e-07,1.4024485715000708e-07,1.0466349417416911e-08,-7.300922517675702e-12,7.786930995845598e-11,-1.608127520036362e-11,-1.0083411944956025e-08,-1.0537393745069235e-07,9.195817791268768e-08,-1.0306791980168604e-08,1.0535358916513582e-07,-9.199462618070253e-08,-1.0466349368020812e-08,7.661649092938205e-13,6.685693665353654e-13
961,0.961,0.026032064128256538,0.0,0.0,rev,2.1242736771123213e-07,3,1.7785097567315475e+17,8.483837515431093e-11,1.499864420102822e-07,1.5001318725714393e-07,1.1202241615964593e-08,-7.300882873092699e-12,8.278945237694124e-11,-1.7033895127749332e-11,-1.0789268747472507e-08,-1.1278219486793306e-07,9.828377784543152e-08,-1.1028249628968168e-08,1.1276104492502492e-07,-9.832233117956779e-08,-1.1202241564866788e-08,8.123918204816505e-13,6.963041254692826e-13
962,0.962,0.027715430861723456,0.0,0.0,rev,2.2627376869870102e-07,3,5.077829368200907e+17,8.98869522233417e-11,1.5976249127314616e-07,1.597911144994479e-07,1.1939699773080722e-08,-7.3008427909113e-12,8.7763572451105e-11,-1.7997700552108142e-11,-1.1496315710932372e-08,-1.2020639112569897e-07,1.0460550595170481e-07,-1.1750851571907698e-08,1.2018442730604706e-07,-1.0464617142269539e-07,-1.1939699721486577e-08,8.553296959590284e-13,7.074237029502939e-13
963,0.963,0.029398797595190373,0.0,0.0,rev,2.4013379568371655e-07,3,4.3252766738997e+18,9.498637061564202e-11,1.695481327101884e-07,1.6957862925895284e-07,1.2678722341044275e-08,-7.300802316606586e-12,9.278550150426668e-11,-1.89726012678193e-11,-1.2204556768745371e-08,-1.2764648437552095e-07,1.1092336600626584e-07,-1.2474601465552515e-08,1.2762368554325443e-07,-1.1096616920475144e-07,-1.2678722288838448e-08,8.955475250260747e-13,7.223579373549782e-13
964,0.964,0.03108216432865729,0.0,0.0,rev,2.5400743058511043e-07,3,9.621259551968036e+17,1.0011981482438231e-10,1.7934336030261896e-07,1.793757120189816e-07,1.3419307788435158e-08,-7.300761573818897e-12,9.783817332686962e-11,-1.9959159325289022e-11,-1.2913995871544824e-08,-1.3510241045344706e-07,1.172374013910793e-07,-1.319950298358189e-08,1.3507876769902616e-07,-1.1728233328262005e-07,-1.3419307735072712e-08,9.358624986077757e-13,7.458790529657477e-13
965,0.965,0.03276553106212421,0.0,0.0,rev,2.678946547187877e-07,3,2.8556453515511306e+17,1.0533176765892607e-10,1.8914816210258355e-07,1.8918234830182383e-07,1.4161454598289542e-08,-7.30072023392592e-12,1.0296800738440748e-10,-2.095400242208001e-11,-1.3624636985796076e-08,-1.4257411785900675e-07,1.2354763215260967e-07,-1.3925559815314479e-08,1.4254961187148973e-07,-1.2359469182821048e-07,-1.4161454543251274e-08,9.917205945342289e-13,7.585078398708589e-13
966,0.966,0.03444889779559113,0.0,0.0,rev,2.817954487633839e-07,3,4.037652672514398e+17,1.1059962883377574e-10,1.9896251926908176e-07,1.989985296556465e-07,1.490516126950905e-08,-7.300678460140316e-12,1.0815157450161372e-10,-2.1959392637604935e-11,-1.4336484096170942e-08,-1.500615463070898e-07,1.2985407817078798e-07,-1.4652775668176193e-08,1.500361498166236e-07,-1.2990328986800526e-07,-1.4905161214612276e-08,1.0083600621157984e-12,7.872105745043712e-13
967,0.967,0.036132264529058045,0.0,0.0,rev,2.9570979279341833e-07,3,4.3347709328121395e+17,1.1591497030903702e-10,2.0878641643686542e-07,2.0882424328853823e-07,1.5650426322221512e-08,-7.300636319695324e-12,1.1338081688794244e-10,-2.2973276059268244e-11,-1.5049541204360564e-08,-1.575646340762349e-07,1.361567665836283e-07,-1.538115426634988e-08,1.575383430305055e-07,-1.3620813174575197e-07,-1.56504262657686e-08,1.0706574515850775e-12,7.878558916374345e-13
968,0.968,0.03781563126252507,0.0,0.0,rev,3.0963766618389314e-07,3,4.64512805526181e+17,1.2130986297606687e-10,2.1861984952210035e-07,2.1865946411551538e-07,1.6397248286679986e-08,-7.300593547628452e-12,1.1868647731283488e-10,-2.4006338583681952e-11,-1.5763812328752268e-08,-1.6508332775083678e-07,1.4245573250887267e-07,-1.611069935060946e-08,1.6505611993844482e-07,-1.425092414006346e-07,-1.6397248230551076e-08,1.090447176999021e-12,8.072448959284273e-13
969,0.969,0.03949899799599199,0.0,0.0,rev,3.2357904773075097e-07,3,4.8416837205605274e+17,1.267516809525787e-10,2.284627903035747e-07,2.2850419039889748e-07,1.71456257162063e-08,-7.300550429998607e-12,1.2403920425507753e-10,-2.50392970246871e-11,-1.6479301506112223e-08,-1.726175745883629e-07,1.4875097350403044e-07,-1.6841414679912e-08,1.725894295881436e-07,-1.4880665501204593e-07,-1.7145625660146698e-08,1.1204648320273236e-12,8.166470971682216e-13
970,0.97,0.04118236472945891,0.0,0.0,rev,3.375339155747993e-07,3,3.6018791854627475e+17,1.32286276020393e-10,2.3831524390595392e-07,2.3835838608876118e-07,1.789555718058785e-08,-7.300506573650154e-12,1.2948146027591534e-10,-2.6094307270518868e-11,-1.7196012789764925e-08,-1.8016731894582305e-07,1.550425419230561e-07,-1.757330402965588e-08,1.801381949856351e-07,-1.551003865618572e-07,-1.789555712318646e-08,1.151106987506978e-12,8.540564089276614e-13
971,0.971,0.04286573146292583,0.0,0.0,rev,3.515022471660429e-07,3,8.163947626822915e+17,1.3788550971291982e-10,2.4817718143363876e-07,2.482220482111604e-07,1.8647041263301116e-08,-7.300462210775997e-12,1.3498654451160608e-10,-2.7161550786303224e-11,-1.7913950251721636e-08,-1.8773251444365036e-07,1.6133042735760883e-07,-1.8306371193676123e-08,1.8770237351223296e-07,-1.6139046121049772e-07,-1.864704120538795e-08,1.1853851233922796e-12,8.687234959170453e-13
972,0.972,0.044549098196392745,0.0,0.0,rev,3.654840193201592e-07,3,3.1938607153256954e+17,1.4355568737525213e-10,2.580485730397966e-07,2.580951738240901e-07,1.9400076572545554e-08,-7.300417295848117e-12,1.4056115299476701e-10,-2.8240070004681428e-11,-1.8633117981653965e-08,-1.9531306078707233e-07,1.6761468088488662e-07,-1.9040619983508126e-08,1.9528190041417925e-07,-1.6767693017394336e-07,-1.9400076513125002e-08,1.2378154057302027e-12,8.793972494647306e-13
973,0.973,0.04623246492985966,0.0,0.0,rev,3.794792081930972e-07,3,3.571037646421312e+17,1.4930921981766451e-10,2.679294258338708e-07,2.6797772209755685e-07,2.0154661727595765e-08,-7.300371724046187e-12,1.4621699337413752e-10,-2.933493725709724e-11,-1.935352008698018e-08,-2.0290892659147186e-07,1.7389533057965423e-07,-1.9776054228090265e-08,2.028767057959957e-07,-1.7395979266809913e-07,-2.0154661668330276e-08,1.2602557886154386e-12,8.948224106131164e-13
974,0.974,0.04791583166332669,0.0,0.0,rev,3.934877892961801e-07,3,3.3294443985092826e+17,1.5516546521811282e-10,2.778197210114052e-07,2.778696771923818e-07,2.0910795370332597e-08,-7.300325340971982e-12,1.5197305046343867e-10,-3.045026730763567e-11,-2.0075160693078777e-08,-2.1052006843325088e-07,1.8017237882889114e-07,-2.051267777419681e-08,2.1048672292633963e-07,-1.8023908295722313e-07,-2.0910795311642604e-08,1.2725098752497388e-12,9.139078382958132e-13
975,0.975,0.04959919839679361,0.0,0.0,rev,4.0750973739261483e-07,3,2.5689356303935392e+17,1.6110343945013478e-10,2.877194258335386e-07,2.8777103616283884e-07,2.1668476163881025e-08,-7.300278314126266e-12,1.5780889789374086e-10,-3.158125844171522e-11,-2.079804394457559e-08,-2.1814639319245321e-07,1.8644586481653125e-07,-2.125049448774169e-08,2.1811191921322637e-07,-1.8651481559217586e-07,-2.1668476104078762e-08,1.3195278203426142e-12,9.2222236791617e-13
976,0.976,0.05128256513026053,0.0,0.0,rev,4.21545026668159e-07,3,6.492413331910323e+17,1.6717135480212104e-10,2.9762854398151743e-07,2.9768175879232005e-07,2.2427702783609183e-08,-7.30023026538824e-12,1.637723238273603e-10,-3.2735217314616705e-11,-2.152217400329969e-08,-2.2578786407212448e-07,1.9271581838675722e-07,-2.1989508251706656e-08,2.257521941537166e-07,-1.927870272588894e-07,-2.242770272493508e-08,1.320957232486819e-12,9.417657625965248e-13
977,0.977,0.052965931863727445,0.0,0.0,rev,4.3559363058200845e-07,3,2.7028797819804605e+18,1.7333788976729357e-10,3.075470455975116e-07,3.0760183741105103e-07,2.318847392949006e-08,-7.300181444579682e-12,1.6983269825188163e-10,-3.3905545038237506e-11,-2.224755505091113e-08,-2.3344443478290344e-07,1.989822289022447e-07,-2.2729722968650457e-08,2.334075035539951e-07,-1.990557393222181e-07,-2.3188473872421123e-08,1.327993270905381e-12,9.397430750235358e-13
978,0.978,0.05464929859719436,0.0,0.0,rev,4.4965552186754027e-07,3,6.077944418749444e+17,1.7963407362418932e-10,3.174749126699871e-07,3.175312514404937e-07,2.3950788324972273e-08,-7.300131593699651e-12,1.7601945942469222e-10,-3.5103538131853185e-11,-2.2974191287211014e-08,-2.411160120174838e-07,2.0524515940284482e-07,-2.3471142559300035e-08,2.4107777574222666e-07,-2.0532098565784196e-07,-2.3950788266596208e-08,1.3693768341482837e-12,9.597461714250244e-13
979,0.979,0.05633266533066128,0.0,0.0,rev,4.637306726188196e-07,3,6.144443602062601e+17,1.860438697501841e-10,3.2741212147282794e-07,3.2746998513605864e-07,2.4714644703759e-08,-7.300080840570713e-12,1.8231697922199697e-10,-3.632560224842152e-11,-2.370208693149688e-08,-2.488025403618588e-07,2.115046199777093e-07,-2.4213770963627053e-08,2.4876294672793176e-07,-2.1158279891325682e-07,-2.4714644646415337e-08,1.3769402285035426e-12,9.687580598827239e-13
980,0.98,0.0580160320641282,0.0,0.0,rev,4.778190542311778e-07,3,1.3653788979271903e+18,1.926391378589045e-10,3.373586706245843e-07,3.3741799937089355e-07,2.5480041826825326e-08,-7.300028626601108e-12,1.887967872316043e-10,-3.7580848155638336e-11,-2.4431246220717815e-08,-2.565039855864648e-07,2.1776063058309703e-07,-2.4957612139049087e-08,2.56462939884905e-07,-2.1784119069029328e-07,-2.5480041769295285e-08,1.4073742171660797e-12,9.752094964898816e-13
981,0.981,0.05969939879759523,0.0,0.0,rev,4.919206373753956e-07,3,4.341535709942223e+17,1.9940403940874216e-10,3.473145401838944e-07,3.4737527259686566e-07,2.6246978472726705e-08,-7.299975089857207e-12,1.954445182084097e-10,-3.8860283047004174e-11,-2.5161673412693618e-08,-2.642202873506805e-07,2.2401321337489621e-07,-2.57026700637464e-08,2.6417770134651297e-07,-2.2409617327079356e-07,-2.6246978415077944e-08,1.428662743663267e-12,9.9253938401489e-13
982,0.982,0.061382765531062145,0.0,0.0,rev,5.060353920017314e-07,3,2.5537154688368944e+17,2.063466775009577e-10,3.5727968785171414e-07,3.5734180458378546e-07,2.701545344390945e-08,-7.299920128033312e-12,2.0226467375983326e-10,-4.018288479734622e-11,-2.5893372784252326e-08,-2.7195137400348735e-07,2.3026236942863543e-07,-2.6448948734867545e-08,2.719071527171324e-07,-2.303478211646004e-07,-2.701545338548894e-08,1.4594575548088073e-12,1.0131617766973022e-12
983,0.983,0.06306613226452906,0.0,0.0,rev,5.201632874064803e-07,3,4.3820045311028166e+17,2.135040644548567e-10,3.67254125204514e-07,3.673175402909531e-07,2.778546556029385e-08,-7.299863491969387e-12,2.0929756885945672e-10,-4.153583033073005e-11,-2.662634863158978e-08,-2.796972028290545e-07,2.36508149474568e-07,-2.7196452168590605e-08,2.796512436481491e-07,-2.365960910938325e-07,-2.7785465501004477e-08,1.4924034230645589e-12,1.0331978328448344e-12
984,0.984,0.06474949899799598,0.0,0.0,rev,5.343042921187946e-07,3,5.001447823015066e+17,2.2092001664082802e-10,3.7723781604987613e-07,3.7730247134549694e-07,2.8557013664118832e-08,-7.299804794227268e-12,2.165826355066125e-10,-4.2945647038550305e-11,-2.7360605270339458e-08,-2.874577259073807e-07,2.427505364638316e-07,-2.794518440058566e-08,2.8740986932063173e-07,-2.4284107677519096e-07,-2.855701360566321e-08,1.501063162656635e-12,1.0418471640960547e-12
985,0.985,0.0664328657314629,0.0,0.0,rev,5.484583739689097e-07,3,8.117164771298304e+17,2.2862953824297941e-10,3.872307615975504e-07,3.872965509915249e-07,2.9330096621130117e-08,-7.299743777732457e-12,2.2415602533853995e-10,-4.441008671918212e-11,-2.809614703657522e-08,-2.9523290064753516e-07,2.489895652921237e-07,-2.8695149486643024e-08,2.951829749867074e-07,-2.4908275348539677e-07,-2.9330096563699304e-08,1.5062395775089499e-12,1.0488779983441887e-12
986,0.986,0.06811623246492982,0.0,0.0,rev,5.626255000498289e-07,3,3.794387005042052e+17,2.366627094743727e-10,3.972329280639164e-07,3.972997664165062e-07,3.010471332265095e-08,-7.299680208783268e-12,2.3204766580464664e-10,-4.5932924130909214e-11,-2.8832978286714542e-08,-3.030226458367036e-07,2.5522526248683564e-07,-2.944635150291357e-08,3.029704922982712e-07,-2.553211655431653e-07,-3.010471326377401e-08,1.5550616350168411e-12,1.0614755602267323e-12
987,0.987,0.06979959919839673,0.0,0.0,rev,5.768056367274721e-07,3,3.943608679870373e+17,2.451182936970184e-10,4.072443050436051e-07,4.07312080360868e-07,3.088086267026157e-08,-7.299613279733787e-12,2.403522207650166e-10,-4.754475285695392e-11,-2.9571103395963574e-08,-3.1082697161260997e-07,2.614575827022958e-07,-3.0198794543969626e-08,3.1077233985515873e-07,-2.6155633503499587e-07,-3.0880862612536004e-08,1.5442369605267459e-12,1.0865371102841692e-12
988,0.988,0.07148296593186376,0.0,0.0,rev,5.909987496279018e-07,3,1.4424233582783268e+18,2.540306566266509e-10,4.172648767422852e-07,4.1733345993877497e-07,3.1658543601139914e-08,-7.299542770276038e-12,2.49108060568215e-10,-4.922870444623584e-11,-3.031052676186335e-08,-3.1864580012086474e-07,2.676865767936576e-07,-3.0952482726792464e-08,3.1858844812965303e-07,-2.67788277032166e-07,-3.1658543544225725e-08,1.5625417626452531e-12,1.0780092096762672e-12
989,0.989,0.07316633266533068,0.0,0.0,rev,6.052048036730114e-07,3,2.9254344628982957e+17,2.63515399331924e-10,4.272946479267201e-07,4.273638506562339e-07,3.2437755069967417e-08,-7.299467716354178e-12,2.584243097292216e-10,-5.102900740849847e-11,-3.105125280085154e-08,-3.264791525320332e-07,2.739122100386959e-07,-3.1707420186935747e-08,3.264187138085628e-07,-2.7401701339219153e-07,-3.2437755011976384e-08,1.5927537067028652e-12,1.1069478667025123e-12
990,0.99,0.0748496993987976,0.0,0.0,rev,6.194237629893609e-07,3,1.9519211219204705e+18,2.737353027860818e-10,4.3733359200234927e-07,4.374032282130756e-07,3.321849605245181e-08,-7.299386859674294e-12,2.6846343724462596e-10,-5.296336286209069e-11,-3.179328594985057e-08,-3.343269758190881e-07,2.8013448716973643e-07,-3.2463611080436324e-08,3.3426305057898675e-07,-2.8024259316611344e-07,-3.321849599416185e-08,1.6148193893172902e-12,1.1247079656495629e-12
991,0.991,0.07653306613226452,0.0,0.0,rev,6.336555910009574e-07,3,3.309568802054205e+17,2.8482861800061026e-10,4.4738173290372265e-07,4.47451516799163e-07,3.4000765544639196e-08,-7.299299080961756e-12,2.793589665150975e-10,-5.5069317161926534e-11,-3.2536630666826135e-08,-3.4218936822288937e-07,2.8635331127124797e-07,-3.32210595837479e-08,3.421214047269472e-07,-2.864649463960034e-07,-3.4000765486035005e-08,1.6359413823607838e-12,1.1440588060240842e-12
992,0.992,0.07821643286573143,0.0,0.0,rev,6.479002503954916e-07,3,9.565211723723507e+17,2.9708875023579034e-10,4.5743906347423155e-07,4.575086705357061e-07,3.478456257140193e-08,-7.299202087192496e-12,2.914015105603962e-10,-5.7389953900255364e-11,-3.328129142906061e-08,-3.500663036878904e-07,2.9256868502164357e-07,-3.397976989310794e-08,3.499936122586256e-07,-2.9268418172412325e-07,-3.478456251389913e-08,1.633831958613996e-12,1.1536951949331353e-12
993,0.993,0.07989979959919835,0.0,0.0,rev,6.621577031153708e-07,3,6.123103081168172e+17,3.1089518750171604e-10,4.6750562179814896e-07,4.67574597175613e-07,3.556988617349336e-08,-7.299092856550005e-12,3.0496194979023894e-10,-6.000624996893578e-11,-3.402727273305431e-08,-3.5795793767307016e-07,2.9878046452214146e-07,-3.473974622307273e-08,3.578795977135507e-07,-2.9890023000439525e-07,-3.5569886116018053e-08,1.656341730438271e-12,1.1598760146780407e-12
994,0.994,0.08158316633266527,0.0,0.0,rev,6.764279104234535e-07,3,9.350213873803944e+17,3.2678286571900573e-10,4.775814635175123e-07,4.77649185812906e-07,3.635673540813816e-08,-7.298967168957322e-12,3.205666270628127e-10,-6.301431598743079e-11,-3.47745790939624e-08,-3.658645043383424e-07,3.0498843815729426e-07,-3.550099280661668e-08,3.657792355324374e-07,-3.0511305293412505e-07,-3.6356735351368514e-08,1.6658202595110083e-12,1.1631685198354447e-12
995,0.995,0.0832665330661323,0.0,0.0,rev,6.907108328818079e-07,3,1.6014047532081746e+18,3.45633986368228e-10,4.876666794153294e-07,4.877322891058668e-07,3.714510935514622e-08,-7.298818051745103e-12,3.3908235767821093e-10,-6.657878415250451e-11,-3.552321504243731e-08,-3.7378631515677663e-07,3.1119235531507083e-07,-3.626351389195102e-08,3.736923348957033e-07,-3.1132263367261714e-07,-3.714510929705806e-08,1.7024021081724072e-12,1.1904661284534157e-12
996,0.996,0.08494989979959922,0.0,0.0,rev,7.050064305787505e-07,3,4.418415510023074e+17,3.688113828459519e-10,4.97761456275715e-07,4.978236625741155e-07,3.793500709275124e-08,-7.29863469822878e-12,3.618450521852834e-10,-7.09698827483507e-11,-3.627318512106333e-08,-3.81724006286166e-07,3.173917239307489e-07,-3.7027313738344884e-08,3.8161861619367965e-07,-3.175289102277934e-07,-3.793500703637382e-08,1.692701534494745e-12,1.1883254796840603e-12
997,0.997,0.08663326653306613,0.0,0.0,rev,7.193146634076171e-07,3,3.6402138095154624e+17,3.990367748160404e-10,5.078661603262651e-07,5.079228807183789e-07,3.872642768272954e-08,-7.298395624238209e-12,3.915312813546068e-10,-7.66833541110401e-11,-3.7024493866782754e-08,-3.896788529703099e-07,3.235855608740845e-07,-3.779239659722753e-08,3.895577875140388e-07,-3.23731551912787e-07,-3.8726427625723924e-08,1.7144202724139745e-12,1.2149118516768809e-12
998,0.998,0.08831663326653305,0.0,0.0,rev,7.336354918911327e-07,3,3.1675509034874643e+17,4.4120802046579925e-10,5.179814933795576e-07,5.180291808369509e-07,3.951937013045533e-08,-7.298062058984281e-12,4.3294782862968173e-10,-8.466069512103047e-11,-3.777714579351508e-08,-3.9765324663654233e-07,3.2977205791095976e-07,-3.8558766694535484e-08,3.975091250954521e-07,-3.299302186454689e-07,-3.9519370074796546e-08,1.7108814365229819e-12,1.2132950893972705e-12
999,0.999,0.09,0.0,0.0,rev,7.479688807390392e-07,3,9.026525784653601e+17,5.069745166838812e-10,5.281091337251057e-07,5.281408214271909e-07,4.031383322360918e-08,-7.297541902986454e-12,4.97537450475094e-10,-9.708960718723958e-11,-3.853114529627374e-08,-4.056529570514722e-07,3.3594685056037576e-07,-3.932642812807279e-08,4.0547126850531967e-07,-3.3612380118813734e-07,-4.031383316907379e-08,1.715363961984906e-12,1.2060630272259232e-12
